
[1m[30m[46m RUN [49m[39m[22m [36mv4.1.10 [39m[90m/home/figs/flesh_beast_best_beast/source/WORKTREES/openclaw-85651-continuation-drift-cure-candidate-20260823[39m

 [32m✓[39m [30m[42m commands [49m[39m src/commands/doctor-state-migrations.test.ts [2m([22m[2m97 tests[22m[2m)[22m[33m 12705[2mms[22m[39m
     [33m[2m✓[22m[39m routes shared auth relocation through the doctor-only migration plan [33m 447[2mms[22m[39m
     [33m[2m✓[22m[39m imports plugin-state legacy plans through doctor [33m 306[2mms[22m[39m
     [33m[2m✓[22m[39m imports deferred entries on a later run once the namespace frees capacity [33m 451[2mms[22m[39m
 [32m✓[39m [30m[42m commands [49m[39m src/commands/doctor-session-sqlite.test.ts [2m([22m[2m87 tests[22m[2m | [22m[33m2 skipped[39m[2m)[22m[33m 15593[2mms[22m[39m
     [33m[2m✓[22m[39m imports zero legacy records without parsing canonical entry JSON [33m 309[2mms[22m[39m
     [33m[2m✓[22m[39m migrates a dormant historical agent database before all-agent import compaction [33m 415[2mms[22m[39m
     [33m[2m✓[22m[39m compacts migrated agent SQLite databases and reports reclaimed pages [33m 333[2mms[22m[39m
     [33m[2m✓[22m[39m repairs canonical index corruption in place during recovery [33m 352[2mms[22m[39m
     [33m[2m✓[22m[39m restores the pre-migration session index when several manifests share one store [33m 330[2mms[22m[39m
     [33m[2m✓[22m[39m fails closed when several manifests contain distinct nonempty session indexes [33m 314[2mms[22m[39m
     [33m[2m✓[22m[39m keeps restore clean when a later migration re-archived an already restored path [33m 327[2mms[22m[39m
     [33m[2m✓[22m[39m partitions the retired top-level store without guessing unscoped ownership [33m 476[2mms[22m[39m
     [33m[2m✓[22m[39m imports shared custom stores into per-agent SQLite targets [33m 359[2mms[22m[39m
 [32m✓[39m [30m[42m commands [49m[39m src/commands/doctor-config-flow.test.ts [2m([22m[2m66 tests[22m[2m)[22m[33m 17479[2mms[22m[39m
     [33m[2m✓[22m[39m previews and applies the legacy Tailscale Serve migration through Doctor [33m 495[2mms[22m[39m
     [33m[2m✓[22m[39m previews and persists pre-parse context-budget cleanup with every path reported [33m 353[2mms[22m[39m
     [33m[2m✓[22m[39m removes a legacy list when Doctor persists keyed roster entries [33m 301[2mms[22m[39m
     [33m[2m✓[22m[39m does not rematerialize explicit roles or touch single-agent configs [33m 545[2mms[22m[39m
     [33m[2m✓[22m[39m enables Doctor-only state migrations only for explicit repair [33m 339[2mms[22m[39m
     [33m[2m✓[22m[39m previews and repairs hooks token reuse of gateway auth [33m 336[2mms[22m[39m
     [33m[2m✓[22m[39m repairs generic legacy config surfaces in one pass [33m 421[2mms[22m[39m
     [33m[2m✓[22m[39m keeps discord streaming aliases on disk during repair so downgrades stay recoverable [33m 341[2mms[22m[39m
     [33m[2m✓[22m[39m converts numeric discord ids to strings on repair [33m 338[2mms[22m[39m
     [33m[2m✓[22m[39m repairs dmPolicy="allowlist" by restoring allowFrom from pairing store on repair [33m 378[2mms[22m[39m
     [33m[2m✓[22m[39m migrates legacy toolsBySender keys to typed id entries on repair [33m 304[2mms[22m[39m
     [33m[2m✓[22m[39m does not report repeat talk provider normalization on consecutive repair runs [33m 582[2mms[22m[39m
 [32m✓[39m [30m[42m commands [49m[39m src/commands/doctor/shared/codex-route-warnings.test.ts [2m([22m[2m132 tests[22m[2m)[22m[33m 10233[2mms[22m[39m
     [33m[2m✓[22m[39m keeps Codex disabled when implicit defaults resolve to a configured provider [33m 1795[2mms[22m[39m
     [33m[2m✓[22m[39m keeps the Codex plugin disabled when a bare model resolves to a configured provider [33m 1561[2mms[22m[39m
     [33m[2m✓[22m[39m keeps the Codex plugin disabled when a bare model case-insensitively resolves to a configured provider [33m 1551[2mms[22m[39m
     [33m[2m✓[22m[39m re-enables the Codex plugin when a provider-prefixed catalog model does not claim a bare model [33m 3740[2mms[22m[39m
     [33m[2m✓[22m[39m preserves legacy provider catalog runtime pins while repairing listed-agent legacy refs [33m 1492[2mms[22m[39m
 [32m✓[39m [30m[42m commands [49m[39m src/commands/agent-via-gateway.test.ts [2m([22m[2m105 tests[22m[2m)[22m[33m 4242[2mms[22m[39m
 [32m✓[39m [30m[42m commands [49m[39m src/commands/doctor/cron/index.test.ts [2m([22m[2m66 tests[22m[2m)[22m[33m 1250[2mms[22m[39m
     [33m[2m✓[22m[39m reports legacy cron store, run-log, and payload findings without mutating files [33m 397[2mms[22m[39m
│
◇  Auth profile SQLite migration ──────────────────────────────────────────────────────╮
│                                                                                      │
│  - /tmp/openclaw-doctor-flat-auth-S7qOt7/state/agents/main/agent/auth-profiles.json  │
│    /                                                                                 │
│    /tmp/openclaw-doctor-flat-auth-S7qOt7/state/agents/main/agent/auth-state.json     │
│  - openclaw doctor --fix imports legacy auth profile JSON into SQLite,               │
│    verifies it, records a receipt, and archives the original bytes.                  │
│                                                                                      │
├──────────────────────────────────────────────────────────────────────────────────────╯
│
◇  Doctor changes ──────────────────────────────────────────────────────────────────────────────────────────────────────────────────────────────────────────────╮
│                                                                                                                                                               │
│  - Migrated auth profile JSON for                                                                                                                             │
│    /tmp/openclaw-doctor-flat-auth-S7qOt7/state/agents/main/agent/auth-profiles.json                                                                           │
│    into SQLite (archive:                                                                                                                                      │
│    /tmp/openclaw-doctor-flat-auth-S7qOt7/state/agents/main/agent/auth-profiles.json.migrated-1970-01-01T00-00-00.123Z-68ceed25-d977-4971-a475-894b0d202aa7).  │
│                                                                                                                                                               │
├───────────────────────────────────────────────────────────────────────────────────────────────────────────────────────────────────────────────────────────────╯
│
◇  Auth profile SQLite migration ─────────────────────────────────────────────────────────────╮
│                                                                                             │
│  - /tmp/openclaw-doctor-flat-auth-FUMfYg/state/agents/retired-ops/agent/auth-profiles.json  │
│    /                                                                                        │
│    /tmp/openclaw-doctor-flat-auth-FUMfYg/state/agents/retired-ops/agent/auth-state.json     │
│  - openclaw doctor --fix imports legacy auth profile JSON into SQLite,                      │
│    verifies it, records a receipt, and archives the original bytes.                         │
│                                                                                             │
├─────────────────────────────────────────────────────────────────────────────────────────────╯
│
◇  Doctor changes ─────────────────────────────────────────────────────────────────────────────────────────────────────────────────────────────────────────────────────╮
│                                                                                                                                                                      │
│  - Migrated auth profile JSON for                                                                                                                                    │
│    /tmp/openclaw-doctor-flat-auth-FUMfYg/state/agents/retired-ops/agent/auth-profiles.json                                                                           │
│    into SQLite (archive:                                                                                                                                             │
│    /tmp/openclaw-doctor-flat-auth-FUMfYg/state/agents/retired-ops/agent/auth-profiles.json.migrated-2026-08-09T12-00-00.000Z-ffd84d89-b64d-4dc6-905b-81c4ce6b329d).  │
│                                                                                                                                                                      │
├──────────────────────────────────────────────────────────────────────────────────────────────────────────────────────────────────────────────────────────────────────╯
│
◇  Auth profile SQLite migration ─────────────────────────────────────────╮
│                                                                         │
│  - /tmp/openclaw-doctor-flat-auth-uy8k9a/state/credentials/oauth.json   │
│    (shared-main owner)                                                  │
│  - openclaw doctor --fix imports legacy auth profile JSON into SQLite,  │
│    verifies it, records a receipt, and archives the original bytes.     │
│                                                                         │
├─────────────────────────────────────────────────────────────────────────╯
│
◇  Doctor changes ────────────────────────────────────────────────────────────────────────────────────────────────────────────────────────────────╮
│                                                                                                                                                 │
│  - Migrated shared legacy OAuth credentials into the shared-main SQLite                                                                         │
│    owner (archive:                                                                                                                              │
│    /tmp/openclaw-doctor-flat-auth-uy8k9a/state/credentials/oauth.json.migrated-2026-07-25T12-00-00.000Z-280edbbd-2c64-4104-b15c-8a5f3ca8141c).  │
│                                                                                                                                                 │
├─────────────────────────────────────────────────────────────────────────────────────────────────────────────────────────────────────────────────╯
│
◇  Auth profile SQLite migration ──────────────────────────────────────────────────────╮
│                                                                                      │
│  - /tmp/openclaw-doctor-flat-auth-6AraJT/state/agents/main/agent/auth-profiles.json  │
│    /                                                                                 │
│    /tmp/openclaw-doctor-flat-auth-6AraJT/state/agents/main/agent/auth-state.json     │
│  - /tmp/openclaw-doctor-flat-auth-6AraJT/state/credentials/oauth.json                │
│    (shared-main owner)                                                               │
│  - openclaw doctor --fix imports legacy auth profile JSON into SQLite,               │
│    verifies it, records a receipt, and archives the original bytes.                  │
│                                                                                      │
├──────────────────────────────────────────────────────────────────────────────────────╯
│
◇  Doctor changes ──────────────────────────────────────────────────────────────────────────────────────────────────────────────────────────────────────────────╮
│                                                                                                                                                               │
│  - Migrated auth profile JSON for                                                                                                                             │
│    /tmp/openclaw-doctor-flat-auth-6AraJT/state/agents/main/agent/auth-profiles.json                                                                           │
│    into SQLite (archive:                                                                                                                                      │
│    /tmp/openclaw-doctor-flat-auth-6AraJT/state/agents/main/agent/auth-profiles.json.migrated-2026-08-23T13-53-42.483Z-2763d77c-9558-4d8c-a84b-725845e90a44).  │
│  - Migrated shared legacy OAuth credentials into the shared-main SQLite                                                                                       │
│    owner (archive:                                                                                                                                            │
│    /tmp/openclaw-doctor-flat-auth-6AraJT/state/credentials/oauth.json.migrated-2026-08-23T13-53-42.565Z-65b4c6ca-5a7a-46b0-a325-c9846e33a725).                │
│                                                                                                                                                               │
├───────────────────────────────────────────────────────────────────────────────────────────────────────────────────────────────────────────────────────────────╯
│
◇  Doctor warnings ────────────────────────────────────────────────────────────────────╮
│                                                                                      │
│  - Migrated 1 legacy OAuth sidecar profile from                                      │
│    /tmp/openclaw-doctor-flat-auth-6AraJT/state/agents/main/agent/auth-profiles.json  │
│    into SQLite as configured-unavailable without credentials;                        │
│    re-authenticate this profile to restore access.                                   │
│                                                                                      │
├──────────────────────────────────────────────────────────────────────────────────────╯
│
◇  Auth profile SQLite migration ─────────────────────────────────────────╮
│                                                                         │
│  - /tmp/openclaw-doctor-flat-auth-KjiiMi/state/credentials/oauth.json   │
│    (shared-main owner)                                                  │
│  - openclaw doctor --fix imports legacy auth profile JSON into SQLite,  │
│    verifies it, records a receipt, and archives the original bytes.     │
│                                                                         │
├─────────────────────────────────────────────────────────────────────────╯
│
◇  Doctor changes ────────────────────────────────────────────────────────────────────────────────────────────────────────────────────────────────╮
│                                                                                                                                                 │
│  - Migrated shared legacy OAuth credentials into the shared-main SQLite                                                                         │
│    owner (archive:                                                                                                                              │
│    /tmp/openclaw-doctor-flat-auth-KjiiMi/state/credentials/oauth.json.migrated-2026-08-23T13-53-42.755Z-37a78043-b4b8-4181-bcd9-200d59452546).  │
│                                                                                                                                                 │
├─────────────────────────────────────────────────────────────────────────────────────────────────────────────────────────────────────────────────╯
│
◇  Auth profile SQLite migration ──────────────────────────────────────────────────────╮
│                                                                                      │
│  - /tmp/openclaw-doctor-flat-auth-ke3gcs/state/agents/main/agent/auth-profiles.json  │
│    /                                                                                 │
│    /tmp/openclaw-doctor-flat-auth-ke3gcs/state/agents/main/agent/auth-state.json     │
│  - openclaw doctor --fix imports legacy auth profile JSON into SQLite,               │
│    verifies it, records a receipt, and archives the original bytes.                  │
│                                                                                      │
├──────────────────────────────────────────────────────────────────────────────────────╯
│
◇  Doctor warnings ─────────────────────────────────────────────────────────────────────╮
│                                                                                       │
│  - Failed to migrate auth profile JSON for                                            │
│    /tmp/openclaw-doctor-flat-auth-ke3gcs/state/agents/main/agent/auth-profiles.json:  │
│    Error: legacy auth source set changed during migration; retry Doctor               │
│                                                                                       │
├───────────────────────────────────────────────────────────────────────────────────────╯
│
◇  Auth profile SQLite migration ─────────────────────────────────────────╮
│                                                                         │
│  - /tmp/openclaw-doctor-flat-auth-IRhC2B/state/credentials/oauth.json   │
│    (shared-main owner)                                                  │
│  - openclaw doctor --fix imports legacy auth profile JSON into SQLite,  │
│    verifies it, records a receipt, and archives the original bytes.     │
│                                                                         │
├─────────────────────────────────────────────────────────────────────────╯
│
◇  Doctor changes ────────────────────────────────────────────────────────────────────────────────────────────────────────────────────────────────╮
│                                                                                                                                                 │
│  - Migrated shared legacy OAuth credentials into the shared-main SQLite                                                                         │
│    owner (archive:                                                                                                                              │
│    /tmp/openclaw-doctor-flat-auth-IRhC2B/state/credentials/oauth.json.migrated-2026-08-23T13-53-43.025Z-cf360cf9-cde1-49f7-8cd8-845a0f120939).  │
│                                                                                                                                                 │
├─────────────────────────────────────────────────────────────────────────────────────────────────────────────────────────────────────────────────╯
│
◇  Auth profile SQLite migration ─────────────────────────────────────────╮
│                                                                         │
│  - /tmp/openclaw-doctor-flat-auth-IRhC2B/state/credentials/oauth.json   │
│    (shared-main owner)                                                  │
│  - openclaw doctor --fix imports legacy auth profile JSON into SQLite,  │
│    verifies it, records a receipt, and archives the original bytes.     │
│                                                                         │
├─────────────────────────────────────────────────────────────────────────╯
│
◇  Doctor changes ─────────────────────────────────────────────────────────────────────────────────────────────────────────────────────────────────╮
│                                                                                                                                                  │
│  - Archived a previously migrated legacy auth source without replaying                                                                           │
│    credentials                                                                                                                                   │
│    (/tmp/openclaw-doctor-flat-auth-IRhC2B/state/credentials/oauth.json.migrated-2026-08-23T13-53-43.102Z-59679a09-901d-45d3-9e84-a34e999d4135).  │
│                                                                                                                                                  │
├──────────────────────────────────────────────────────────────────────────────────────────────────────────────────────────────────────────────────╯
│
◇  Auth profile SQLite migration ─────────────────────────────────────────╮
│                                                                         │
│  - /tmp/openclaw-doctor-flat-auth-oryTga/state/credentials/oauth.json   │
│    (shared-main owner)                                                  │
│  - openclaw doctor --fix imports legacy auth profile JSON into SQLite,  │
│    verifies it, records a receipt, and archives the original bytes.     │
│                                                                         │
├─────────────────────────────────────────────────────────────────────────╯
│
◇  Doctor changes ────────────────────────────────────────────────────────────────────────────────────────────────────────────────────────────────╮
│                                                                                                                                                 │
│  - Migrated shared legacy OAuth credentials into the shared-main SQLite                                                                         │
│    owner (archive:                                                                                                                              │
│    /tmp/openclaw-doctor-flat-auth-oryTga/state/credentials/oauth.json.migrated-2026-08-23T13-53-43.314Z-6826a681-0549-4311-92d8-dc679535b794).  │
│                                                                                                                                                 │
├─────────────────────────────────────────────────────────────────────────────────────────────────────────────────────────────────────────────────╯
│
◇  Doctor warnings ─────────────────────────────────────────────────────╮
│                                                                       │
│  - Imported valid shared OAuth entries and archived 1 rejected entry  │
│    for manual recovery.                                               │
│                                                                       │
├───────────────────────────────────────────────────────────────────────╯
│
◇  Auth profile SQLite migration ─────────────────────────────────────────╮
│                                                                         │
│  - /tmp/openclaw-doctor-flat-auth-rqr6eH/state/credentials/oauth.json   │
│    (shared-main owner)                                                  │
│  - openclaw doctor --fix imports legacy auth profile JSON into SQLite,  │
│    verifies it, records a receipt, and archives the original bytes.     │
│                                                                         │
├─────────────────────────────────────────────────────────────────────────╯
│
◇  Doctor warnings ─────────────────────────────────────────────────────╮
│                                                                       │
│  - Failed to migrate shared legacy OAuth credentials; the source was  │
│    left in place: Error: canonical auth profile store is unreadable;  │
│    legacy source left in place                                        │
│                                                                       │
├───────────────────────────────────────────────────────────────────────╯
│
◇  Auth profile SQLite migration ──────────────────────────────────────────────────────╮
│                                                                                      │
│  - /tmp/openclaw-doctor-flat-auth-mcbwGr/state/agents/main/agent/auth-profiles.json  │
│    /                                                                                 │
│    /tmp/openclaw-doctor-flat-auth-mcbwGr/state/agents/main/agent/auth-state.json     │
│  - openclaw doctor --fix imports legacy auth profile JSON into SQLite,               │
│    verifies it, records a receipt, and archives the original bytes.                  │
│                                                                                      │
├──────────────────────────────────────────────────────────────────────────────────────╯
│
◇  Doctor changes ─────────────────────────────────────────────────────────────────────────────────────────────────────────────────────────────────────────────╮
│                                                                                                                                                              │
│  - Migrated auth profile JSON for                                                                                                                            │
│    /tmp/openclaw-doctor-flat-auth-mcbwGr/state/agents/main/agent/auth-profiles.json                                                                          │
│    into SQLite (archives:                                                                                                                                    │
│    /tmp/openclaw-doctor-flat-auth-mcbwGr/state/agents/main/agent/auth-profiles.json.migrated-1970-01-01T00-00-00.456Z-afbadb17-370a-4e0d-874e-bb76dfa4073a,  │
│    /tmp/openclaw-doctor-flat-auth-mcbwGr/state/agents/main/agent/auth-state.json.migrated-1970-01-01T00-00-00.456Z-5bd41940-8475-4687-829a-5a8c4251dbfd).    │
│                                                                                                                                                              │
├──────────────────────────────────────────────────────────────────────────────────────────────────────────────────────────────────────────────────────────────╯
│
◇  Auth profile SQLite migration ──────────────────────────────────────────────────────╮
│                                                                                      │
│  - /tmp/openclaw-doctor-flat-auth-CkP47E/state/agents/main/agent/auth-profiles.json  │
│    /                                                                                 │
│    /tmp/openclaw-doctor-flat-auth-CkP47E/state/agents/main/agent/auth-state.json     │
│  - openclaw doctor --fix imports legacy auth profile JSON into SQLite,               │
│    verifies it, records a receipt, and archives the original bytes.                  │
│                                                                                      │
├──────────────────────────────────────────────────────────────────────────────────────╯
│
◇  Doctor changes ─────────────────────────────────────────────────────────────────────────────────────────────────────────────────────────────────────────────╮
│                                                                                                                                                              │
│  - Migrated auth profile JSON for                                                                                                                            │
│    /tmp/openclaw-doctor-flat-auth-CkP47E/state/agents/main/agent/auth-profiles.json                                                                          │
│    into SQLite (archives:                                                                                                                                    │
│    /tmp/openclaw-doctor-flat-auth-CkP47E/state/agents/main/agent/auth-profiles.json.migrated-1970-01-01T00-00-00.456Z-2489de40-9d72-4227-acd2-adababe86a9f,  │
│    /tmp/openclaw-doctor-flat-auth-CkP47E/state/agents/main/agent/auth-state.json.migrated-1970-01-01T00-00-00.456Z-25162238-e346-4f38-922d-7a2b9e304689).    │
│                                                                                                                                                              │
├──────────────────────────────────────────────────────────────────────────────────────────────────────────────────────────────────────────────────────────────╯
│
◇  Auth profile SQLite migration ──────────────────────────────────────────────────────╮
│                                                                                      │
│  - /tmp/openclaw-doctor-flat-auth-Yn4fNY/state/agents/main/agent/auth-profiles.json  │
│    /                                                                                 │
│    /tmp/openclaw-doctor-flat-auth-Yn4fNY/state/agents/main/agent/auth-state.json     │
│  - openclaw doctor --fix imports legacy auth profile JSON into SQLite,               │
│    verifies it, records a receipt, and archives the original bytes.                  │
│                                                                                      │
├──────────────────────────────────────────────────────────────────────────────────────╯
│
◇  Doctor changes ─────────────────────────────────────────────────────────────────────────────────────────────────────────────────────────────────────────────╮
│                                                                                                                                                              │
│  - Migrated auth profile JSON for                                                                                                                            │
│    /tmp/openclaw-doctor-flat-auth-Yn4fNY/state/agents/main/agent/auth-profiles.json                                                                          │
│    into SQLite (archives:                                                                                                                                    │
│    /tmp/openclaw-doctor-flat-auth-Yn4fNY/state/agents/main/agent/auth-profiles.json.migrated-2026-08-23T13-53-44.009Z-baa8ec33-d2fa-4814-81b2-d81620c78e6d,  │
│    /tmp/openclaw-doctor-flat-auth-Yn4fNY/state/agents/main/agent/auth.json.migrated-2026-08-23T13-53-44.009Z-c34bb32d-2d2c-486e-a48e-ce9986b94fc5).          │
│                                                                                                                                                              │
├──────────────────────────────────────────────────────────────────────────────────────────────────────────────────────────────────────────────────────────────╯
│
◇  Auth profile SQLite migration ──────────────────────────────────────────────────────╮
│                                                                                      │
│  - /tmp/openclaw-doctor-flat-auth-A2cUe5/state/agents/main/agent/auth-profiles.json  │
│    /                                                                                 │
│    /tmp/openclaw-doctor-flat-auth-A2cUe5/state/agents/main/agent/auth-state.json     │
│  - openclaw doctor --fix imports legacy auth profile JSON into SQLite,               │
│    verifies it, records a receipt, and archives the original bytes.                  │
│                                                                                      │
├──────────────────────────────────────────────────────────────────────────────────────╯
│
◇  Doctor changes ──────────────────────────────────────────────────────────────────────────────────────────────────────────────────────────────────────────────╮
│                                                                                                                                                               │
│  - Migrated auth profile JSON for                                                                                                                             │
│    /tmp/openclaw-doctor-flat-auth-A2cUe5/state/agents/main/agent/auth-profiles.json                                                                           │
│    into SQLite (archive:                                                                                                                                      │
│    /tmp/openclaw-doctor-flat-auth-A2cUe5/state/agents/main/agent/auth-profiles.json.migrated-1970-01-01T00-00-00.472Z-4fd3cb06-13b1-401b-a62c-367ebe24dd8f).  │
│                                                                                                                                                               │
├───────────────────────────────────────────────────────────────────────────────────────────────────────────────────────────────────────────────────────────────╯
│
◇  Auth profile SQLite migration ──────────────────────────────────────────────────────╮
│                                                                                      │
│  - /tmp/openclaw-doctor-flat-auth-Ax2t6P/state/agents/main/agent/auth-profiles.json  │
│    /                                                                                 │
│    /tmp/openclaw-doctor-flat-auth-Ax2t6P/state/agents/main/agent/auth-state.json     │
│  - openclaw doctor --fix imports legacy auth profile JSON into SQLite,               │
│    verifies it, records a receipt, and archives the original bytes.                  │
│                                                                                      │
├──────────────────────────────────────────────────────────────────────────────────────╯
│
◇  Doctor changes ──────────────────────────────────────────────────────────────────────────────────────────────────────────────────────────────────────────────╮
│                                                                                                                                                               │
│  - Migrated auth profile JSON for                                                                                                                             │
│    /tmp/openclaw-doctor-flat-auth-Ax2t6P/state/agents/main/agent/auth-profiles.json                                                                           │
│    into SQLite (archive:                                                                                                                                      │
│    /tmp/openclaw-doctor-flat-auth-Ax2t6P/state/agents/main/agent/auth-profiles.json.migrated-1970-01-01T00-00-00.457Z-33717ae0-502f-41f9-ad26-afb0746d6d7f).  │
│  - Moved aws-sdk profile metadata from                                                                                                                        │
│    /tmp/openclaw-doctor-flat-auth-Ax2t6P/state/agents/main/agent/auth-profiles.json                                                                           │
│    to auth.profiles before removing the legacy auth profile JSON.                                                                                             │
│                                                                                                                                                               │
├───────────────────────────────────────────────────────────────────────────────────────────────────────────────────────────────────────────────────────────────╯
│
◇  Auth profile SQLite migration ──────────────────────────────────────────────────────╮
│                                                                                      │
│  - /tmp/openclaw-doctor-flat-auth-J19ckn/state/agents/main/agent/auth-profiles.json  │
│    /                                                                                 │
│    /tmp/openclaw-doctor-flat-auth-J19ckn/state/agents/main/agent/auth-state.json     │
│  - openclaw doctor --fix imports legacy auth profile JSON into SQLite,               │
│    verifies it, records a receipt, and archives the original bytes.                  │
│                                                                                      │
├──────────────────────────────────────────────────────────────────────────────────────╯
│
◇  Doctor changes ───────────────────────────────────────────────────────────────────────────────────────────────────────────────────────────────────────────╮
│                                                                                                                                                            │
│  - Migrated auth profile JSON for                                                                                                                          │
│    /tmp/openclaw-doctor-flat-auth-J19ckn/state/agents/main/agent/auth-profiles.json                                                                        │
│    into SQLite (archive:                                                                                                                                   │
│    /tmp/openclaw-doctor-flat-auth-J19ckn/state/agents/main/agent/auth-state.json.migrated-1970-01-01T00-00-00.459Z-7e3952fa-0fca-4649-b578-4bafb5945444).  │
│                                                                                                                                                            │
├────────────────────────────────────────────────────────────────────────────────────────────────────────────────────────────────────────────────────────────╯
│
◇  Auth profile SQLite migration ──────────────────────────────────────────────────────╮
│                                                                                      │
│  - /tmp/openclaw-doctor-flat-auth-RnzUq7/state/agents/main/agent/auth-profiles.json  │
│    /                                                                                 │
│    /tmp/openclaw-doctor-flat-auth-RnzUq7/state/agents/main/agent/auth-state.json     │
│  - openclaw doctor --fix imports legacy auth profile JSON into SQLite,               │
│    verifies it, records a receipt, and archives the original bytes.                  │
│                                                                                      │
├──────────────────────────────────────────────────────────────────────────────────────╯
│
◇  Doctor changes ──────────────────────────────────────────────────────────────────────────────────────────────────────────────────────────────────────────────╮
│                                                                                                                                                               │
│  - Migrated auth profile JSON for                                                                                                                             │
│    /tmp/openclaw-doctor-flat-auth-RnzUq7/state/agents/main/agent/auth-profiles.json                                                                           │
│    into SQLite (archive:                                                                                                                                      │
│    /tmp/openclaw-doctor-flat-auth-RnzUq7/state/agents/main/agent/auth-profiles.json.migrated-1970-01-01T00-00-00.460Z-3a437004-754d-44f3-b804-11ff0ada9c51).  │
│                                                                                                                                                               │
├───────────────────────────────────────────────────────────────────────────────────────────────────────────────────────────────────────────────────────────────╯
│
◇  Doctor warnings ────────────────────────────────────────────────────────────────────╮
│                                                                                      │
│  - Migrated 1 legacy OAuth sidecar profile from                                      │
│    /tmp/openclaw-doctor-flat-auth-RnzUq7/state/agents/main/agent/auth-profiles.json  │
│    into SQLite as configured-unavailable without credentials;                        │
│    re-authenticate this profile to restore access.                                   │
│                                                                                      │
├──────────────────────────────────────────────────────────────────────────────────────╯
│
◇  Auth profile SQLite migration ──────────────────────────────────────────────────────╮
│                                                                                      │
│  - /tmp/openclaw-doctor-flat-auth-ZH3TFc/state/agents/main/agent/auth-profiles.json  │
│    /                                                                                 │
│    /tmp/openclaw-doctor-flat-auth-ZH3TFc/state/agents/main/agent/auth-state.json     │
│  - openclaw doctor --fix imports legacy auth profile JSON into SQLite,               │
│    verifies it, records a receipt, and archives the original bytes.                  │
│                                                                                      │
├──────────────────────────────────────────────────────────────────────────────────────╯
│
◇  Doctor changes ──────────────────────────────────────────────────────────────────────────────────────────────────────────────────────────────────────────────╮
│                                                                                                                                                               │
│  - Migrated auth profile JSON for                                                                                                                             │
│    /tmp/openclaw-doctor-flat-auth-ZH3TFc/state/agents/main/agent/auth-profiles.json                                                                           │
│    into SQLite (archive:                                                                                                                                      │
│    /tmp/openclaw-doctor-flat-auth-ZH3TFc/state/agents/main/agent/auth-profiles.json.migrated-1970-01-01T00-00-00.463Z-8020d68e-33d4-47a7-a678-8096fcdf4a9d).  │
│                                                                                                                                                               │
├───────────────────────────────────────────────────────────────────────────────────────────────────────────────────────────────────────────────────────────────╯
│
◇  Doctor warnings ────────────────────────────────────────────────────────────────────╮
│                                                                                      │
│  - Migrated 1 legacy OAuth sidecar profile from                                      │
│    /tmp/openclaw-doctor-flat-auth-ZH3TFc/state/agents/main/agent/auth-profiles.json  │
│    into SQLite as configured-unavailable without credentials;                        │
│    re-authenticate this profile to restore access.                                   │
│                                                                                      │
├──────────────────────────────────────────────────────────────────────────────────────╯
│
◇  Auth profile SQLite migration ──────────────────────────────────────────────────────╮
│                                                                                      │
│  - /tmp/openclaw-doctor-flat-auth-sp3bxT/state/agents/main/agent/auth-profiles.json  │
│    /                                                                                 │
│    /tmp/openclaw-doctor-flat-auth-sp3bxT/state/agents/main/agent/auth-state.json     │
│  - openclaw doctor --fix imports legacy auth profile JSON into SQLite,               │
│    verifies it, records a receipt, and archives the original bytes.                  │
│                                                                                      │
├──────────────────────────────────────────────────────────────────────────────────────╯
│
◇  Doctor changes ──────────────────────────────────────────────────────────────────────────────────────────────────────────────────────────────────────────────╮
│                                                                                                                                                               │
│  - Migrated auth profile JSON for                                                                                                                             │
│    /tmp/openclaw-doctor-flat-auth-sp3bxT/state/agents/main/agent/auth-profiles.json                                                                           │
│    into SQLite (archive:                                                                                                                                      │
│    /tmp/openclaw-doctor-flat-auth-sp3bxT/state/agents/main/agent/auth-profiles.json.migrated-1970-01-01T00-00-00.461Z-4e4d5b83-761a-4040-a043-ca89e6f61fc7).  │
│                                                                                                                                                               │
├───────────────────────────────────────────────────────────────────────────────────────────────────────────────────────────────────────────────────────────────╯
│
◇  Auth profile SQLite migration ──────────────────────────────────────────────────────╮
│                                                                                      │
│  - /tmp/openclaw-doctor-flat-auth-9P0CI1/state/agents/main/agent/auth-profiles.json  │
│    /                                                                                 │
│    /tmp/openclaw-doctor-flat-auth-9P0CI1/state/agents/main/agent/auth-state.json     │
│  - openclaw doctor --fix imports legacy auth profile JSON into SQLite,               │
│    verifies it, records a receipt, and archives the original bytes.                  │
│                                                                                      │
├──────────────────────────────────────────────────────────────────────────────────────╯
│
◇  Doctor changes ─────────────────────────────────────────────────────────────────────────────────────────────────────────────────────────────────────────────╮
│                                                                                                                                                              │
│  - Migrated auth profile JSON for                                                                                                                            │
│    /tmp/openclaw-doctor-flat-auth-9P0CI1/state/agents/main/agent/auth-profiles.json                                                                          │
│    into SQLite (archives:                                                                                                                                    │
│    /tmp/openclaw-doctor-flat-auth-9P0CI1/state/agents/main/agent/auth-profiles.json.migrated-1970-01-01T00-00-00.462Z-43a30527-2b47-4766-b47d-573d221ad773,  │
│    /tmp/openclaw-doctor-flat-auth-9P0CI1/state/agents/main/agent/auth-state.json.migrated-1970-01-01T00-00-00.462Z-a9fed868-7646-48a2-a433-1789eb1e9045).    │
│                                                                                                                                                              │
├──────────────────────────────────────────────────────────────────────────────────────────────────────────────────────────────────────────────────────────────╯
│
◇  Auth profile SQLite migration ──────────────────────────────────────────────────────╮
│                                                                                      │
│  - /tmp/openclaw-doctor-flat-auth-bV7DRy/state/agents/main/agent/auth-profiles.json  │
│    /                                                                                 │
│    /tmp/openclaw-doctor-flat-auth-bV7DRy/state/agents/main/agent/auth-state.json     │
│  - openclaw doctor --fix imports legacy auth profile JSON into SQLite,               │
│    verifies it, records a receipt, and archives the original bytes.                  │
│                                                                                      │
├──────────────────────────────────────────────────────────────────────────────────────╯
│
◇  Doctor changes ──────────────────────────────────────────────────────────────────────────────────────────────────────────────────────────────────────────────╮
│                                                                                                                                                               │
│  - Migrated auth profile JSON for                                                                                                                             │
│    /tmp/openclaw-doctor-flat-auth-bV7DRy/state/agents/main/agent/auth-profiles.json                                                                           │
│    into SQLite (archive:                                                                                                                                      │
│    /tmp/openclaw-doctor-flat-auth-bV7DRy/state/agents/main/agent/auth-profiles.json.migrated-1970-01-01T00-00-00.458Z-baf3d45a-2912-4d57-99f0-c917557698c3).  │
│                                                                                                                                                               │
├───────────────────────────────────────────────────────────────────────────────────────────────────────────────────────────────────────────────────────────────╯
│
◇  Auth profile SQLite migration ──────────────────────────────────────────────────────╮
│                                                                                      │
│  - /tmp/openclaw-doctor-flat-auth-M93I2G/state/agents/main/agent/auth-profiles.json  │
│    /                                                                                 │
│    /tmp/openclaw-doctor-flat-auth-M93I2G/state/agents/main/agent/auth-state.json     │
│  - openclaw doctor --fix imports legacy auth profile JSON into SQLite,               │
│    verifies it, records a receipt, and archives the original bytes.                  │
│                                                                                      │
├──────────────────────────────────────────────────────────────────────────────────────╯
│
◇  Doctor warnings ────────────────────────────────────────────────────────────────────╮
│                                                                                      │
│  - Left auth profile JSON in place for                                               │
│    /tmp/openclaw-doctor-flat-auth-M93I2G/state/agents/main/agent/auth-profiles.json  │
│    because SQLite verification failed (imported profile(s):                          │
│    openrouter:default).                                                              │
│                                                                                      │
├──────────────────────────────────────────────────────────────────────────────────────╯
│
◇  Auth profile SQLite migration ──────────────────────────────────────────────────────╮
│                                                                                      │
│  - /tmp/openclaw-doctor-flat-auth-BcSm3s/state/agents/main/agent/auth-profiles.json  │
│    /                                                                                 │
│    /tmp/openclaw-doctor-flat-auth-BcSm3s/state/agents/main/agent/auth-state.json     │
│  - openclaw doctor --fix imports legacy auth profile JSON into SQLite,               │
│    verifies it, records a receipt, and archives the original bytes.                  │
│                                                                                      │
├──────────────────────────────────────────────────────────────────────────────────────╯
│
◇  Doctor warnings ─────────────────────────────────────────────────────────────────────╮
│                                                                                       │
│  - Failed to migrate auth profile JSON for                                            │
│    /tmp/openclaw-doctor-flat-auth-BcSm3s/state/agents/main/agent/auth-profiles.json:  │
│    Error: canonical auth profile store changed during legacy migration                │
│                                                                                       │
├───────────────────────────────────────────────────────────────────────────────────────╯
│
◇  Auth profile SQLite migration ──────────────────────────────────────────────────────╮
│                                                                                      │
│  - /tmp/openclaw-doctor-flat-auth-wN42a4/state/agents/main/agent/auth-profiles.json  │
│    /                                                                                 │
│    /tmp/openclaw-doctor-flat-auth-wN42a4/state/agents/main/agent/auth-state.json     │
│  - openclaw doctor --fix imports legacy auth profile JSON into SQLite,               │
│    verifies it, records a receipt, and archives the original bytes.                  │
│                                                                                      │
├──────────────────────────────────────────────────────────────────────────────────────╯
│
◇  Doctor warnings ─────────────────────────────────────────────────────────────────────╮
│                                                                                       │
│  - Failed to migrate auth profile JSON for                                            │
│    /tmp/openclaw-doctor-flat-auth-wN42a4/state/agents/main/agent/auth-profiles.json:  │
│    Error: canonical auth profile store changed during legacy migration                │
│                                                                                       │
├───────────────────────────────────────────────────────────────────────────────────────╯
│
◇  Auth profile SQLite migration ──────────────────────────────────────────────────────╮
│                                                                                      │
│  - /tmp/openclaw-doctor-flat-auth-FewYu0/state/agents/main/agent/auth-profiles.json  │
│    /                                                                                 │
│    /tmp/openclaw-doctor-flat-auth-FewYu0/state/agents/main/agent/auth-state.json     │
│  - openclaw doctor --fix imports legacy auth profile JSON into SQLite,               │
│    verifies it, records a receipt, and archives the original bytes.                  │
│                                                                                      │
├──────────────────────────────────────────────────────────────────────────────────────╯
│
◇  Doctor changes ─────────────────────────────────────────────────────────────────────╮
│                                                                                      │
│  - Migrated auth profile JSON for                                                    │
│    /tmp/openclaw-doctor-flat-auth-FewYu0/state/agents/main/agent/auth-profiles.json  │
│    into SQLite (no legacy JSON backup needed).                                       │
│                                                                                      │
├──────────────────────────────────────────────────────────────────────────────────────╯
│
◇  Auth profile SQLite migration ──────────────────────────────────────────────────────╮
│                                                                                      │
│  - /tmp/openclaw-doctor-flat-auth-npeWS5/state/agents/main/agent/auth-profiles.json  │
│    /                                                                                 │
│    /tmp/openclaw-doctor-flat-auth-npeWS5/state/agents/main/agent/auth-state.json     │
│  - openclaw doctor --fix imports legacy auth profile JSON into SQLite,               │
│    verifies it, records a receipt, and archives the original bytes.                  │
│                                                                                      │
├──────────────────────────────────────────────────────────────────────────────────────╯
│
◇  Doctor changes ───────────────────────────────────────────────────────────────────────────────────────────────────────────────────────────────────────────╮
│                                                                                                                                                            │
│  - Migrated auth profile JSON for                                                                                                                          │
│    /tmp/openclaw-doctor-flat-auth-npeWS5/state/agents/main/agent/auth-profiles.json                                                                        │
│    into SQLite (archive:                                                                                                                                   │
│    /tmp/openclaw-doctor-flat-auth-npeWS5/state/agents/main/agent/auth-state.json.migrated-1970-01-01T00-00-00.467Z-ab67a18a-5b13-43e4-97ce-b258d0372687).  │
│                                                                                                                                                            │
├────────────────────────────────────────────────────────────────────────────────────────────────────────────────────────────────────────────────────────────╯
│
◇  Auth profile SQLite migration ──────────────────────────────────────────────────────╮
│                                                                                      │
│  - /tmp/openclaw-doctor-flat-auth-AZPtdC/state/agents/main/agent/auth-profiles.json  │
│    /                                                                                 │
│    /tmp/openclaw-doctor-flat-auth-AZPtdC/state/agents/main/agent/auth-state.json     │
│  - openclaw doctor --fix imports legacy auth profile JSON into SQLite,               │
│    verifies it, records a receipt, and archives the original bytes.                  │
│                                                                                      │
├──────────────────────────────────────────────────────────────────────────────────────╯
│
◇  Doctor changes ─────────────────────────────────────────────────────────────────────╮
│                                                                                      │
│  - Migrated auth profile JSON for                                                    │
│    /tmp/openclaw-doctor-flat-auth-AZPtdC/state/agents/main/agent/auth-profiles.json  │
│    into SQLite (no legacy JSON backup needed).                                       │
│                                                                                      │
├──────────────────────────────────────────────────────────────────────────────────────╯
│
◇  Auth profile SQLite migration ──────────────────────────────────────────────────────╮
│                                                                                      │
│  - /tmp/openclaw-doctor-flat-auth-M6mzK7/state/agents/main/agent/auth-profiles.json  │
│    /                                                                                 │
│    /tmp/openclaw-doctor-flat-auth-M6mzK7/state/agents/main/agent/auth-state.json     │
│  - openclaw doctor --fix imports legacy auth profile JSON into SQLite,               │
│    verifies it, records a receipt, and archives the original bytes.                  │
│                                                                                      │
├──────────────────────────────────────────────────────────────────────────────────────╯
│
◇  Doctor changes ─────────────────────────────────────────────────────────────────────╮
│                                                                                      │
│  - Migrated auth profile JSON for                                                    │
│    /tmp/openclaw-doctor-flat-auth-M6mzK7/state/agents/main/agent/auth-profiles.json  │
│    into SQLite (no legacy JSON backup needed).                                       │
│                                                                                      │
├──────────────────────────────────────────────────────────────────────────────────────╯
│
◇  Auth profile SQLite migration ──────────────────────────────────────────────────────╮
│                                                                                      │
│  - /tmp/openclaw-doctor-flat-auth-3VmYKA/state/agents/main/agent/auth-profiles.json  │
│    /                                                                                 │
│    /tmp/openclaw-doctor-flat-auth-3VmYKA/state/agents/main/agent/auth-state.json     │
│  - openclaw doctor --fix imports legacy auth profile JSON into SQLite,               │
│    verifies it, records a receipt, and archives the original bytes.                  │
│                                                                                      │
├──────────────────────────────────────────────────────────────────────────────────────╯
│
◇  Doctor changes ─────────────────────────────────────────────────────────────────────╮
│                                                                                      │
│  - Migrated auth profile JSON for                                                    │
│    /tmp/openclaw-doctor-flat-auth-3VmYKA/state/agents/main/agent/auth-profiles.json  │
│    into SQLite (no legacy JSON backup needed).                                       │
│                                                                                      │
├──────────────────────────────────────────────────────────────────────────────────────╯
│
◇  Auth profile SQLite migration ──────────────────────────────────────────────────────╮
│                                                                                      │
│  - /tmp/openclaw-doctor-flat-auth-gNjRLf/state/agents/main/agent/auth-profiles.json  │
│    /                                                                                 │
│    /tmp/openclaw-doctor-flat-auth-gNjRLf/state/agents/main/agent/auth-state.json     │
│  - openclaw doctor --fix imports legacy auth profile JSON into SQLite,               │
│    verifies it, records a receipt, and archives the original bytes.                  │
│                                                                                      │
├──────────────────────────────────────────────────────────────────────────────────────╯
│
◇  Doctor changes ──────────────────────────────────────────────────────────────────────────────────────────────────────────────────────────────────────────────╮
│                                                                                                                                                               │
│  - Migrated auth profile JSON for                                                                                                                             │
│    /tmp/openclaw-doctor-flat-auth-gNjRLf/state/agents/main/agent/auth-profiles.json                                                                           │
│    into SQLite (archive:                                                                                                                                      │
│    /tmp/openclaw-doctor-flat-auth-gNjRLf/state/agents/main/agent/auth-profiles.json.migrated-1970-01-01T00-00-00.471Z-91369a9b-efff-4097-b3a2-90ca1101115d).  │
│                                                                                                                                                               │
├───────────────────────────────────────────────────────────────────────────────────────────────────────────────────────────────────────────────────────────────╯
│
◇  Auth profile SQLite migration ──────────────────────────────────────────────────────╮
│                                                                                      │
│  - /tmp/openclaw-doctor-flat-auth-ezO890/state/agents/main/agent/auth-profiles.json  │
│    /                                                                                 │
│    /tmp/openclaw-doctor-flat-auth-ezO890/state/agents/main/agent/auth-state.json     │
│  - openclaw doctor --fix imports legacy auth profile JSON into SQLite,               │
│    verifies it, records a receipt, and archives the original bytes.                  │
│                                                                                      │
├──────────────────────────────────────────────────────────────────────────────────────╯
│
◇  Doctor changes ─────────────────────────────────────────────────────────────────────╮
│                                                                                      │
│  - Migrated auth profile JSON for                                                    │
│    /tmp/openclaw-doctor-flat-auth-ezO890/state/agents/main/agent/auth-profiles.json  │
│    into SQLite (no legacy JSON backup needed).                                       │
│                                                                                      │
├──────────────────────────────────────────────────────────────────────────────────────╯
│
◇  Auth profile SQLite migration ──────────────────────────────────────────────────────╮
│                                                                                      │
│  - /tmp/openclaw-doctor-flat-auth-HsiUao/state/agents/main/agent/auth-profiles.json  │
│    /                                                                                 │
│    /tmp/openclaw-doctor-flat-auth-HsiUao/state/agents/main/agent/auth-state.json     │
│  - openclaw doctor --fix imports legacy auth profile JSON into SQLite,               │
│    verifies it, records a receipt, and archives the original bytes.                  │
│                                                                                      │
├──────────────────────────────────────────────────────────────────────────────────────╯
│
◇  Doctor changes ─────────────────────────────────────────────────────────────────────╮
│                                                                                      │
│  - Migrated auth profile JSON for                                                    │
│    /tmp/openclaw-doctor-flat-auth-HsiUao/state/agents/main/agent/auth-profiles.json  │
│    into SQLite (no legacy JSON backup needed).                                       │
│                                                                                      │
├──────────────────────────────────────────────────────────────────────────────────────╯
│
◇  Auth profile SQLite migration ──────────────────────────────────────────────────────╮
│                                                                                      │
│  - /tmp/openclaw-doctor-flat-auth-24SxK5/state/agents/main/agent/auth-profiles.json  │
│    /                                                                                 │
│    /tmp/openclaw-doctor-flat-auth-24SxK5/state/agents/main/agent/auth-state.json     │
│  - openclaw doctor --fix imports legacy auth profile JSON into SQLite,               │
│    verifies it, records a receipt, and archives the original bytes.                  │
│                                                                                      │
├──────────────────────────────────────────────────────────────────────────────────────╯
│
◇  Doctor changes ─────────────────────────────────────────────────────────────────────╮
│                                                                                      │
│  - Migrated auth profile JSON for                                                    │
│    /tmp/openclaw-doctor-flat-auth-24SxK5/state/agents/main/agent/auth-profiles.json  │
│    into SQLite (no legacy JSON backup needed).                                       │
│                                                                                      │
├──────────────────────────────────────────────────────────────────────────────────────╯
│
◇  Auth profile SQLite migration ──────────────────────────────────────────────────────╮
│                                                                                      │
│  - /tmp/openclaw-doctor-flat-auth-7mSx61/state/agents/main/agent/auth-profiles.json  │
│    /                                                                                 │
│    /tmp/openclaw-doctor-flat-auth-7mSx61/state/agents/main/agent/auth-state.json     │
│  - openclaw doctor --fix imports legacy auth profile JSON into SQLite,               │
│    verifies it, records a receipt, and archives the original bytes.                  │
│                                                                                      │
├──────────────────────────────────────────────────────────────────────────────────────╯
│
◇  Doctor changes ─────────────────────────────────────────────────────────────────────╮
│                                                                                      │
│  - Migrated auth profile JSON for                                                    │
│    /tmp/openclaw-doctor-flat-auth-7mSx61/state/agents/main/agent/auth-profiles.json  │
│    into SQLite (no legacy JSON backup needed).                                       │
│                                                                                      │
├──────────────────────────────────────────────────────────────────────────────────────╯
│
◇  Auth profile SQLite migration ──────────────────────────────────────────────────────╮
│                                                                                      │
│  - /tmp/openclaw-doctor-flat-auth-D5pjGW/state/agents/main/agent/auth-profiles.json  │
│    /                                                                                 │
│    /tmp/openclaw-doctor-flat-auth-D5pjGW/state/agents/main/agent/auth-state.json     │
│  - openclaw doctor --fix imports legacy auth profile JSON into SQLite,               │
│    verifies it, records a receipt, and archives the original bytes.                  │
│                                                                                      │
├──────────────────────────────────────────────────────────────────────────────────────╯
│
◇  Doctor changes ─────────────────────────────────────────────────────────────────────╮
│                                                                                      │
│  - Migrated auth profile JSON for                                                    │
│    /tmp/openclaw-doctor-flat-auth-D5pjGW/state/agents/main/agent/auth-profiles.json  │
│    into SQLite (no legacy JSON backup needed).                                       │
│                                                                                      │
├──────────────────────────────────────────────────────────────────────────────────────╯
│
◇  Auth profile SQLite migration ──────────────────────────────────────────────────────╮
│                                                                                      │
│  - /tmp/openclaw-doctor-flat-auth-0OWsLI/state/agents/main/agent/auth-profiles.json  │
│    /                                                                                 │
│    /tmp/openclaw-doctor-flat-auth-0OWsLI/state/agents/main/agent/auth-state.json     │
│  - openclaw doctor --fix imports legacy auth profile JSON into SQLite,               │
│    verifies it, records a receipt, and archives the original bytes.                  │
│                                                                                      │
├──────────────────────────────────────────────────────────────────────────────────────╯
│
◇  Doctor changes ──────────────────────────────────────────────────────────────────────────────────────────────────────────────────────────────────────────────╮
│                                                                                                                                                               │
│  - Migrated auth profile JSON for                                                                                                                             │
│    /tmp/openclaw-doctor-flat-auth-0OWsLI/state/agents/main/agent/auth-profiles.json                                                                           │
│    into SQLite (archive:                                                                                                                                      │
│    /tmp/openclaw-doctor-flat-auth-0OWsLI/state/agents/main/agent/auth-profiles.json.migrated-1970-01-01T00-00-00.123Z-67d9ca2f-1320-4829-bd0b-dab6f8623723).  │
│                                                                                                                                                               │
├───────────────────────────────────────────────────────────────────────────────────────────────────────────────────────────────────────────────────────────────╯
│
◇  Auth profile SQLite migration ──────────────────────────────────────────────────────╮
│                                                                                      │
│  - /tmp/openclaw-doctor-flat-auth-XvE0lW/state/agents/main/agent/auth-profiles.json  │
│    /                                                                                 │
│    /tmp/openclaw-doctor-flat-auth-XvE0lW/state/agents/main/agent/auth-state.json     │
│  - openclaw doctor --fix imports legacy auth profile JSON into SQLite,               │
│    verifies it, records a receipt, and archives the original bytes.                  │
│                                                                                      │
├──────────────────────────────────────────────────────────────────────────────────────╯
│
◇  Doctor changes ──────────────────────────────────────────────────────────────────────────────────────────────────────────────────────────────────────────────╮
│                                                                                                                                                               │
│  - Migrated auth profile JSON for                                                                                                                             │
│    /tmp/openclaw-doctor-flat-auth-XvE0lW/state/agents/main/agent/auth-profiles.json                                                                           │
│    into SQLite (archive:                                                                                                                                      │
│    /tmp/openclaw-doctor-flat-auth-XvE0lW/state/agents/main/agent/auth-profiles.json.migrated-1970-01-01T00-00-00.123Z-f1a76850-55e6-449f-a046-63ca7fe986ba).  │
│                                                                                                                                                               │
├───────────────────────────────────────────────────────────────────────────────────────────────────────────────────────────────────────────────────────────────╯
│
◇  Auth profile SQLite migration ──────────────────────────────────────────────────────╮
│                                                                                      │
│  - /tmp/openclaw-doctor-flat-auth-uKPrKJ/state/agents/main/agent/auth-profiles.json  │
│    /                                                                                 │
│    /tmp/openclaw-doctor-flat-auth-uKPrKJ/state/agents/main/agent/auth-state.json     │
│  - openclaw doctor --fix imports legacy auth profile JSON into SQLite,               │
│    verifies it, records a receipt, and archives the original bytes.                  │
│                                                                                      │
├──────────────────────────────────────────────────────────────────────────────────────╯
│
◇  Auth profile SQLite migration ──────────────────────────────────────────────────────╮
│                                                                                      │
│  - /tmp/openclaw-doctor-flat-auth-lvFuni/state/agents/main/agent/auth-profiles.json  │
│    /                                                                                 │
│    /tmp/openclaw-doctor-flat-auth-lvFuni/state/agents/main/agent/auth-state.json     │
│  - openclaw doctor --fix imports legacy auth profile JSON into SQLite,               │
│    verifies it, records a receipt, and archives the original bytes.                  │
│                                                                                      │
├──────────────────────────────────────────────────────────────────────────────────────╯
│
◇  Doctor changes ──────────────────────────────────────────────────────────────────────────────────────────────────────────────────────────────────────────────╮
│                                                                                                                                                               │
│  - Migrated auth profile JSON for                                                                                                                             │
│    /tmp/openclaw-doctor-flat-auth-lvFuni/state/agents/main/agent/auth-profiles.json                                                                           │
│    into SQLite (archive:                                                                                                                                      │
│    /tmp/openclaw-doctor-flat-auth-lvFuni/state/agents/main/agent/auth-profiles.json.migrated-1970-01-01T00-00-00.456Z-16fe9d6a-054d-4bc0-a370-e5cb909c4643).  │
│  - Moved aws-sdk profile metadata from                                                                                                                        │
│    /tmp/openclaw-doctor-flat-auth-lvFuni/state/agents/main/agent/auth-profiles.json                                                                           │
│    to auth.profiles before removing the legacy auth profile JSON.                                                                                             │
│                                                                                                                                                               │
├───────────────────────────────────────────────────────────────────────────────────────────────────────────────────────────────────────────────────────────────╯
│
◇  Auth profile SQLite migration ──────────────────────────────────────────────────────╮
│                                                                                      │
│  - /tmp/openclaw-doctor-flat-auth-I2A3mH/state/agents/main/agent/auth-profiles.json  │
│    /                                                                                 │
│    /tmp/openclaw-doctor-flat-auth-I2A3mH/state/agents/main/agent/auth-state.json     │
│  - openclaw doctor --fix imports legacy auth profile JSON into SQLite,               │
│    verifies it, records a receipt, and archives the original bytes.                  │
│                                                                                      │
├──────────────────────────────────────────────────────────────────────────────────────╯
│
◇  Doctor changes ──────────────────────────────────────────────────────────────────────────────────────────────────────────────────────────────────────────────╮
│                                                                                                                                                               │
│  - Migrated auth profile JSON for                                                                                                                             │
│    /tmp/openclaw-doctor-flat-auth-I2A3mH/state/agents/main/agent/auth-profiles.json                                                                           │
│    into SQLite (archive:                                                                                                                                      │
│    /tmp/openclaw-doctor-flat-auth-I2A3mH/state/agents/main/agent/auth-profiles.json.migrated-2026-08-23T13-53-49.150Z-5c7dfc24-af3d-4f96-9113-f4840c77b663).  │
│  - Migrated 1 OpenAI Codex auth profile(s) in                                                                                                                 │
│    /tmp/openclaw-doctor-flat-auth-I2A3mH/state/agents/main/agent/auth-profiles.json                                                                           │
│    to provider "openai".                                                                                                                                      │
│                                                                                                                                                               │
├───────────────────────────────────────────────────────────────────────────────────────────────────────────────────────────────────────────────────────────────╯
│
◇  Auth profile SQLite migration ──────────────────────────────────────────────────────╮
│                                                                                      │
│  - /tmp/openclaw-doctor-flat-auth-SHy7NN/state/agents/main/agent/auth-profiles.json  │
│    /                                                                                 │
│    /tmp/openclaw-doctor-flat-auth-SHy7NN/state/agents/main/agent/auth-state.json     │
│  - openclaw doctor --fix imports legacy auth profile JSON into SQLite,               │
│    verifies it, records a receipt, and archives the original bytes.                  │
│                                                                                      │
├──────────────────────────────────────────────────────────────────────────────────────╯
│
◇  Doctor changes ─────────────────────────────────────────────────────────────────────╮
│                                                                                      │
│  - Migrated auth profile JSON for                                                    │
│    /tmp/openclaw-doctor-flat-auth-SHy7NN/state/agents/main/agent/auth-profiles.json  │
│    into SQLite (no legacy JSON backup needed).                                       │
│                                                                                      │
├──────────────────────────────────────────────────────────────────────────────────────╯
│
◇  Auth profile SQLite migration ──────────────────────────────────────────────────────╮
│                                                                                      │
│  - /tmp/openclaw-doctor-flat-auth-zbfBK4/state/agents/main/agent/auth-profiles.json  │
│    /                                                                                 │
│    /tmp/openclaw-doctor-flat-auth-zbfBK4/state/agents/main/agent/auth-state.json     │
│  - openclaw doctor --fix imports legacy auth profile JSON into SQLite,               │
│    verifies it, records a receipt, and archives the original bytes.                  │
│                                                                                      │
├──────────────────────────────────────────────────────────────────────────────────────╯
│
◇  Doctor changes ──────────────────────────────────────────────────────────────────────────────────────────────────────────────────────────────────────────────╮
│                                                                                                                                                               │
│  - Migrated auth profile JSON for                                                                                                                             │
│    /tmp/openclaw-doctor-flat-auth-zbfBK4/state/agents/main/agent/auth-profiles.json                                                                           │
│    into SQLite (archive:                                                                                                                                      │
│    /tmp/openclaw-doctor-flat-auth-zbfBK4/state/agents/main/agent/auth-profiles.json.migrated-2026-08-23T13-53-49.558Z-2355f560-b3d4-4618-bc76-6209d900b77c).  │
│  - Migrated 2 OpenAI Codex auth profile(s) in                                                                                                                 │
│    /tmp/openclaw-doctor-flat-auth-zbfBK4/state/agents/main/agent/auth-profiles.json                                                                           │
│    to provider "openai".                                                                                                                                      │
│                                                                                                                                                               │
├───────────────────────────────────────────────────────────────────────────────────────────────────────────────────────────────────────────────────────────────╯
│
◇  Doctor warnings ────────────────────────────────────────────────────────────────────╮
│                                                                                      │
│  - Migrated 1 legacy OAuth sidecar profile from                                      │
│    /tmp/openclaw-doctor-flat-auth-zbfBK4/state/agents/main/agent/auth-profiles.json  │
│    into SQLite as configured-unavailable without credentials;                        │
│    re-authenticate this profile to restore access.                                   │
│                                                                                      │
├──────────────────────────────────────────────────────────────────────────────────────╯
│
◇  Auth profile SQLite migration ──────────────────────────────────────────────────────╮
│                                                                                      │
│  - /tmp/openclaw-doctor-flat-auth-OeS9KJ/state/agents/main/agent/auth-profiles.json  │
│    /                                                                                 │
│    /tmp/openclaw-doctor-flat-auth-OeS9KJ/state/agents/main/agent/auth-state.json     │
│  - openclaw doctor --fix imports legacy auth profile JSON into SQLite,               │
│    verifies it, records a receipt, and archives the original bytes.                  │
│                                                                                      │
├──────────────────────────────────────────────────────────────────────────────────────╯
│
◇  Doctor changes ──────────────────────────────────────────────────────────────────────────────────────────────────────────────────────────────────────────────╮
│                                                                                                                                                               │
│  - Migrated auth profile JSON for                                                                                                                             │
│    /tmp/openclaw-doctor-flat-auth-OeS9KJ/state/agents/main/agent/auth-profiles.json                                                                           │
│    into SQLite (archive:                                                                                                                                      │
│    /tmp/openclaw-doctor-flat-auth-OeS9KJ/state/agents/main/agent/auth-profiles.json.migrated-2026-08-23T13-53-49.802Z-f7a3c9be-0934-4da2-9ccb-b72313c6a9d3).  │
│  - Migrated 2 OpenAI Codex auth profile(s) in                                                                                                                 │
│    /tmp/openclaw-doctor-flat-auth-OeS9KJ/state/agents/main/agent/auth-profiles.json                                                                           │
│    to provider "openai".                                                                                                                                      │
│                                                                                                                                                               │
├───────────────────────────────────────────────────────────────────────────────────────────────────────────────────────────────────────────────────────────────╯
│
◇  Auth profile SQLite migration ──────────────────────────────────────────────────────╮
│                                                                                      │
│  - /tmp/openclaw-doctor-flat-auth-c0gDME/state/agents/main/agent/auth-profiles.json  │
│    /                                                                                 │
│    /tmp/openclaw-doctor-flat-auth-c0gDME/state/agents/main/agent/auth-state.json     │
│  - openclaw doctor --fix imports legacy auth profile JSON into SQLite,               │
│    verifies it, records a receipt, and archives the original bytes.                  │
│                                                                                      │
├──────────────────────────────────────────────────────────────────────────────────────╯
│
◇  Doctor changes ──────────────────────────────────────────────────────────────────────────────────────────────────────────────────────────────────────────────╮
│                                                                                                                                                               │
│  - Migrated auth profile JSON for                                                                                                                             │
│    /tmp/openclaw-doctor-flat-auth-c0gDME/state/agents/main/agent/auth-profiles.json                                                                           │
│    into SQLite (archive:                                                                                                                                      │
│    /tmp/openclaw-doctor-flat-auth-c0gDME/state/agents/main/agent/auth-profiles.json.migrated-2026-08-23T13-53-54.970Z-ea9e08aa-6ef4-47bf-bb5e-08f72864bdd0).  │
│  - Migrated 1 OpenAI Codex auth profile(s) in                                                                                                                 │
│    /tmp/openclaw-doctor-flat-auth-c0gDME/state/agents/main/agent/auth-profiles.json                                                                           │
│    to provider "openai".                                                                                                                                      │
│                                                                                                                                                               │
├───────────────────────────────────────────────────────────────────────────────────────────────────────────────────────────────────────────────────────────────╯
│
◇  Auth profile SQLite migration ──────────────────────────────────────────────────────╮
│                                                                                      │
│  - /tmp/openclaw-doctor-flat-auth-NLNUWN/state/agents/main/agent/auth-profiles.json  │
│    /                                                                                 │
│    /tmp/openclaw-doctor-flat-auth-NLNUWN/state/agents/main/agent/auth-state.json     │
│  - openclaw doctor --fix imports legacy auth profile JSON into SQLite,               │
│    verifies it, records a receipt, and archives the original bytes.                  │
│                                                                                      │
├──────────────────────────────────────────────────────────────────────────────────────╯
│
◇  Doctor changes ──────────────────────────────────────────────────────────────────────────────────────────────────────────────────────────────────────────────╮
│                                                                                                                                                               │
│  - Migrated auth profile JSON for                                                                                                                             │
│    /tmp/openclaw-doctor-flat-auth-NLNUWN/state/agents/main/agent/auth-profiles.json                                                                           │
│    into SQLite (archive:                                                                                                                                      │
│    /tmp/openclaw-doctor-flat-auth-NLNUWN/state/agents/main/agent/auth-profiles.json.migrated-2026-08-23T13-53-55.160Z-368d5401-1ff8-462f-90cb-9ba0198e8ae2).  │
│  - Migrated 2 OpenAI Codex auth profile(s) in                                                                                                                 │
│    /tmp/openclaw-doctor-flat-auth-NLNUWN/state/agents/main/agent/auth-profiles.json                                                                           │
│    to provider "openai".                                                                                                                                      │
│                                                                                                                                                               │
├───────────────────────────────────────────────────────────────────────────────────────────────────────────────────────────────────────────────────────────────╯
│
◇  Auth profile SQLite migration ────────────────────────────────────────────────────────╮
│                                                                                        │
│  - /tmp/openclaw-doctor-flat-auth-76AZa8/state/agents/main/agent/auth-profiles.json    │
│    /                                                                                   │
│    /tmp/openclaw-doctor-flat-auth-76AZa8/state/agents/main/agent/auth-state.json       │
│  - /tmp/openclaw-doctor-flat-auth-76AZa8/state/agents/failed/agent/auth-profiles.json  │
│    /                                                                                   │
│    /tmp/openclaw-doctor-flat-auth-76AZa8/state/agents/failed/agent/auth-state.json     │
│  - /tmp/openclaw-doctor-flat-auth-76AZa8/state/agents/dedup/agent/auth-profiles.json   │
│    /                                                                                   │
│    /tmp/openclaw-doctor-flat-auth-76AZa8/state/agents/dedup/agent/auth-state.json      │
│  - openclaw doctor --fix imports legacy auth profile JSON into SQLite,                 │
│    verifies it, records a receipt, and archives the original bytes.                    │
│                                                                                        │
├────────────────────────────────────────────────────────────────────────────────────────╯
│
◇  Doctor changes ────────────────────────────────────────────────────────────────────────────────────────────────────────────────────────────────────────────────╮
│                                                                                                                                                                 │
│  - Migrated auth profile JSON for                                                                                                                               │
│    /tmp/openclaw-doctor-flat-auth-76AZa8/state/agents/main/agent/auth-profiles.json                                                                             │
│    into SQLite (archive:                                                                                                                                        │
│    /tmp/openclaw-doctor-flat-auth-76AZa8/state/agents/main/agent/auth-profiles.json.migrated-2026-08-23T13-53-55.521Z-eea4b70a-36cb-4fdb-8d32-d6afb26c6548).    │
│  - Migrated 1 OpenAI Codex auth profile(s) in                                                                                                                   │
│    /tmp/openclaw-doctor-flat-auth-76AZa8/state/agents/main/agent/auth-profiles.json                                                                             │
│    to provider "openai".                                                                                                                                        │
│  - Migrated auth profile JSON for                                                                                                                               │
│    /tmp/openclaw-doctor-flat-auth-76AZa8/state/agents/failed/agent/auth-profiles.json                                                                           │
│    into SQLite (archive:                                                                                                                                        │
│    /tmp/openclaw-doctor-flat-auth-76AZa8/state/agents/failed/agent/auth-profiles.json.migrated-2026-08-23T13-53-55.534Z-7ba31f8c-caee-426f-b1cb-620a6c0849ac).  │
│  - Migrated 1 OpenAI Codex auth profile(s) in                                                                                                                   │
│    /tmp/openclaw-doctor-flat-auth-76AZa8/state/agents/failed/agent/auth-profiles.json                                                                           │
│    to provider "openai".                                                                                                                                        │
│  - Migrated auth profile JSON for                                                                                                                               │
│    /tmp/openclaw-doctor-flat-auth-76AZa8/state/agents/dedup/agent/auth-profiles.json                                                                            │
│    into SQLite (archive:                                                                                                                                        │
│    /tmp/openclaw-doctor-flat-auth-76AZa8/state/agents/dedup/agent/auth-profiles.json.migrated-2026-08-23T13-53-55.547Z-85302f5d-9c6b-4346-bfb0-2651d17b5bb1).   │
│  - Migrated 2 OpenAI Codex auth profile(s) in                                                                                                                   │
│    /tmp/openclaw-doctor-flat-auth-76AZa8/state/agents/dedup/agent/auth-profiles.json                                                                            │
│    to provider "openai".                                                                                                                                        │
│                                                                                                                                                                 │
├─────────────────────────────────────────────────────────────────────────────────────────────────────────────────────────────────────────────────────────────────╯
│
◇  Doctor warnings ──────────────────────────────────────────────────────────────────────╮
│                                                                                        │
│  - Migrated 1 legacy OAuth sidecar profile from                                        │
│    /tmp/openclaw-doctor-flat-auth-76AZa8/state/agents/failed/agent/auth-profiles.json  │
│    into SQLite as configured-unavailable without credentials;                          │
│    re-authenticate this profile to restore access.                                     │
│  - Migrated 1 legacy OAuth sidecar profile from                                        │
│    /tmp/openclaw-doctor-flat-auth-76AZa8/state/agents/dedup/agent/auth-profiles.json   │
│    into SQLite as configured-unavailable without credentials;                          │
│    re-authenticate this profile to restore access.                                     │
│                                                                                        │
├────────────────────────────────────────────────────────────────────────────────────────╯
│
◇  Auth profile SQLite migration ──────────────────────────────────────────────────────╮
│                                                                                      │
│  - /tmp/openclaw-doctor-flat-auth-Tyrpya/state/agents/main/agent/auth-profiles.json  │
│    /                                                                                 │
│    /tmp/openclaw-doctor-flat-auth-Tyrpya/state/agents/main/agent/auth-state.json     │
│  - openclaw doctor --fix imports legacy auth profile JSON into SQLite,               │
│    verifies it, records a receipt, and archives the original bytes.                  │
│                                                                                      │
├──────────────────────────────────────────────────────────────────────────────────────╯
│
◇  Doctor changes ──────────────────────────────────────────────────────────────────────────────────────────────────────────────────────────────────────────────╮
│                                                                                                                                                               │
│  - Migrated auth profile JSON for                                                                                                                             │
│    /tmp/openclaw-doctor-flat-auth-Tyrpya/state/agents/main/agent/auth-profiles.json                                                                           │
│    into SQLite (archive:                                                                                                                                      │
│    /tmp/openclaw-doctor-flat-auth-Tyrpya/state/agents/main/agent/auth-profiles.json.migrated-2026-08-23T13-53-56.137Z-9ebc0057-cfc6-4a56-a46b-4a4305ad31df).  │
│  - Migrated 2 OpenAI Codex auth profile(s) in                                                                                                                 │
│    /tmp/openclaw-doctor-flat-auth-Tyrpya/state/agents/main/agent/auth-profiles.json                                                                           │
│    to provider "openai".                                                                                                                                      │
│                                                                                                                                                               │
├───────────────────────────────────────────────────────────────────────────────────────────────────────────────────────────────────────────────────────────────╯
│
◇  Auth profile SQLite migration ──────────────────────────────────────────────────────╮
│                                                                                      │
│  - /tmp/openclaw-doctor-flat-auth-9C1E31/state/agents/main/agent/auth-profiles.json  │
│    /                                                                                 │
│    /tmp/openclaw-doctor-flat-auth-9C1E31/state/agents/main/agent/auth-state.json     │
│  - openclaw doctor --fix imports legacy auth profile JSON into SQLite,               │
│    verifies it, records a receipt, and archives the original bytes.                  │
│                                                                                      │
├──────────────────────────────────────────────────────────────────────────────────────╯
│
◇  Doctor changes ──────────────────────────────────────────────────────────────────────────────────────────────────────────────────────────────────────────────╮
│                                                                                                                                                               │
│  - Migrated auth profile JSON for                                                                                                                             │
│    /tmp/openclaw-doctor-flat-auth-9C1E31/state/agents/main/agent/auth-profiles.json                                                                           │
│    into SQLite (archive:                                                                                                                                      │
│    /tmp/openclaw-doctor-flat-auth-9C1E31/state/agents/main/agent/auth-profiles.json.migrated-1970-01-01T00-00-00.789Z-254ad7c5-09d3-44b8-bccc-537301aff2e5).  │
│  - Migrated 1 OpenAI Codex auth profile(s) in                                                                                                                 │
│    /tmp/openclaw-doctor-flat-auth-9C1E31/state/agents/main/agent/auth-profiles.json                                                                           │
│    to provider "openai".                                                                                                                                      │
│                                                                                                                                                               │
├───────────────────────────────────────────────────────────────────────────────────────────────────────────────────────────────────────────────────────────────╯
│
◇  Auth profile SQLite migration ──────────────────────────────────────────────────────╮
│                                                                                      │
│  - /tmp/openclaw-doctor-flat-auth-D1SNbP/state/agents/main/agent/auth-profiles.json  │
│    /                                                                                 │
│    /tmp/openclaw-doctor-flat-auth-D1SNbP/state/agents/main/agent/auth-state.json     │
│  - openclaw doctor --fix imports legacy auth profile JSON into SQLite,               │
│    verifies it, records a receipt, and archives the original bytes.                  │
│                                                                                      │
├──────────────────────────────────────────────────────────────────────────────────────╯
│
◇  Doctor changes ──────────────────────────────────────────────────────────────────────────────────────────────────────────────────────────────────────────────╮
│                                                                                                                                                               │
│  - Migrated auth profile JSON for                                                                                                                             │
│    /tmp/openclaw-doctor-flat-auth-D1SNbP/state/agents/main/agent/auth-profiles.json                                                                           │
│    into SQLite (archive:                                                                                                                                      │
│    /tmp/openclaw-doctor-flat-auth-D1SNbP/state/agents/main/agent/auth-profiles.json.migrated-1970-01-01T00-00-00.791Z-78555cfe-27bb-4cb6-a94d-b932fd4aebe5).  │
│  - Migrated 1 OpenAI Codex auth profile(s) in                                                                                                                 │
│    /tmp/openclaw-doctor-flat-auth-D1SNbP/state/agents/main/agent/auth-profiles.json                                                                           │
│    to provider "openai".                                                                                                                                      │
│                                                                                                                                                               │
├───────────────────────────────────────────────────────────────────────────────────────────────────────────────────────────────────────────────────────────────╯
 [32m✓[39m [30m[42m commands [49m[39m src/commands/doctor-auth-flat-profiles.test.ts [2m([22m[2m53 tests[22m[2m)[22m[33m 15106[2mms[22m[39m
     [33m[2m✓[22m[39m infers config credential provider and mode before stripping config [33m 545[2mms[22m[39m
     [33m[2m✓[22m[39m imports default-agent config api key alias SecretRefs as key refs [33m 550[2mms[22m[39m
     [33m[2m✓[22m[39m uses config credentials only when same-id sqlite credentials are incomplete [33m 380[2mms[22m[39m
     [33m[2m✓[22m[39m repairs an already-migrated selected account from its verified auth archive [33m 5237[2mms[22m[39m
     [33m[2m✓[22m[39m keeps failed agent accounts separate while repairing verified and inherited main accounts [33m 383[2mms[22m[39m
     [33m[2m✓[22m[39m preserves the selected Codex account across auth migration, SQLite sessions, and status [33m 478[2mms[22m[39m
 [32m✓[39m [30m[42m commands [49m[39m src/commands/model-picker.test.ts [2m([22m[2m75 tests[22m[2m)[22m[33m 22285[2mms[22m[39m
     [33m[2m✓[22m[39m labels official OpenAI with model request params as an OpenClaw runtime route [33m 307[2mms[22m[39m
     [33m[2m✓[22m[39m hides unauthenticated catalog entries from default model choices [33m 342[2mms[22m[39m
     [33m[2m✓[22m[39m does not offer an OpenAI row with a conflicting API and endpoint [33m 339[2mms[22m[39m
     [33m[2m✓[22m[39m shows AWS SDK models but hides unresolved non-OpenAI SecretRefs [33m 336[2mms[22m[39m
     [33m[2m✓[22m[39m hides legacy runtime providers from default model choices [33m 1344[2mms[22m[39m
     [33m[2m✓[22m[39m treats byteplus plan models as preferred-provider matches [33m 302[2mms[22m[39m
     [33m[2m✓[22m[39m does not double-prefix non-literal NVIDIA vendor model labels [33m 623[2mms[22m[39m
     [33m[2m✓[22m[39m keeps empty-default provider browsing off unrelated provider setup surfaces [33m 369[2mms[22m[39m
     [33m[2m✓[22m[39m scopes on-demand preferred-provider loads before the first model prompt [33m 441[2mms[22m[39m
     [33m[2m✓[22m[39m preselects the first live provider row when keep-current is disabled [33m 442[2mms[22m[39m
     [33m[2m✓[22m[39m keeps on-demand NVIDIA vendor labels single-prefixed after browsing [33m 697[2mms[22m[39m
     [33m[2m✓[22m[39m omits local NVIDIA static fallback rows when browsing live provider rows [33m 693[2mms[22m[39m
     [33m[2m✓[22m[39m uses configured provider models for allowlist picker without loading the full catalog in replace mode [33m 465[2mms[22m[39m
     [33m[2m✓[22m[39m includes stale configured preferred provider models in the scoped cleanup [33m 853[2mms[22m[39m
     [33m[2m✓[22m[39m shows configured preferred provider models when the catalog has no entries [33m 450[2mms[22m[39m
     [33m[2m✓[22m[39m keeps live preferred-provider rows before configured fallback supplements [33m 1169[2mms[22m[39m
     [33m[2m✓[22m[39m keeps provider-scoped live rows authoritative over configured provider supplements [33m 1305[2mms[22m[39m
     [33m[2m✓[22m[39m keeps custom configured rows after provider-scoped live rows [33m 862[2mms[22m[39m
     [33m[2m✓[22m[39m does not re-add configured static rows after filtering deprecated live rows [33m 344[2mms[22m[39m
     [33m[2m✓[22m[39m uses configured provider rows when a provider-scoped live catalog is unavailable [33m 449[2mms[22m[39m
     [33m[2m✓[22m[39m seeds existing model fallbacks into unscoped allowlist selections [33m 583[2mms[22m[39m
     [33m[2m✓[22m[39m resolves bare fallback seeds against the primary model provider [33m 615[2mms[22m[39m
     [33m[2m✓[22m[39m shows existing fallbacks in the no-catalog allowlist prompt when an allowlist exists [33m 519[2mms[22m[39m
     [33m[2m✓[22m[39m keeps provider-scoped fallback supplements within scope [33m 448[2mms[22m[39m
     [33m[2m✓[22m[39m hides legacy runtime refs from allowlist choices and configured supplements [33m 1672[2mms[22m[39m
     [33m[2m✓[22m[39m filters internal router models in both default and allowlist prompts [33m 612[2mms[22m[39m
 [32m✓[39m [30m[42m commands [49m[39m src/commands/agent.test.ts [2m([22m[2m47 tests[22m[2m)[22m[33m 13293[2mms[22m[39m
     [33m[2m✓[22m[39m carries an external cwd into the direct agent session skill snapshot [33m 510[2mms[22m[39m
     [33m[2m✓[22m[39m uses the recorded canonical workspace for a managed-worktree skill snapshot [33m 457[2mms[22m[39m
     [33m[2m✓[22m[39m does not discover skills for literal dollar input: Echo $PATH exactly. [32m 300[2mms[22m[39m
     [33m[2m✓[22m[39m enforces stored workspace permissions through public agent ingress [33m 952[2mms[22m[39m
     [33m[2m✓[22m[39m reuses a Discord voice session after one stale-session rollover [33m 368[2mms[22m[39m
     [33m[2m✓[22m[39m probes the configured primary first for origin-backed auto session model overrides [33m 367[2mms[22m[39m
     [33m[2m✓[22m[39m handles one-off provider/model overrides and validates override values [33m 487[2mms[22m[39m
     [33m[2m✓[22m[39m passes routing context to embedded runs [33m 353[2mms[22m[39m
     [33m[2m✓[22m[39m routes explicit agent recipients through channel session contracts [33m 443[2mms[22m[39m
     [33m[2m✓[22m[39m uses explicit session keys for embedded runs [33m 437[2mms[22m[39m
     [33m[2m✓[22m[39m scopes bare explicit session keys to the default agent for embedded runs [33m 476[2mms[22m[39m
 [32m✓[39m [30m[42m commands [49m[39m src/commands/doctor-legacy-config.migrations.test.ts [2m([22m[2m81 tests[22m[2m)[22m[33m 1269[2mms[22m[39m
 [32m✓[39m [30m[42m commands [49m[39m src/commands/doctor-gateway-services.test.ts [2m([22m[2m70 tests[22m[2m)[22m[33m 314[2mms[22m[39m
 [32m✓[39m [30m[42m commands [49m[39m src/commands/channels.add.test.ts [2m([22m[2m46 tests[22m[2m)[22m[33m 1604[2mms[22m[39m
 [32m✓[39m [30m[42m commands [49m[39m src/commands/onboarding-plugin-install.test.ts [2m([22m[2m30 tests[22m[2m)[22m[32m 82[2mms[22m[39m
 [32m✓[39m [30m[42m commands [49m[39m src/commands/doctor/repair-sequencing.test.ts [2m([22m[2m24 tests[22m[2m)[22m[32m 75[2mms[22m[39m
 [32m✓[39m [30m[42m commands [49m[39m src/commands/status.test.ts [2m([22m[2m21 tests[22m[2m)[22m[33m 479[2mms[22m[39m
     [33m[2m✓[22m[39m scopes usage resolution to the scanned config [33m 415[2mms[22m[39m
 [32m✓[39m [30m[42m commands [49m[39m src/commands/migrate.test.ts [2m([22m[2m40 tests[22m[2m)[22m[32m 70[2mms[22m[39m
 [32m✓[39m [30m[42m commands [49m[39m src/commands/doctor/shared/stale-auth-order.test.ts [2m([22m[2m53 tests[22m[2m)[22m[33m 7407[2mms[22m[39m
     [33m[2m✓[22m[39m uses the live owner after a registered database pathname is recreated [33m 334[2mms[22m[39m
 [32m✓[39m [30m[42m commands [49m[39m src/commands/backup-verify.test.ts [2m([22m[2m32 tests[22m[2m | [22m[33m1 skipped[39m[2m)[22m[33m 2427[2mms[22m[39m
     [33m[2m✓[22m[39m rejects a truncated SQLite snapshot with a valid database header [33m 1021[2mms[22m[39m
     [33m[2m✓[22m[39m rejects a page-aligned truncated plugin SQLite snapshot [33m 1027[2mms[22m[39m
 [32m✓[39m [30m[42m commands [49m[39m src/commands/doctor-memory-search.test.ts [2m([22m[2m69 tests[22m[2m)[22m[32m 95[2mms[22m[39m
 [32m✓[39m [30m[42m commands [49m[39m src/commands/doctor-state-integrity.test.ts [2m([22m[2m37 tests[22m[2m)[22m[33m 1230[2mms[22m[39m
 [32m✓[39m [30m[42m commands [49m[39m src/commands/agents.add.test.ts [2m([22m[2m31 tests[22m[2m)[22m[33m 2144[2mms[22m[39m
     [33m[2m✓[22m[39m reports only auth profiles persisted to the new agent store with legacy-main shared auth [33m 394[2mms[22m[39m
 [32m✓[39m [30m[42m commands [49m[39m src/commands/gateway-status.test.ts [2m([22m[2m37 tests[22m[2m)[22m[32m 47[2mms[22m[39m
[90mstderr[2m | src/commands/doctor-config-preflight.state-migration.test.ts[2m > [22m[2mrunDoctorConfigPreflight state migration[2m > [22m[2mrefuses startup when fresh plugin migration inputs change during convergence
[22m[39mOpenClaw plugin migration inputs changed during startup convergence; refusing to report the gateway ready. Restart OpenClaw so state migrations run against the final config and plugin inventory.

[90mstderr[2m | src/commands/doctor-config-preflight.state-migration.test.ts[2m > [22m[2mrunDoctorConfigPreflight state migration[2m > [22m[2mkeeps ownerless install-record failures blocking
[22m[39mOpenClaw plugin verification failed; refusing to report the gateway ready.
- Plugin "discord" has no install path. Run `openclaw update repair` to retry plugin repair.
Resolve the plugin verification errors above, then restart the Gateway.

[90mstderr[2m | src/commands/doctor-config-preflight.state-migration.test.ts[2m > [22m[2mrunDoctorConfigPreflight state migration[2m > [22m[2mblocks gateway readiness when state migration warnings outlive the startup checkpoint
[22m[39mOpenClaw startup migrations did not complete cleanly; refusing to report the gateway ready.
- Left legacy config health state in place.
Run "openclaw doctor --fix" against the same state/config, then restart the gateway.

[90mstderr[2m | src/commands/doctor-config-preflight.state-migration.test.ts[2m > [22m[2mrunDoctorConfigPreflight state migration[2m > [22m[2mblocks gateway readiness when plugin repair warnings remain
[22m[39mOpenClaw plugin verification failed; refusing to report the gateway ready.
- Configured plugin discord is not installed. Run `openclaw update repair` to retry plugin repair.
Resolve the plugin verification errors above, then restart the Gateway.

[90mstderr[2m | src/commands/doctor-config-preflight.state-migration.test.ts[2m > [22m[2mrunDoctorConfigPreflight state migration[2m > [22m[2mdoes not checkpoint startup migrations when the config snapshot is invalid
[22m[39mOpenClaw startup migrations did not complete cleanly; refusing to report the gateway ready.
- OpenClaw config is invalid; run "openclaw doctor --fix" before startup.
Run "openclaw doctor --fix" against the same state/config, then restart the gateway.

 [32m✓[39m [30m[42m commands [49m[39m src/commands/doctor-config-preflight.state-migration.test.ts [2m([22m[2m31 tests[22m[2m)[22m[33m 12320[2mms[22m[39m
     [33m[2m✓[22m[39m measures doctor-owned migration stages [33m 388[2mms[22m[39m
     [33m[2m✓[22m[39m measures current-checkpoint plugin verification stages [33m 441[2mms[22m[39m
     [33m[2m✓[22m[39m 'uses a current state checkpoint' [33m 423[2mms[22m[39m
     [33m[2m✓[22m[39m 'records clean state-only completion' [33m 433[2mms[22m[39m
     [33m[2m✓[22m[39m 'leaves the checkpoint stale after a w…' [33m 423[2mms[22m[39m
     [33m[2m✓[22m[39m persists a derived plugin index before recording the state checkpoint [33m 408[2mms[22m[39m
     [33m[2m✓[22m[39m runs the startup guard immediately before the first state mutation [33m 443[2mms[22m[39m
     [33m[2m✓[22m[39m skips every state migration stage when the startup guard rejects [33m 429[2mms[22m[39m
     [33m[2m✓[22m[39m does not touch the startup checkpoint before the startup guard accepts [33m 420[2mms[22m[39m
     [33m[2m✓[22m[39m releases the startup lease before propagating a deferred service exit [33m 407[2mms[22m[39m
     [33m[2m✓[22m[39m skips config-dependent migrations when the fresh snapshot guard rejects [33m 440[2mms[22m[39m
     [33m[2m✓[22m[39m runs full state migrations after reading the config snapshot [33m 418[2mms[22m[39m
     [33m[2m✓[22m[39m carries cron Codex runtime policy targets only during repair [33m 422[2mms[22m[39m
     [33m[2m✓[22m[39m rechecks the checkpoint after acquisition before running migrations [33m 439[2mms[22m[39m
     [33m[2m✓[22m[39m pins startup plugin convergence without re-persisting the installed record snapshot [33m 440[2mms[22m[39m
     [33m[2m✓[22m[39m repairs managed host links before plugin state migration [33m 416[2mms[22m[39m
     [33m[2m✓[22m[39m refuses startup when fresh plugin migration inputs change during convergence [33m 519[2mms[22m[39m
     [33m[2m✓[22m[39m records the authoritative startup checkpoint after notices and runtime replacement [33m 407[2mms[22m[39m
     [33m[2m✓[22m[39m checkpoints after a dreaming conflict is archived without a migration warning [33m 451[2mms[22m[39m
     [33m[2m✓[22m[39m clears stale plugin quarantine through the current-checkpoint preflight [33m 417[2mms[22m[39m
     [33m[2m✓[22m[39m keeps ownerless install-record failures blocking [33m 391[2mms[22m[39m
     [33m[2m✓[22m[39m checkpoints startup migrations without loading plugin convergence when the plan is empty [33m 422[2mms[22m[39m
     [33m[2m✓[22m[39m skips legacy migration loading for a prepared pristine state root [33m 424[2mms[22m[39m
     [33m[2m✓[22m[39m runs only plugin-owned migrations for a pristine core state root [33m 405[2mms[22m[39m
     [33m[2m✓[22m[39m retains the prepared core-state fact and explicit Doctor repair authority [33m 407[2mms[22m[39m
     [33m[2m✓[22m[39m blocks gateway readiness when state migration warnings outlive the startup checkpoint [33m 418[2mms[22m[39m
     [33m[2m✓[22m[39m blocks gateway readiness when plugin repair warnings remain [33m 408[2mms[22m[39m
     [33m[2m✓[22m[39m quarantines a plugin payload verification failure and checkpoints readiness [33m 421[2mms[22m[39m
     [33m[2m✓[22m[39m does not checkpoint startup migrations when the config snapshot is invalid [33m 430[2mms[22m[39m
[90mstderr[2m | src/commands/agent-exec.test.ts[2m > [22m[2magent exec command composition[2m > [22m[2mpublishes no config env values when the config load fails
[22m[39mInvalid config at /tmp/openclaw-agent-exec-badenv-uLBrhr/openclaw.json:
- agents.defaults.sandbox.mode: Invalid input (allowed: "off", "non-main", "all")

[90mstderr[2m | src/commands/agent-exec.test.ts[2m > [22m[2magent exec base config resolution[2m > [22m[2mrejects a missing or invalid pinned config instead of falling back
[22m[39mFailed to read config at /tmp/openclaw-agent-exec-seed-7zXBnm/openclaw.json: JSON5: invalid character 'i' at 1:8

 [32m✓[39m [30m[42m commands [49m[39m src/commands/agent-exec.test.ts [2m([22m[2m51 tests[22m[2m)[22m[33m 9387[2mms[22m[39m
     [33m[2m✓[22m[39m writes plain final text to stdout when diagnostics are routed to stderr [33m 4972[2mms[22m[39m
     [33m[2m✓[22m[39m flushes opted-in identity evidence through its owned direct-local writer [33m 504[2mms[22m[39m
     [33m[2m✓[22m[39m undoes environment mutations made by loading the config [33m 328[2mms[22m[39m
     [33m[2m✓[22m[39m reads stored credentials from the configured agent directory [33m 335[2mms[22m[39m
     [33m[2m✓[22m[39m uses the normal stored auth profile when auth-env-only is disabled [33m 358[2mms[22m[39m
 [32m✓[39m [30m[42m commands [49m[39m src/commands/onboard-guided.custodian.test.ts [2m([22m[2m35 tests[22m[2m)[22m[32m 38[2mms[22m[39m
 [32m✓[39m [30m[42m commands [49m[39m src/commands/onboard.test.ts [2m([22m[2m87 tests[22m[2m)[22m[33m 4440[2mms[22m[39m
 [32m✓[39m [30m[42m commands [49m[39m src/commands/doctor-lint.test.ts [2m([22m[2m25 tests[22m[2m)[22m[33m 3889[2mms[22m[39m
     [33m[2m✓[22m[39m keeps Gateway-owned secret degradation observable through '--only JSON' [33m 359[2mms[22m[39m
     [33m[2m✓[22m[39m reports an actionable Crabbox profile finding before dispatch [33m 487[2mms[22m[39m
     [33m[2m✓[22m[39m keeps mixed selected checks on a fully isolated state view [33m 888[2mms[22m[39m
     [33m[2m✓[22m[39m keeps relevant deferred plugin inspection off the source state database [33m 801[2mms[22m[39m
     [33m[2m✓[22m[39m fails closed when a semantic index needs plugin state that cannot be prepared [33m 324[2mms[22m[39m
     [33m[2m✓[22m[39m emits one structured failure when relevant plugin state cleanup does not complete [33m 796[2mms[22m[39m
 [32m✓[39m [30m[42m commands [49m[39m src/commands/onboard-guided.test.ts [2m([22m[2m24 tests[22m[2m)[22m[32m 44[2mms[22m[39m
 [32m✓[39m [30m[42m commands [49m[39m src/commands/tasks.test.ts [2m([22m[2m27 tests[22m[2m)[22m[33m 3674[2mms[22m[39m
 [32m✓[39m [30m[42m commands [49m[39m src/commands/status.summary.test.ts [2m([22m[2m36 tests[22m[2m)[22m[33m 1508[2mms[22m[39m
 [32m✓[39m [30m[42m commands [49m[39m src/commands/doctor-gateway-daemon-flow.test.ts [2m([22m[2m35 tests[22m[2m)[22m[32m 72[2mms[22m[39m
 [32m✓[39m [30m[42m commands [49m[39m src/commands/health.snapshot.test.ts [2m([22m[2m16 tests[22m[2m)[22m[33m 874[2mms[22m[39m
 [32m✓[39m [30m[42m commands [49m[39m src/commands/channel-setup/plugin-install.test.ts [2m([22m[2m28 tests[22m[2m)[22m[33m 321[2mms[22m[39m
 [32m✓[39m [30m[42m commands [49m[39m src/commands/models/list.probe.targets.test.ts [2m([22m[2m33 tests[22m[2m)[22m[32m 20[2mms[22m[39m
 [32m✓[39m [30m[42m commands [49m[39m src/commands/doctor-session-snapshots.test.ts [2m([22m[2m24 tests[22m[2m)[22m[32m 261[2mms[22m[39m
 [32m✓[39m [30m[42m commands [49m[39m src/commands/models/list.rows.test.ts [2m([22m[2m21 tests[22m[2m)[22m[33m 607[2mms[22m[39m
 [32m✓[39m [30m[42m commands [49m[39m src/commands/doctor-plugin-registry.test.ts [2m([22m[2m16 tests[22m[2m)[22m[33m 1808[2mms[22m[39m
 [32m✓[39m [30m[42m commands [49m[39m src/commands/health.test.ts [2m([22m[2m35 tests[22m[2m)[22m[32m 72[2mms[22m[39m
 [32m✓[39m [30m[42m commands [49m[39m src/commands/configure.gateway-auth.prompt-auth-config.test.ts [2m([22m[2m18 tests[22m[2m)[22m[32m 66[2mms[22m[39m
 [32m✓[39m [30m[42m commands [49m[39m src/commands/onboard-non-interactive.gateway.test.ts [2m([22m[2m24 tests[22m[2m)[22m[33m 2374[2mms[22m[39m
 [32m✓[39m [30m[42m commands [49m[39m src/commands/onboard-non-interactive/local/auth-choice.plugin-providers.test.ts [2m([22m[2m26 tests[22m[2m)[22m[32m 79[2mms[22m[39m
 [32m✓[39m [30m[42m commands [49m[39m src/commands/doctor-session-transcript-labels.test.ts [2m([22m[2m13 tests[22m[2m)[22m[33m 2219[2mms[22m[39m
 [32m✓[39m [30m[42m commands [49m[39m src/commands/doctor-auth.profile-health.test.ts [2m([22m[2m25 tests[22m[2m)[22m[33m 2346[2mms[22m[39m
     [33m[2m✓[22m[39m maps expired stored auth profiles to structured findings without refreshing [33m 307[2mms[22m[39m
 [32m✓[39m [30m[42m commands [49m[39m src/commands/agents.delete.test.ts [2m([22m[2m17 tests[22m[2m)[22m[33m 1902[2mms[22m[39m
 [32m✓[39m [30m[42m commands [49m[39m src/commands/doctor-config-preflight.process.test.ts [2m([22m[2m8 tests[22m[2m)[22m[33m 22850[2mms[22m[39m
     [33m[2m✓[22m[39m exits after a complete best-effort report for an unparseable config [33m 13832[2mms[22m[39m
     [33m[2m✓[22m[39m repairs the stable upgrade config and additive state schema before readiness [33m 6389[2mms[22m[39m
     [33m[2m✓[22m[39m refuses readiness for a schema-only legacy agent database without an owner [33m 2182[2mms[22m[39m
     [33m[2m✓[22m[39m reaches readiness with unresolved legacy agent files left for Doctor [33m 6395[2mms[22m[39m
     [33m[2m✓[22m[39m exits cleanly after reporting the refusal once and releasing its lease [33m 6458[2mms[22m[39m
     [33m[2m✓[22m[39m refuses before relocating legacy state when a live gateway owns the state directory [33m 6468[2mms[22m[39m
     [33m[2m✓[22m[39m skips state-only checkpoint work when config and state remain absent [33m 5198[2mms[22m[39m
     [33m[2m✓[22m[39m reloads tool ownership after updater-managed manifest repair [33m 2624[2mms[22m[39m
 [32m✓[39m [30m[42m commands [49m[39m src/commands/configure.wizard.gateway.test.ts [2m([22m[2m22 tests[22m[2m)[22m[32m 275[2mms[22m[39m
 [32m✓[39m [30m[42m commands [49m[39m src/commands/channels.adds-non-default-telegram-account.test.ts [2m([22m[2m21 tests[22m[2m)[22m[33m 549[2mms[22m[39m
 [32m✓[39m [30m[42m commands [49m[39m src/commands/doctor-session-transcripts.test.ts [2m([22m[2m15 tests[22m[2m)[22m[32m 34[2mms[22m[39m
 [32m✓[39m [30m[42m commands [49m[39m src/commands/onboard-helpers.test.ts [2m([22m[2m37 tests[22m[2m)[22m[32m 131[2mms[22m[39m
 [32m✓[39m [30m[42m commands [49m[39m src/commands/channels.list.test.ts [2m([22m[2m18 tests[22m[2m)[22m[32m 6[2mms[22m[39m
 [32m✓[39m [30m[42m commands [49m[39m src/commands/flows.test.ts [2m([22m[2m20 tests[22m[2m)[22m[33m 2096[2mms[22m[39m
 [32m✓[39m [30m[42m commands [49m[39m src/commands/sessions-cleanup.test.ts [2m([22m[2m14 tests[22m[2m)[22m[33m 735[2mms[22m[39m
     [33m[2m✓[22m[39m renders a dry-run summary grouped by session label [33m 355[2mms[22m[39m
 [32m✓[39m [30m[42m commands [49m[39m src/commands/audit.test.ts [2m([22m[2m34 tests[22m[2m)[22m[32m 17[2mms[22m[39m
 [32m✓[39m [30m[42m commands [49m[39m src/commands/backup.test.ts [2m([22m[2m18 tests[22m[2m)[22m[32m 159[2mms[22m[39m
│
◇  Heartbeat task migration preview ──────────────────────────────────╮
│                                                                     │
│  2 tasks in                                                         │
│  /tmp/openclaw-heartbeat-task-migration-JQZa6M/cron/jobs.json will  │
│  become independently scheduled cron jobs for agent "main".         │
│                                                                     │
├─────────────────────────────────────────────────────────────────────╯
│
◇  Doctor changes ───────────────────────────────────────────────╮
│                                                                │
│  Converted 2 heartbeat tasks into cron jobs for agent "main".  │
│                                                                │
├────────────────────────────────────────────────────────────────╯
│
◇  Doctor warnings ─────────────────────────────────────────────────────╮
│                                                                       │
│  Agent "main" scratch changed during task migration; no changes were  │
│  committed.                                                           │
│                                                                       │
├───────────────────────────────────────────────────────────────────────╯
│
◇  Doctor warnings ─────────────────────────────────────────────────────╮
│                                                                       │
│  Agent "main" scratch changed during task migration; no changes were  │
│  committed.                                                           │
│                                                                       │
├───────────────────────────────────────────────────────────────────────╯
│
◇  Doctor changes ───────────────────────────────────────────────╮
│                                                                │
│  Converted 2 heartbeat tasks into cron jobs for agent "main".  │
│                                                                │
├────────────────────────────────────────────────────────────────╯
│
◇  Doctor changes ───────────────────────────────────────────────╮
│                                                                │
│  Converted 2 heartbeat tasks into cron jobs for agent "main".  │
│                                                                │
├────────────────────────────────────────────────────────────────╯
│
◇  Doctor warnings ────────────────────────────────────────────────────────╮
│                                                                          │
│  Agent "main" legacy task timestamps could not be cleared after          │
│  migration: simulated post-commit crash. Cron jobs remain authoritative  │
│  and a rerun is safe.                                                    │
│                                                                          │
├──────────────────────────────────────────────────────────────────────────╯
│
◇  Doctor changes ───────────────────────────────────────────────╮
│                                                                │
│  Converted 2 heartbeat tasks into cron jobs for agent "main".  │
│                                                                │
├────────────────────────────────────────────────────────────────╯
│
◇  Doctor changes ───────────────────────────────────────────────╮
│                                                                │
│  Converted 3 heartbeat tasks into cron jobs for agent "main".  │
│                                                                │
├────────────────────────────────────────────────────────────────╯
│
◇  Doctor warnings ───────────────────────────────────────────────────────╮
│                                                                         │
│  Agent "main" heartbeat tasks were not migrated: tasks: block contains  │
│  an incomplete name/interval/prompt entry.                              │
│                                                                         │
├─────────────────────────────────────────────────────────────────────────╯
│
◇  Doctor changes ──────────────────────────────────────────────╮
│                                                               │
│  Converted 1 heartbeat task into cron jobs for agent "main".  │
│                                                               │
├───────────────────────────────────────────────────────────────╯
│
◇  Doctor changes ──────────────────────────────────────────────╮
│                                                               │
│  Converted 1 heartbeat task into cron jobs for agent "main".  │
│                                                               │
├───────────────────────────────────────────────────────────────╯
│
◇  Doctor changes ───────────────────────────────────────────────╮
│                                                                │
│  Converted 2 heartbeat tasks into cron jobs for agent "main".  │
│                                                                │
├────────────────────────────────────────────────────────────────╯
│
◇  Doctor changes ───────────────────────────────────────────────╮
│                                                                │
│  Converted 2 heartbeat tasks into cron jobs for agent "main".  │
│                                                                │
├────────────────────────────────────────────────────────────────╯
 [32m✓[39m [30m[42m commands [49m[39m src/commands/doctor-heartbeat-task-migration.test.ts [2m([22m[2m14 tests[22m[2m)[22m[33m 2199[2mms[22m[39m
     [33m[2m✓[22m[39m does not migrate older shared state while detecting heartbeat tasks [33m 319[2mms[22m[39m
 [32m✓[39m [30m[42m commands [49m[39m src/commands/status.scan.shared.test.ts [2m([22m[2m24 tests[22m[2m)[22m[33m 1187[2mms[22m[39m
     [33m[2m✓[22m[39m enforces an explicit CLI timeout against a real local fallback status RPC [33m 1059[2mms[22m[39m
│
◇  Doctor warnings ────────────────────────────────────────────────────────────────────────╮
│                                                                                          │
│  - Agent main database                                                                   │
│    /tmp/openclaw-delivery-legacy-schema-PfUNa8/agents/main/agent/openclaw-agent.sqlite:  │
│    OpenClaw agent database                                                               │
│    /tmp/openclaw-delivery-legacy-schema-PfUNa8/agents/main/agent/openclaw-agent.sqlite   │
│    uses schema version 8; run openclaw doctor --fix to migrate                           │
│    persisted media before using it.                                                      │
│                                                                                          │
├──────────────────────────────────────────────────────────────────────────────────────────╯
 [32m✓[39m [30m[42m commands [49m[39m src/commands/doctor-session-delivery-state.test.ts [2m([22m[2m14 tests[22m[2m)[22m[33m 2487[2mms[22m[39m
     [33m[2m✓[22m[39m migrates a copied realistic store without touching the source or canonical row bytes [33m 308[2mms[22m[39m
 [32m✓[39m [30m[42m commands [49m[39m src/commands/configure.wizard.test.ts [2m([22m[2m10 tests[22m[2m)[22m[32m 183[2mms[22m[39m
 [32m✓[39m [30m[42m commands [49m[39m src/commands/doctor-security.test.ts [2m([22m[2m32 tests[22m[2m)[22m[33m 883[2mms[22m[39m
 [32m✓[39m [30m[42m commands [49m[39m src/commands/sessions.test.ts [2m([22m[2m24 tests[22m[2m)[22m[33m 4796[2mms[22m[39m
     [33m[2m✓[22m[39m renders a tabular view with token percentages [33m 348[2mms[22m[39m
     [33m[2m✓[22m[39m uses a default JSON output limit of 100 sessions [33m 1173[2mms[22m[39m
 [32m✓[39m [30m[42m commands [49m[39m src/commands/onboard-browser-handoff.test.ts [2m([22m[2m25 tests[22m[2m)[22m[32m 10[2mms[22m[39m
 [32m✓[39m [30m[42m commands [49m[39m src/commands/auth-choice.apply.plugin-provider.test.ts [2m([22m[2m12 tests[22m[2m)[22m[32m 218[2mms[22m[39m
 [32m✓[39m [30m[42m commands [49m[39m src/commands/auth-choice-options.test.ts [2m([22m[2m10 tests[22m[2m)[22m[32m 7[2mms[22m[39m
 [32m✓[39m [30m[42m commands [49m[39m src/commands/onboard-non-interactive/local/auth-choice.test.ts [2m([22m[2m25 tests[22m[2m)[22m[32m 57[2mms[22m[39m
 [32m✓[39m [30m[42m commands [49m[39m src/commands/onboard-skills.test.ts [2m([22m[2m16 tests[22m[2m)[22m[32m 55[2mms[22m[39m
 [32m✓[39m [30m[42m commands [49m[39m src/commands/doctor/shared/default-agent-role-materialization.write.test.ts [2m([22m[2m16 tests[22m[2m)[22m[33m 10952[2mms[22m[39m
     [33m[2m✓[22m[39m preserves env references and includes and is idempotent after persistence [33m 1320[2mms[22m[39m
     [33m[2m✓[22m[39m drops a persisted fixed-store owner when switching to another fixed store [33m 325[2mms[22m[39m
     [33m[2m✓[22m[39m drops a persisted fixed-store owner when switching to a per-agent store [33m 324[2mms[22m[39m
     [33m[2m✓[22m[39m keeps an explicitly supplied owner when switching fixed stores [33m 332[2mms[22m[39m
     [33m[2m✓[22m[39m pins the survivor's previous workspace during a generic roster collapse [33m 315[2mms[22m[39m
     [33m[2m✓[22m[39m does nothing when the owner is unchanged during generic roster writes [33m 329[2mms[22m[39m
     [33m[2m✓[22m[39m replaces a legacy list when persisting explicit ownership [33m 821[2mms[22m[39m
     [33m[2m✓[22m[39m assigns only ownerless cron rows before retiring the retained legacy owner [33m 4013[2mms[22m[39m
     [33m[2m✓[22m[39m assigns ownerless jobs in an unmigrated legacy cron file [33m 655[2mms[22m[39m
     [33m[2m✓[22m[39m leaves the legacy owner marker intact when a cron row is corrupt [33m 552[2mms[22m[39m
     [33m[2m✓[22m[39m preserves migrated legacy ownership during an unrelated write [33m 699[2mms[22m[39m
 [32m✓[39m [30m[42m commands [49m[39m src/commands/doctor-post-upgrade.test.ts [2m([22m[2m25 tests[22m[2m)[22m[32m 172[2mms[22m[39m
 [32m✓[39m [30m[42m commands [49m[39m src/commands/agents.delete.workspace.test.ts [2m([22m[2m10 tests[22m[2m)[22m[33m 1767[2mms[22m[39m
 [32m✓[39m [30m[42m commands [49m[39m src/commands/channels.status.command-flow.test.ts [2m([22m[2m14 tests[22m[2m)[22m[32m 11[2mms[22m[39m
 [32m✓[39m [30m[42m commands [49m[39m src/commands/doctor-gateway-health.test.ts [2m([22m[2m20 tests[22m[2m)[22m[32m 13[2mms[22m[39m
│
◇  Auth profiles ──────────────────────────────────────────────────────────────────────────╮
│                                                                                          │
│  - /tmp/openclaw-doctor-oauth-sidecar-EKdRXT/state/agents/main/agent/auth-profiles.json  │
│    has legacy Codex OAuth profiles to migrate.                                           │
│  - openclaw doctor --fix migrates active profiles back to inline OAuth                   │
│    credentials and removes only sidecar files it successfully migrated.                  │
│                                                                                          │
├──────────────────────────────────────────────────────────────────────────────────────────╯
│
◇  Doctor changes ─────────────────────────────────────────────────────────────────────────────────────────────╮
│                                                                                                              │
│  - Migrated 1 legacy Codex OAuth profile in                                                                  │
│    /tmp/openclaw-doctor-oauth-sidecar-EKdRXT/state/agents/main/agent/auth-profiles.json                      │
│    to inline credentials (backup:                                                                            │
│    /tmp/openclaw-doctor-oauth-sidecar-EKdRXT/state/agents/main/agent/auth-profiles.json.oauth-ref.123.bak).  │
│                                                                                                              │
├──────────────────────────────────────────────────────────────────────────────────────────────────────────────╯
│
◇  Auth profiles ──────────────────────────────────────────────────────────────────────────╮
│                                                                                          │
│  - /tmp/openclaw-doctor-oauth-sidecar-bBQCaE/state/agents/main/agent/auth-profiles.json  │
│    has legacy Codex OAuth profiles to migrate.                                           │
│  - openclaw doctor --fix migrates active profiles back to inline OAuth                   │
│    credentials and removes only sidecar files it successfully migrated.                  │
│                                                                                          │
├──────────────────────────────────────────────────────────────────────────────────────────╯
│
◇  Auth profiles ─────────────────────────────────────────────────────────────────────────────────╮
│                                                                                                 │
│  - /tmp/openclaw-doctor-oauth-sidecar-ylyRJP/state/agents/retired-ops/agent/auth-profiles.json  │
│    has legacy Codex OAuth profiles to migrate.                                                  │
│  - openclaw doctor --fix migrates active profiles back to inline OAuth                          │
│    credentials and removes only sidecar files it successfully migrated.                         │
│                                                                                                 │
├─────────────────────────────────────────────────────────────────────────────────────────────────╯
│
◇  Doctor changes ────────────────────────────────────────────────────────────────────────────────────────────────────╮
│                                                                                                                     │
│  - Migrated 1 legacy Codex OAuth profile in                                                                         │
│    /tmp/openclaw-doctor-oauth-sidecar-ylyRJP/state/agents/retired-ops/agent/auth-profiles.json                      │
│    to inline credentials (backup:                                                                                   │
│    /tmp/openclaw-doctor-oauth-sidecar-ylyRJP/state/agents/retired-ops/agent/auth-profiles.json.oauth-ref.234.bak).  │
│                                                                                                                     │
├─────────────────────────────────────────────────────────────────────────────────────────────────────────────────────╯
│
◇  Auth profiles ──────────────────────────────────────────────────────────────────────────╮
│                                                                                          │
│  - /tmp/openclaw-doctor-oauth-sidecar-6cicOw/state/agents/main/agent/auth-profiles.json  │
│    has legacy Codex OAuth profiles to migrate.                                           │
│  - openclaw doctor --fix migrates active profiles back to inline OAuth                   │
│    credentials and removes only sidecar files it successfully migrated.                  │
│                                                                                          │
├──────────────────────────────────────────────────────────────────────────────────────────╯
│
◇  Doctor warnings ─────────────────────────────────────────────────────────────────────────╮
│                                                                                           │
│  - Could not decrypt legacy OAuth sidecar for openai-codex:default in                     │
│    /tmp/openclaw-doctor-oauth-sidecar-6cicOw/state/agents/main/agent/auth-profiles.json;  │
│    re-authenticate this profile.                                                          │
│                                                                                           │
├───────────────────────────────────────────────────────────────────────────────────────────╯
│
◇  Auth profiles ──────────────────────────────────────────────────────────╮
│                                                                          │
│  - Found 1 unreferenced legacy Codex OAuth sidecar credential file.      │
│  - Unreferenced sidecar files are left in place because external agent   │
│    directories outside this scan may still reference them.               │
│  - openclaw doctor --fix migrates active profiles back to inline OAuth   │
│    credentials and removes only sidecar files it successfully migrated.  │
│                                                                          │
├──────────────────────────────────────────────────────────────────────────╯
│
◇  Doctor warnings ──────────────────────────────────────────────────────╮
│                                                                        │
│  - Found 1 unreferenced legacy Codex OAuth sidecar credential file;    │
│    left in place because external agent directories outside this scan  │
│    may still reference it.                                             │
│                                                                        │
├────────────────────────────────────────────────────────────────────────╯
│
◇  Auth profiles ──────────────────────────────────────────────────────────╮
│                                                                          │
│  - Found 1 unreferenced legacy Codex OAuth sidecar credential file.      │
│  - Unreferenced sidecar files are left in place because external agent   │
│    directories outside this scan may still reference them.               │
│  - openclaw doctor --fix migrates active profiles back to inline OAuth   │
│    credentials and removes only sidecar files it successfully migrated.  │
│                                                                          │
├──────────────────────────────────────────────────────────────────────────╯
│
◇  Doctor warnings ──────────────────────────────────────────────────────╮
│                                                                        │
│  - Found 1 unreferenced legacy Codex OAuth sidecar credential file;    │
│    left in place because external agent directories outside this scan  │
│    may still reference it.                                             │
│                                                                        │
├────────────────────────────────────────────────────────────────────────╯
│
◇  Auth profiles ────────────────────────────────────────────────────────────────────────────╮
│                                                                                            │
│  - /tmp/openclaw-doctor-oauth-sidecar-kpAY49/state/agents/linked/agent/auth-profiles.json  │
│    has legacy Codex OAuth profiles to migrate.                                             │
│  - openclaw doctor --fix migrates active profiles back to inline OAuth                     │
│    credentials and removes only sidecar files it successfully migrated.                    │
│                                                                                            │
├────────────────────────────────────────────────────────────────────────────────────────────╯
│
◇  Doctor changes ─────────────────────────────────────────────────────────────────────────────────────────────────────────╮
│                                                                                                                          │
│  - Migrated 1 legacy Codex OAuth profile in                                                                              │
│    /tmp/openclaw-doctor-oauth-sidecar-kpAY49/state/agents/linked/agent/auth-profiles.json                                │
│    to inline credentials (backup:                                                                                        │
│    /tmp/openclaw-doctor-oauth-sidecar-kpAY49/state/agents/linked/agent/auth-profiles.json.oauth-ref.1787493409443.bak).  │
│                                                                                                                          │
├──────────────────────────────────────────────────────────────────────────────────────────────────────────────────────────╯
│
◇  Auth profiles ─────────────────────────────────────────────────────────────────╮
│                                                                                 │
│  - /tmp/openclaw-doctor-oauth-sidecar-abZiZq/external-agent/auth-profiles.json  │
│    has legacy Codex OAuth profiles to migrate.                                  │
│  - openclaw doctor --fix migrates active profiles back to inline OAuth          │
│    credentials and removes only sidecar files it successfully migrated.         │
│                                                                                 │
├─────────────────────────────────────────────────────────────────────────────────╯
│
◇  Doctor changes ────────────────────────────────────────────────────────────────────────────────────╮
│                                                                                                     │
│  - Migrated 1 legacy Codex OAuth profile in                                                         │
│    /tmp/openclaw-doctor-oauth-sidecar-abZiZq/external-agent/auth-profiles.json                      │
│    to inline credentials (backup:                                                                   │
│    /tmp/openclaw-doctor-oauth-sidecar-abZiZq/external-agent/auth-profiles.json.oauth-ref.789.bak).  │
│                                                                                                     │
├─────────────────────────────────────────────────────────────────────────────────────────────────────╯
│
◇  Auth profiles ───────────────────────────────────────────────────────────╮
│                                                                           │
│  - /tmp/openclaw-doctor-oauth-sidecar-lexjSe/pi-agent/auth-profiles.json  │
│    has legacy Codex OAuth profiles to migrate.                            │
│  - openclaw doctor --fix migrates active profiles back to inline OAuth    │
│    credentials and removes only sidecar files it successfully migrated.   │
│                                                                           │
├───────────────────────────────────────────────────────────────────────────╯
│
◇  Doctor changes ──────────────────────────────────────────────────────────────────────────────╮
│                                                                                               │
│  - Migrated 1 legacy Codex OAuth profile in                                                   │
│    /tmp/openclaw-doctor-oauth-sidecar-lexjSe/pi-agent/auth-profiles.json                      │
│    to inline credentials (backup:                                                             │
│    /tmp/openclaw-doctor-oauth-sidecar-lexjSe/pi-agent/auth-profiles.json.oauth-ref.987.bak).  │
│                                                                                               │
├───────────────────────────────────────────────────────────────────────────────────────────────╯
│
◇  Auth profiles ────────────────────────────────────────────────────────────────────────────╮
│                                                                                            │
│  - /tmp/openclaw-doctor-oauth-sidecar-YKZnRh/state/agents/main/agent/auth-profiles.json    │
│    has legacy Codex OAuth profiles to migrate.                                             │
│  - /tmp/openclaw-doctor-oauth-sidecar-YKZnRh/state/agents/worker/agent/auth-profiles.json  │
│    has legacy Codex OAuth profiles to migrate.                                             │
│  - openclaw doctor --fix migrates active profiles back to inline OAuth                     │
│    credentials and removes only sidecar files it successfully migrated.                    │
│                                                                                            │
├────────────────────────────────────────────────────────────────────────────────────────────╯
│
◇  Doctor changes ───────────────────────────────────────────────────────────────────────────────────────────────╮
│                                                                                                                │
│  - Migrated 1 legacy Codex OAuth profile in                                                                    │
│    /tmp/openclaw-doctor-oauth-sidecar-YKZnRh/state/agents/main/agent/auth-profiles.json                        │
│    to inline credentials (backup:                                                                              │
│    /tmp/openclaw-doctor-oauth-sidecar-YKZnRh/state/agents/main/agent/auth-profiles.json.oauth-ref.456.bak).    │
│  - Migrated 1 legacy Codex OAuth profile in                                                                    │
│    /tmp/openclaw-doctor-oauth-sidecar-YKZnRh/state/agents/worker/agent/auth-profiles.json                      │
│    to inline credentials (backup:                                                                              │
│    /tmp/openclaw-doctor-oauth-sidecar-YKZnRh/state/agents/worker/agent/auth-profiles.json.oauth-ref.456.bak).  │
│                                                                                                                │
├────────────────────────────────────────────────────────────────────────────────────────────────────────────────╯
 [32m✓[39m [30m[42m commands [49m[39m src/commands/doctor-auth-oauth-sidecar.test.ts [2m([22m[2m10 tests[22m[2m)[22m[32m 79[2mms[22m[39m
[90mstderr[2m | src/commands/setup.test.ts[2m > [22m[2msetupCommand[2m > [22m[2mdoes not copy an entry workspace into defaults during a gateway-only write
[22m[39mConfig (/tmp/openclaw-test-home-gdcbBU/case-5/.openclaw/openclaw.json): Removed retired agents.entries.*.default markers.

[90mstderr[2m | src/commands/setup.test.ts[2m > [22m[2msetupCommand[2m > [22m[2mupdates only inherited workspace defaults beside an include-owned roster
[22m[39mConfig (/tmp/openclaw-test-home-gdcbBU/case-8/.openclaw/openclaw.json): Removed retired agents.entries.*.default markers.

[90mstderr[2m | src/commands/setup.test.ts[2m > [22m[2msetupCommand[2m > [22m[2mupdates inherited workspace defaults below a nested roster include
[22m[39mConfig (/tmp/openclaw-test-home-gdcbBU/case-9/.openclaw/openclaw.json): Removed retired agents.entries.*.default markers.

 [32m✓[39m [30m[42m commands [49m[39m src/commands/setup.test.ts [2m([22m[2m17 tests[22m[2m)[22m[33m 3528[2mms[22m[39m
     [33m[2m✓[22m[39m updates the default entry workspace created by fresh setup [33m 315[2mms[22m[39m
     [33m[2m✓[22m[39m keeps the default entry workspace on bare setup [33m 325[2mms[22m[39m
     [33m[2m✓[22m[39m does not copy an entry workspace into defaults during a gateway-only write [33m 394[2mms[22m[39m
     [33m[2m✓[22m[39m updates only inherited workspace defaults beside an include-owned roster [33m 391[2mms[22m[39m
     [33m[2m✓[22m[39m updates inherited workspace defaults below a nested roster include [33m 379[2mms[22m[39m
     [33m[2m✓[22m[39m persists a roster when existing setup settings already match [33m 390[2mms[22m[39m
 [32m✓[39m [30m[42m commands [49m[39m src/commands/onboard-inference.test.ts [2m([22m[2m33 tests[22m[2m)[22m[32m 14[2mms[22m[39m
 [32m✓[39m [30m[42m commands [49m[39m src/commands/message.test.ts [2m([22m[2m14 tests[22m[2m)[22m[33m 651[2mms[22m[39m
 [32m✓[39m [30m[42m commands [49m[39m src/commands/doctor-config-analysis.test.ts [2m([22m[2m38 tests[22m[2m)[22m[32m 9[2mms[22m[39m
 [32m✓[39m [30m[42m commands [49m[39m src/commands/models/list.probe.test.ts [2m([22m[2m8 tests[22m[2m)[22m[33m 935[2mms[22m[39m
     [33m[2m✓[22m[39m runs Codex-pinned auth probes through raw OpenClaw model-run mode [33m 483[2mms[22m[39m
 [32m✓[39m [30m[42m commands [49m[39m src/commands/doctor/shared/plugin-registry-migration.test.ts [2m([22m[2m13 tests[22m[2m)[22m[33m 1089[2mms[22m[39m
 [32m✓[39m [30m[42m commands [49m[39m src/commands/onboard-remote-gateway.test.ts [2m([22m[2m10 tests[22m[2m)[22m[32m 257[2mms[22m[39m
 [32m✓[39m [30m[42m commands [49m[39m src/commands/agent.runtime-config.test.ts [2m([22m[2m11 tests[22m[2m)[22m[32m 263[2mms[22m[39m
 [32m✓[39m [30m[42m commands [49m[39m src/commands/status-all/diagnosis.test.ts [2m([22m[2m18 tests[22m[2m)[22m[32m 4[2mms[22m[39m
 [32m✓[39m [30m[42m commands [49m[39m src/commands/onboard-auth.test.ts [2m([22m[2m13 tests[22m[2m)[22m[33m 3063[2mms[22m[39m
     [33m[2m✓[22m[39m persists primary and main OAuth rows while later siblings inherit [33m 498[2mms[22m[39m
     [33m[2m✓[22m[39m handles plaintext, ref mode, and inline env-ref provider keys [33m 1057[2mms[22m[39m
     [33m[2m✓[22m[39m stores provider-specific env refs and metadata in ref mode [33m 700[2mms[22m[39m
 [32m✓[39m [30m[42m commands [49m[39m src/commands/doctor-update.test.ts [2m([22m[2m13 tests[22m[2m)[22m[32m 8[2mms[22m[39m
 [32m✓[39m [30m[42m commands [49m[39m src/commands/sandbox-explain.test.ts [2m([22m[2m16 tests[22m[2m)[22m[33m 728[2mms[22m[39m
 [32m✓[39m [30m[42m commands [49m[39m src/commands/doctor-workspace.test.ts [2m([22m[2m16 tests[22m[2m)[22m[32m 133[2mms[22m[39m
 [32m✓[39m [30m[42m commands [49m[39m src/commands/doctor-tools-md-migration.test.ts [2m([22m[2m25 tests[22m[2m)[22m[33m 746[2mms[22m[39m
 [32m✓[39m [30m[42m commands [49m[39m src/commands/doctor/shared/legacy-config-migrations.qqbot.test.ts [2m([22m[2m22 tests[22m[2m)[22m[32m 11[2mms[22m[39m
 [32m✓[39m [30m[42m commands [49m[39m src/commands/doctor-session-incognito-key-repair.test.ts [2m([22m[2m3 tests[22m[2m)[22m[33m 745[2mms[22m[39m
     [33m[2m✓[22m[39m renames durable collisions and every key-bearing linkage idempotently [33m 354[2mms[22m[39m
 [32m✓[39m [30m[42m commands [49m[39m src/commands/channels/capabilities.test.ts [2m([22m[2m15 tests[22m[2m)[22m[32m 77[2mms[22m[39m
 [32m✓[39m [30m[42m commands [49m[39m src/commands/agent.acp.test.ts [2m([22m[2m7 tests[22m[2m)[22m[33m 2181[2mms[22m[39m
     [33m[2m✓[22m[39m routes ACP sessions and preserves exact transcript text [33m 399[2mms[22m[39m
     [33m[2m✓[22m[39m blocks ACP turns when disabled by policy [33m 501[2mms[22m[39m
 [32m✓[39m [30m[42m commands [49m[39m src/commands/promos/claim.test.ts [2m([22m[2m21 tests[22m[2m)[22m[33m 331[2mms[22m[39m
[90mstderr[2m | src/commands/doctor-config-preflight.test.ts[2m > [22m[2mrunDoctorConfigPreflight[2m > [22m[2mrestores invalid config from last-known-good only during repair preflight
[22m[39mConfig observe anomaly: /tmp/openclaw-config-GhSSPX/case-8/.openclaw/openclaw.json (gateway-mode-missing-vs-last-good)

[90mstderr[2m | src/commands/doctor-config-preflight.test.ts[2m > [22m[2mrunDoctorConfigPreflight[2m > [22m[2mrestores invalid config from last-known-good only during repair preflight
[22m[39mConfig auto-restored from last-known-good: /tmp/openclaw-config-GhSSPX/case-8/.openclaw/openclaw.json (doctor-invalid-config); Rejected validation details: <root>: JSON5 parse failed: SyntaxError: JSON5: invalid character 'j' at 1:11.

[90mstderr[2m | src/commands/doctor-config-preflight.test.ts[2m > [22m[2mrunDoctorConfigPreflight[2m > [22m[2mmigrates last-known-good gateway bind localhost to loopback before restoring
[22m[39mConfig observe anomaly: /tmp/openclaw-config-GhSSPX/case-9/.openclaw/openclaw.json (gateway-mode-missing-vs-last-good)

[90mstderr[2m | src/commands/doctor-config-preflight.test.ts[2m > [22m[2mrunDoctorConfigPreflight[2m > [22m[2mmigrates last-known-good gateway bind localhost to loopback before restoring
[22m[39mConfig auto-restored from last-known-good: /tmp/openclaw-config-GhSSPX/case-9/.openclaw/openclaw.json (doctor-invalid-config); Rejected validation details: <root>: JSON5 parse failed: SyntaxError: JSON5: invalid end of input at 1:34.

[90mstderr[2m | src/commands/doctor-config-preflight.test.ts[2m > [22m[2mrunDoctorConfigPreflight[2m > [22m[2mmigrates last-known-good gateway bind 0.0.0.0 to lan before restoring
[22m[39mConfig observe anomaly: /tmp/openclaw-config-GhSSPX/case-10/.openclaw/openclaw.json (gateway-mode-missing-vs-last-good)

[90mstderr[2m | src/commands/doctor-config-preflight.test.ts[2m > [22m[2mrunDoctorConfigPreflight[2m > [22m[2mmigrates last-known-good gateway bind 0.0.0.0 to lan before restoring
[22m[39mConfig auto-restored from last-known-good: /tmp/openclaw-config-GhSSPX/case-10/.openclaw/openclaw.json (doctor-invalid-config); Rejected validation details: <root>: JSON5 parse failed: SyntaxError: JSON5: invalid end of input at 1:34.

[90mstderr[2m | src/commands/doctor-config-preflight.test.ts[2m > [22m[2mrunDoctorConfigPreflight[2m > [22m[2mpreserves the active config when last-known-good cannot converge
[22m[39mConfig observe anomaly: /tmp/openclaw-config-GhSSPX/case-11/.openclaw/openclaw.json (gateway-mode-missing-vs-last-good)

[90mstderr[2m | src/commands/doctor-config-preflight.test.ts[2m > [22m[2mrunDoctorConfigPreflight[2m > [22m[2mpreserves the active config when last-known-good cannot converge
[22m[39mConfig last-known-good recovery skipped: candidate remains invalid after legacy migration: gateway.bind: Invalid input (allowed: "auto", "lan", "loopback", "custom", "tailnet") (doctor-invalid-config)

[90mstderr[2m | src/commands/doctor-config-preflight.test.ts[2m > [22m[2mrunDoctorConfigPreflight[2m > [22m[2mrestores last-known-good for malformed plugin policy values
[22m[39mConfig auto-restored from last-known-good: /tmp/openclaw-config-GhSSPX/case-14/.openclaw/openclaw.json (doctor-invalid-config); Rejected validation details: plugins.deny: Invalid input: expected array, received string.

 [32m✓[39m [30m[42m commands [49m[39m src/commands/doctor-config-preflight.test.ts [2m([22m[2m16 tests[22m[2m)[22m[33m 3468[2mms[22m[39m
     [33m[2m✓[22m[39m renders legacy context-budget notices with their config paths [33m 378[2mms[22m[39m
     [33m[2m✓[22m[39m restores invalid config from last-known-good only during repair preflight [33m 364[2mms[22m[39m
     [33m[2m✓[22m[39m does not restore last-known-good for stale plugins.deny entries [33m 326[2mms[22m[39m
     [33m[2m✓[22m[39m restores last-known-good for malformed plugin policy values [33m 357[2mms[22m[39m
 [32m✓[39m [30m[42m commands [49m[39m src/commands/agents.providers.test.ts [2m([22m[2m15 tests[22m[2m)[22m[32m 83[2mms[22m[39m
 [32m✓[39m [30m[42m commands [49m[39m src/commands/doctor-workspace-status.test.ts [2m([22m[2m12 tests[22m[2m)[22m[32m 12[2mms[22m[39m
 [32m✓[39m [30m[42m commands [49m[39m src/commands/doctor/shared/channel-doctor.test.ts [2m([22m[2m15 tests[22m[2m)[22m[32m 5[2mms[22m[39m
 [32m✓[39m [30m[42m commands [49m[39m src/commands/status-runtime-shared.test.ts [2m([22m[2m22 tests[22m[2m)[22m[33m 386[2mms[22m[39m
 [32m✓[39m [30m[42m commands [49m[39m src/commands/doctor/shared/config-flow-steps.test.ts [2m([22m[2m12 tests[22m[2m)[22m[32m 142[2mms[22m[39m
 [32m✓[39m [30m[42m commands [49m[39m src/commands/onboard-remote.test.ts [2m([22m[2m12 tests[22m[2m)[22m[32m 60[2mms[22m[39m
 [32m✓[39m [30m[42m commands [49m[39m src/commands/agents.test.ts [2m([22m[2m16 tests[22m[2m)[22m[32m 6[2mms[22m[39m
 [32m✓[39m [30m[42m commands [49m[39m src/commands/auth-choice.model-check.test.ts [2m([22m[2m16 tests[22m[2m)[22m[33m 4189[2mms[22m[39m
     [33m[2m✓[22m[39m skips catalog validation when requested while keeping auth checks [33m 389[2mms[22m[39m
     [33m[2m✓[22m[39m accepts pending auth profiles collected by the current setup transaction [33m 551[2mms[22m[39m
     [33m[2m✓[22m[39m accepts subscription auth but not key sources for gpt-5.3-codex-spark [33m 448[2mms[22m[39m
 [32m✓[39m [30m[42m commands [49m[39m src/commands/doctor-state-sqlite-compact.test.ts [2m([22m[2m14 tests[22m[2m)[22m[33m 14692[2mms[22m[39m
     [33m[2m✓[22m[39m compacts the canonical database and reports verified before/after state [33m 1250[2mms[22m[39m
     [33m[2m✓[22m[39m compacts pre-bootstrap-column v6 state without migrating it [33m 1217[2mms[22m[39m
     [33m[2m✓[22m[39m clears authoritative quarantine after compaction [33m 1542[2mms[22m[39m
     [33m[2m✓[22m[39m reapplies owner-only SQLite permissions [33m 1270[2mms[22m[39m
     [33m[2m✓[22m[39m rejects non-global schema metadata before mutation [33m 1142[2mms[22m[39m
     [33m[2m✓[22m[39m rejects a legacy shared-state schema before mutation [33m 1101[2mms[22m[39m
     [33m[2m✓[22m[39m rejects a future shared-state schema before mutation [33m 1135[2mms[22m[39m
     [33m[2m✓[22m[39m refuses a symlink at the canonical database path [33m 1115[2mms[22m[39m
     [33m[2m✓[22m[39m leaves the database untouched when exclusive state ownership is unavailable [33m 1146[2mms[22m[39m
     [33m[2m✓[22m[39m treats a busy truncating checkpoint as failure [33m 1174[2mms[22m[39m
     [33m[2m✓[22m[39m rejects stale secondary indexes before mutating the database [33m 1293[2mms[22m[39m
     [33m[2m✓[22m[39m rejects foreign-key violations before mutating the database [33m 1168[2mms[22m[39m
 [32m✓[39m [30m[42m commands [49m[39m src/commands/agent.session.test.ts [2m([22m[2m8 tests[22m[2m)[22m[33m 1800[2mms[22m[39m
     [33m[2m✓[22m[39m handles terminal main sessions whose transcript is newer than the registry [33m 654[2mms[22m[39m
 [32m✓[39m [30m[42m commands [49m[39m src/commands/doctor-skill-workshop-sqlite.test.ts [2m([22m[2m3 tests[22m[2m)[22m[33m 2637[2mms[22m[39m
     [33m[2m✓[22m[39m imports verified sidecars, preserves review artifacts, and removes legacy JSON [33m 2136[2mms[22m[39m
 [32m✓[39m [30m[42m commands [49m[39m src/commands/sessions-lifecycle.test.ts [2m([22m[2m16 tests[22m[2m)[22m[32m 54[2mms[22m[39m
│
◇  Heartbeat migration preview ──────────────────────────────────────────╮
│                                                                        │
│  /tmp/openclaw-heartbeat-migration-v1BxL0/workspace/HEARTBEAT.md will  │
│  migrate into scratch for Heartbeat (main).                            │
│                                                                        │
├────────────────────────────────────────────────────────────────────────╯
│
◇  Doctor changes ───────────────────────────────────────────────────────╮
│                                                                        │
│  Migrated                                                              │
│  /tmp/openclaw-heartbeat-migration-v1BxL0/workspace/HEARTBEAT.md into  │
│  cron scratch for Heartbeat (main).                                    │
│                                                                        │
├────────────────────────────────────────────────────────────────────────╯
│
◇  Heartbeat migration preview ──────────────────────────────────────────╮
│                                                                        │
│  /tmp/openclaw-heartbeat-migration-VXvWVd/workspace/HEARTBEAT.md will  │
│  migrate into scratch for Heartbeat (main).                            │
│                                                                        │
├────────────────────────────────────────────────────────────────────────╯
│
◇  Doctor changes ───────────────────────────────────────────────────────╮
│                                                                        │
│  Migrated                                                              │
│  /tmp/openclaw-heartbeat-migration-VXvWVd/workspace/HEARTBEAT.md into  │
│  cron scratch for Heartbeat (main).                                    │
│                                                                        │
├────────────────────────────────────────────────────────────────────────╯
│
◇  Doctor warnings ─────────────────────────────────────────────────────╮
│                                                                       │
│  Agent "main" already has different cron scratch;                     │
│  /tmp/openclaw-heartbeat-migration-VXvWVd/workspace/HEARTBEAT.md was  │
│  left unchanged.                                                      │
│                                                                       │
├───────────────────────────────────────────────────────────────────────╯
│
◇  Doctor changes ───────────────────────────────────────────────────────╮
│                                                                        │
│  Migrated                                                              │
│  /tmp/openclaw-heartbeat-migration-BIOvEq/workspace/HEARTBEAT.md into  │
│  cron scratch for Heartbeat (main).                                    │
│  Migrated                                                              │
│  /tmp/openclaw-heartbeat-migration-BIOvEq/workspace/HEARTBEAT.md into  │
│  cron scratch for Heartbeat (ops).                                     │
│                                                                        │
├────────────────────────────────────────────────────────────────────────╯
│
◇  Doctor changes ───────────────────────────────────────────────────────╮
│                                                                        │
│  Migrated                                                              │
│  /tmp/openclaw-heartbeat-migration-E0N9yI/workspace/HEARTBEAT.md into  │
│  cron scratch for Heartbeat (main).                                    │
│                                                                        │
├────────────────────────────────────────────────────────────────────────╯
│
◇  Doctor changes ───────────────────────────────────────────────────────╮
│                                                                        │
│  Migrated                                                              │
│  /tmp/openclaw-heartbeat-migration-4w3xGu/workspace/HEARTBEAT.md into  │
│  cron scratch for Heartbeat (main).                                    │
│                                                                        │
├────────────────────────────────────────────────────────────────────────╯
│
◇  Doctor warnings ─────────────────────────────────────────────────────╮
│                                                                       │
│  Agent "main" scratch was explicitly unset;                           │
│  /tmp/openclaw-heartbeat-migration-4w3xGu/workspace/HEARTBEAT.md was  │
│  left unchanged.                                                      │
│                                                                       │
├───────────────────────────────────────────────────────────────────────╯
│
◇  Doctor warnings ─────────────────────────────────────────────────────╮
│                                                                       │
│  /tmp/openclaw-heartbeat-migration-5iScJ3/workspace/HEARTBEAT.md was  │
│  not migrated: HEARTBEAT.md changed before the migration claim was    │
│  acquired. Rerun doctor to retry safely.                              │
│                                                                       │
├───────────────────────────────────────────────────────────────────────╯
│
◇  Doctor warnings ─────────────────────────────────────────────────────────────────────────────────────────────────────────────╮
│                                                                                                                               │
│  /tmp/openclaw-heartbeat-migration-6ZXYJX/workspace/HEARTBEAT.md was                                                          │
│  not migrated: HEARTBEAT.md was recreated during migration; the claimed                                                       │
│  original is preserved at                                                                                                     │
│  /tmp/openclaw-heartbeat-migration-6ZXYJX/workspace/HEARTBEAT.md.doctor-importing-765405-f6c6ffcd2d78.conflict-1787493457179  │
│  | EEXIST: file already exists, link                                                                                          │
│  '/tmp/openclaw-heartbeat-migration-6ZXYJX/workspace/HEARTBEAT.md.doctor-importing-765405-f6c6ffcd2d78'                       │
│  -> '/tmp/openclaw-heartbeat-migration-6ZXYJX/workspace/HEARTBEAT.md' |                                                       │
│  EEXIST. Rerun doctor to retry safely.                                                                                        │
│                                                                                                                               │
├───────────────────────────────────────────────────────────────────────────────────────────────────────────────────────────────╯
│
◇  Doctor changes ───────────────────────────────────────────────────────╮
│                                                                        │
│  Migrated                                                              │
│  /tmp/openclaw-heartbeat-migration-ZPcu99/workspace/HEARTBEAT.md into  │
│  cron scratch for Heartbeat (main).                                    │
│                                                                        │
├────────────────────────────────────────────────────────────────────────╯
│
◇  Doctor warnings ────────────────────────────────────────────────────╮
│                                                                      │
│  Agent "main" HEARTBEAT.md was not migrated: a migration claim for   │
│  /tmp/openclaw-heartbeat-migration-bsLiDC/workspace/HEARTBEAT.md is  │
│  held by running process 1; wait for that doctor run to finish       │
│                                                                      │
├──────────────────────────────────────────────────────────────────────╯
│
◇  Doctor changes ───────────────────────────────────────────────────────╮
│                                                                        │
│  Migrated                                                              │
│  /tmp/openclaw-heartbeat-migration-O7LFL5/workspace/HEARTBEAT.md into  │
│  cron scratch for Heartbeat (main).                                    │
│                                                                        │
├────────────────────────────────────────────────────────────────────────╯
│
◇  Doctor warnings ──────────────────────────────────────────────────╮
│                                                                    │
│  Agent "main" HEARTBEAT.md was not migrated: HEARTBEAT.md symlink  │
│  target escapes the agent workspace                                │
│                                                                    │
├────────────────────────────────────────────────────────────────────╯
 [32m✓[39m [30m[42m commands [49m[39m src/commands/doctor-heartbeat-scratch-migration.test.ts [2m([22m[2m11 tests[22m[2m)[22m[33m 1363[2mms[22m[39m
 [32m✓[39m [30m[42m commands [49m[39m src/commands/gateway-readiness.test.ts [2m([22m[2m12 tests[22m[2m)[22m[32m 4[2mms[22m[39m
 [32m✓[39m [30m[42m commands [49m[39m src/commands/onboard-non-interactive/local/gateway-config.test.ts [2m([22m[2m29 tests[22m[2m)[22m[32m 113[2mms[22m[39m
 [32m✓[39m [30m[42m commands [49m[39m src/commands/sessions.model-resolution.test.ts [2m([22m[2m11 tests[22m[2m)[22m[33m 2896[2mms[22m[39m
     [33m[2m✓[22m[39m prefers the persisted override model for subagent sessions in JSON output [33m 418[2mms[22m[39m
 [32m✓[39m [30m[42m commands [49m[39m src/commands/doctor/shared/plugin-dependency-cleanup.test.ts [2m([22m[2m9 tests[22m[2m)[22m[32m 125[2mms[22m[39m
 [32m✓[39m [30m[42m commands [49m[39m src/commands/backup-restore.test.ts [2m([22m[2m7 tests[22m[2m)[22m[33m 558[2mms[22m[39m
     [33m[2m✓[22m[39m round-trips a backup into a fresh target with matching inventory and readable databases [33m 542[2mms[22m[39m
 [32m✓[39m [30m[42m commands [49m[39m src/commands/models/list.configured.test.ts [2m([22m[2m8 tests[22m[2m)[22m[33m 495[2mms[22m[39m
 [32m✓[39m [30m[42m commands [49m[39m src/commands/models/list.scoped-catalog.test.ts [2m([22m[2m11 tests[22m[2m)[22m[32m 58[2mms[22m[39m
 [32m✓[39m [30m[42m commands [49m[39m src/commands/backup-sqlite.test.ts [2m([22m[2m10 tests[22m[2m)[22m[33m 3556[2mms[22m[39m
     [33m[2m✓[22m[39m creates, lists, verifies, and fresh-restores the global database [33m 2018[2mms[22m[39m
     [33m[2m✓[22m[39m creates a snapshot for a normalized per-agent database [33m 1298[2mms[22m[39m
 [32m✓[39m [30m[42m commands [49m[39m src/commands/doctor-sqlite-maintenance-lock.test.ts [2m([22m[2m19 tests[22m[2m)[22m[32m 94[2mms[22m[39m
 [32m✓[39m [30m[42m commands [49m[39m src/commands/doctor-sandbox.warns-sandbox-enabled-without-docker.test.ts [2m([22m[2m13 tests[22m[2m)[22m[32m 69[2mms[22m[39m
 [32m✓[39m [30m[42m commands [49m[39m src/commands/doctor-claude-cli.test.ts [2m([22m[2m9 tests[22m[2m)[22m[32m 8[2mms[22m[39m
 [32m✓[39m [30m[42m commands [49m[39m src/commands/agent/session.test.ts [2m([22m[2m17 tests[22m[2m)[22m[32m 86[2mms[22m[39m
 [32m✓[39m [30m[42m commands [49m[39m src/commands/auth-choice-prompt.test.ts [2m([22m[2m6 tests[22m[2m)[22m[32m 6[2mms[22m[39m
 [32m✓[39m [30m[42m commands [49m[39m src/commands/doctor-device-pairing.test.ts [2m([22m[2m9 tests[22m[2m)[22m[33m 4638[2mms[22m[39m
     [33m[2m✓[22m[39m warns about pending scope upgrades from local pairing state when the gateway is down [33m 742[2mms[22m[39m
     [33m[2m✓[22m[39m warns when the local cached device token predates the gateway rotation [33m 692[2mms[22m[39m
     [33m[2m✓[22m[39m does not suggest rotating local auth for a role that is no longer approved [33m 704[2mms[22m[39m
     [33m[2m✓[22m[39m uses gateway device pairing state when the gateway is healthy [33m 610[2mms[22m[39m
     [33m[2m✓[22m[39m sanitizes device labels before printing doctor notes [33m 566[2mms[22m[39m
     [33m[2m✓[22m[39m quotes untrusted device pairing fields in suggested commands [33m 599[2mms[22m[39m
     [33m[2m✓[22m[39m does not duplicate missing-token warnings when local cache exists for an approved role [33m 669[2mms[22m[39m
 [32m✓[39m [30m[42m commands [49m[39m src/commands/onboard-agent-target.test.ts [2m([22m[2m13 tests[22m[2m)[22m[32m 164[2mms[22m[39m
 [32m✓[39m [30m[42m commands [49m[39m src/commands/sandbox.test.ts [2m([22m[2m19 tests[22m[2m)[22m[32m 82[2mms[22m[39m
 [32m✓[39m [30m[42m commands [49m[39m src/commands/channel-setup/channel-plugin-resolution.test.ts [2m([22m[2m8 tests[22m[2m)[22m[32m 86[2mms[22m[39m
 [32m✓[39m [30m[42m commands [49m[39m src/commands/doctor-session-transcript-headers.test.ts [2m([22m[2m7 tests[22m[2m)[22m[33m 1204[2mms[22m[39m
 [32m✓[39m [30m[42m commands [49m[39m src/commands/gateway-status/output.test.ts [2m([22m[2m9 tests[22m[2m)[22m[32m 3[2mms[22m[39m
│
◇  Shell completion ──────────────────────────────────────────────╮
│                                                                 │
│  Shell completion installed. Restart your shell or run: source  │
│  ~/.bash_profile                                                │
│                                                                 │
├─────────────────────────────────────────────────────────────────╯
│
◇  Shell completion ──────────────────────────────────────────────╮
│                                                                 │
│  Shell completion installed. Restart your shell or run: source  │
│  '/tmp/openclaw doctor zsh profile-mfiTTv/.zshrc'               │
│                                                                 │
├─────────────────────────────────────────────────────────────────╯
│
◇  Shell completion ──────────────────────────────────────────────╮
│                                                                 │
│  Shell completion installed. Restart your shell or run: source  │
│  '/tmp/openclaw doctor fish profile-XaoZc9/fish/config.fish'    │
│                                                                 │
├─────────────────────────────────────────────────────────────────╯
│
◇  Shell completion ────────────────────────────────────────────────╮
│                                                                   │
│  Your bash profile uses slow dynamic completion (source <(...)).  │
│  Upgrading to cached completion for faster shell startup...       │
│                                                                   │
├───────────────────────────────────────────────────────────────────╯
│
◇  Shell completion ─────────────────────────────────────────────────╮
│                                                                    │
│  Shell completion not upgraded:                                    │
│  /tmp/openclaw-doctor-home-rYlWV9/.bashrc is not writable. Run     │
│  `openclaw completion --install` against a writable profile file.  │
│                                                                    │
├────────────────────────────────────────────────────────────────────╯
│
◇  Shell completion ────────────────────────────────────────────────╮
│                                                                   │
│  Your bash profile uses slow dynamic completion (source <(...)).  │
│  Upgrading to cached completion for faster shell startup...       │
│                                                                   │
├───────────────────────────────────────────────────────────────────╯
│
◇  Shell completion ─────────────────────────────────────────────────╮
│                                                                    │
│  Shell completion not upgraded:                                    │
│  /tmp/openclaw-doctor-home-ahmE6u/.bashrc is not writable. Run     │
│  `openclaw completion --install` against a writable profile file.  │
│                                                                    │
├────────────────────────────────────────────────────────────────────╯
│
◇  Shell completion ────────────────────────────────────────────────╮
│                                                                   │
│  Your bash profile uses slow dynamic completion (source <(...)).  │
│  Upgrading to cached completion for faster shell startup...       │
│                                                                   │
├───────────────────────────────────────────────────────────────────╯
│
◇  Shell completion ─────────────────────────────────────────────────╮
│                                                                    │
│  Shell completion not upgraded:                                    │
│  /tmp/openclaw-doctor-home-UurBpH/.bashrc is not writable. Run     │
│  `openclaw completion --install` against a writable profile file.  │
│                                                                    │
├────────────────────────────────────────────────────────────────────╯
│
◇  Shell completion ────────────────────────────────────────────────────╮
│                                                                       │
│  Shell completion not installed:                                      │
│  /tmp/openclaw-doctor-home-Lafu2m/.bash_profile is not writable. Run  │
│  `openclaw completion --install` against a writable profile file.     │
│                                                                       │
├───────────────────────────────────────────────────────────────────────╯
│
◇  Shell completion ────────────────────────────────────────────────────╮
│                                                                       │
│  Shell completion not installed:                                      │
│  /tmp/openclaw-doctor-home-fqOUpO/.bash_profile is not writable. Run  │
│  `openclaw completion --install` against a writable profile file.     │
│                                                                       │
├───────────────────────────────────────────────────────────────────────╯
│
◇  Shell completion ────────────────────────────────────────────────────╮
│                                                                       │
│  Shell completion not installed:                                      │
│  /tmp/openclaw-doctor-home-OY537k/.bash_profile is not writable. Run  │
│  `openclaw completion --install` against a writable profile file.     │
│                                                                       │
├───────────────────────────────────────────────────────────────────────╯
│
◇  Shell completion ────────────────────────────────────────────────╮
│                                                                   │
│  Your bash profile uses slow dynamic completion (source <(...)).  │
│  Upgrading to cached completion for faster shell startup...       │
│                                                                   │
├───────────────────────────────────────────────────────────────────╯
 [32m✓[39m [30m[42m commands [49m[39m src/commands/doctor-completion.test.ts [2m([22m[2m19 tests[22m[2m)[22m[32m 36[2mms[22m[39m
 [32m✓[39m [30m[42m commands [49m[39m src/commands/models/aliases.test.ts [2m([22m[2m11 tests[22m[2m)[22m[32m 126[2mms[22m[39m
 [32m✓[39m [30m[42m commands [49m[39m src/commands/doctor-plugin-model-catalog.test.ts [2m([22m[2m11 tests[22m[2m)[22m[33m 1057[2mms[22m[39m
 [32m✓[39m [30m[42m commands [49m[39m src/commands/channel-setup/trusted-catalog.test.ts [2m([22m[2m12 tests[22m[2m)[22m[32m 103[2mms[22m[39m
 [32m✓[39m [30m[42m commands [49m[39m src/commands/agents.identity.test.ts [2m([22m[2m18 tests[22m[2m)[22m[32m 20[2mms[22m[39m
 [32m✓[39m [30m[42m commands [49m[39m src/commands/control-ui-handoff.test.ts [2m([22m[2m14 tests[22m[2m)[22m[32m 12[2mms[22m[39m
 [32m✓[39m [30m[42m commands [49m[39m src/commands/channels.remove.test.ts [2m([22m[2m5 tests[22m[2m)[22m[32m 162[2mms[22m[39m
 [32m✓[39m [30m[42m commands [49m[39m src/commands/export-trajectory.test.ts [2m([22m[2m16 tests[22m[2m)[22m[32m 72[2mms[22m[39m
│
◇  Existing config detected ─╮
│                            │
│                            │
│                            │
├────────────────────────────╯
│
◇  Existing config detected ─╮
│                            │
│                            │
│                            │
├────────────────────────────╯
│
◇  Existing config detected ─╮
│                            │
│                            │
│                            │
├────────────────────────────╯
│
◇  Existing config detected ─╮
│                            │
│                            │
│                            │
├────────────────────────────╯
│
◇  Existing config detected ─╮
│                            │
│                            │
│                            │
├────────────────────────────╯
│
◇  Existing config detected ─╮
│                            │
│                            │
│                            │
├────────────────────────────╯
 [32m✓[39m [30m[42m commands [49m[39m src/commands/configure.wizard.default-agent.test.ts [2m([22m[2m6 tests[22m[2m)[22m[32m 46[2mms[22m[39m
 [32m✓[39m [30m[42m commands [49m[39m src/commands/status.scan.test.ts [2m([22m[2m12 tests[22m[2m)[22m[32m 187[2mms[22m[39m
 [32m✓[39m [30m[42m commands [49m[39m src/commands/onboard-custom.test.ts [2m([22m[2m13 tests[22m[2m)[22m[32m 106[2mms[22m[39m
 [32m✓[39m [30m[42m commands [49m[39m src/commands/channels.config-only-status-output.test.ts [2m([22m[2m14 tests[22m[2m)[22m[33m 3701[2mms[22m[39m
     [33m[2m✓[22m[39m preserves exact config-only status filtering for 'bundled channel aliases' [33m 3614[2mms[22m[39m
 [32m✓[39m [30m[42m commands [49m[39m src/commands/doctor-retired-phone-control.test.ts [2m([22m[2m12 tests[22m[2m)[22m[33m 826[2mms[22m[39m
 [32m✓[39m [30m[42m commands [49m[39m src/commands/doctor-config-preflight.state-migration-input.test.ts [2m([22m[2m6 tests[22m[2m)[22m[33m 3476[2mms[22m[39m
     [33m[2m✓[22m[39m passes explicit corrupt-target recovery to state migrations [33m 604[2mms[22m[39m
     [33m[2m✓[22m[39m passes explicit Doctor-only migration authority only when requested [33m 564[2mms[22m[39m
     [33m[2m✓[22m[39m does not skip a retired custom cron partition on a pristine state root [33m 640[2mms[22m[39m
     [33m[2m✓[22m[39m runs plugin state migrations with resolved legacy config before config repair removes retired paths [33m 548[2mms[22m[39m
     [33m[2m✓[22m[39m keeps explicit Doctor repair authority for partially valid legacy config [33m 562[2mms[22m[39m
     [33m[2m✓[22m[39m runs config-independent state migration for invalid config [33m 558[2mms[22m[39m
 [32m✓[39m [30m[42m commands [49m[39m src/commands/models/auth-list.test.ts [2m([22m[2m8 tests[22m[2m)[22m[32m 85[2mms[22m[39m
 [32m✓[39m [30m[42m commands [49m[39m src/commands/doctor.test.ts [2m([22m[2m8 tests[22m[2m)[22m[32m 44[2mms[22m[39m
 [32m✓[39m [30m[42m commands [49m[39m src/commands/doctor-sandbox-legacy-registry.test.ts [2m([22m[2m7 tests[22m[2m)[22m[33m 607[2mms[22m[39m
 [32m✓[39m [30m[42m commands [49m[39m src/commands/channels.logs.test.ts [2m([22m[2m15 tests[22m[2m)[22m[32m 86[2mms[22m[39m
 [32m✓[39m [30m[42m commands [49m[39m src/commands/channel-setup/workspace-shadow-bypass.test.ts [2m([22m[2m6 tests[22m[2m)[22m[32m 126[2mms[22m[39m
 [32m✓[39m [30m[42m commands [49m[39m src/commands/onboard-non-interactive/api-keys.test.ts [2m([22m[2m13 tests[22m[2m)[22m[32m 76[2mms[22m[39m
 [32m✓[39m [30m[42m commands [49m[39m src/commands/onboard-guided-memory-import.test.ts [2m([22m[2m3 tests[22m[2m)[22m[32m 6[2mms[22m[39m
 [32m✓[39m [30m[42m commands [49m[39m src/commands/doctor-session-canonical-keys.retention.test.ts [2m([22m[2m2 tests[22m[2m)[22m[33m 1360[2mms[22m[39m
     [33m[2m✓[22m[39m copies only a cross-store winner and archives its stale same-store duplicate [33m 1142[2mms[22m[39m
 [32m✓[39m [30m[42m commands [49m[39m src/commands/onboard-non-interactive/local.default-agent.test.ts [2m([22m[2m6 tests[22m[2m)[22m[32m 27[2mms[22m[39m
 [32m✓[39m [30m[42m commands [49m[39m src/commands/doctor/shared/pristine-startup-state.test.ts [2m([22m[2m15 tests[22m[2m)[22m[33m 308[2mms[22m[39m
 [32m✓[39m [30m[42m commands [49m[39m src/commands/agents.bind.commands.test.ts [2m([22m[2m10 tests[22m[2m)[22m[32m 246[2mms[22m[39m
 [32m✓[39m [30m[42m commands [49m[39m src/commands/system-agent-with-inference.test.ts [2m([22m[2m16 tests[22m[2m)[22m[32m 82[2mms[22m[39m
 [32m✓[39m [30m[42m commands [49m[39m src/commands/doctor-session-state-providers.test.ts [2m([22m[2m8 tests[22m[2m)[22m[33m 505[2mms[22m[39m
 [32m✓[39m [30m[42m commands [49m[39m src/commands/agent.delivery.test.ts [2m([22m[2m13 tests[22m[2m)[22m[32m 10[2mms[22m[39m
 [32m✓[39m [30m[42m commands [49m[39m src/commands/doctor/shared/active-tool-schema-warnings.test.ts [2m([22m[2m8 tests[22m[2m)[22m[33m 387[2mms[22m[39m
 [32m✓[39m [30m[42m commands [49m[39m src/commands/status-all/channels.test.ts [2m([22m[2m11 tests[22m[2m)[22m[32m 62[2mms[22m[39m
 [32m✓[39m [30m[42m commands [49m[39m src/commands/uninstall.test.ts [2m([22m[2m21 tests[22m[2m)[22m[32m 118[2mms[22m[39m
 [32m✓[39m [30m[42m commands [49m[39m src/commands/status.scan.fast-json.test.ts [2m([22m[2m15 tests[22m[2m)[22m[32m 155[2mms[22m[39m
 [32m✓[39m [30m[42m commands [49m[39m src/commands/doctor-model-catalog-credentials.test.ts [2m([22m[2m6 tests[22m[2m)[22m[33m 1566[2mms[22m[39m
     [33m[2m✓[22m[39m copies config, root, and plugin catalog keys before runtime retires plaintext [33m 766[2mms[22m[39m
 [32m✓[39m [30m[42m commands [49m[39m src/commands/doctor-auth-migration-receipts.test.ts [2m([22m[2m11 tests[22m[2m)[22m[33m 1313[2mms[22m[39m
 [32m✓[39m [30m[42m commands [49m[39m src/commands/tasks-json.test.ts [2m([22m[2m9 tests[22m[2m)[22m[33m 606[2mms[22m[39m
 [32m✓[39m [30m[42m commands [49m[39m src/commands/gateway-install-token.test.ts [2m([22m[2m10 tests[22m[2m)[22m[32m 44[2mms[22m[39m
 [32m✓[39m [30m[42m commands [49m[39m src/commands/onboard-agent.persistence.test.ts [2m([22m[2m4 tests[22m[2m)[22m[33m 2958[2mms[22m[39m
     [33m[2m✓[22m[39m retains env references and includes through the real snapshot writer [33m 648[2mms[22m[39m
     [33m[2m✓[22m[39m renames a legacy install and converges its main session before returning [33m 1080[2mms[22m[39m
     [33m[2m✓[22m[39m surfaces a locked migration and converges it on the next startup [33m 1006[2mms[22m[39m
 [32m✓[39m [30m[42m commands [49m[39m src/commands/doctor-plugin-host-links.test.ts [2m([22m[2m9 tests[22m[2m)[22m[33m 3404[2mms[22m[39m
     [33m[2m✓[22m[39m repairs a stale copied host for a registered extensions-root peerDependencies plugin [33m 1251[2mms[22m[39m
     [33m[2m✓[22m[39m reports a stale registered extensions-root host without changing it in read-only doctor [33m 317[2mms[22m[39m
     [33m[2m✓[22m[39m reports a malformed registered package and still repairs its valid sibling [33m 318[2mms[22m[39m
 [32m✓[39m [30m[42m commands [49m[39m src/commands/agents.commands.list.test.ts [2m([22m[2m6 tests[22m[2m | [22m[33m1 skipped[39m[2m)[22m[32m 38[2mms[22m[39m
 [32m✓[39m [30m[42m commands [49m[39m src/commands/configure.gateway.test.ts [2m([22m[2m11 tests[22m[2m)[22m[32m 70[2mms[22m[39m
 [32m✓[39m [30m[42m commands [49m[39m src/commands/models/list.auth-overview.test.ts [2m([22m[2m11 tests[22m[2m)[22m[32m 18[2mms[22m[39m
 [32m✓[39m [30m[42m commands [49m[39m src/commands/onboard-helpers.remote-probe.test.ts [2m([22m[2m15 tests[22m[2m)[22m[32m 91[2mms[22m[39m
 [32m✓[39m [30m[42m commands [49m[39m src/commands/sessions-tail.test.ts [2m([22m[2m7 tests[22m[2m)[22m[33m 1409[2mms[22m[39m
     [33m[2m✓[22m[39m renders compact redacted progress lines [33m 349[2mms[22m[39m
 [32m✓[39m [30m[42m commands [49m[39m src/commands/cleanup-live-state.test.ts [2m([22m[2m4 tests[22m[2m)[22m[33m 2574[2mms[22m[39m
     [33m[2m✓[22m[39m refuses 'unmanaged reset --scope full' until the SQLite owner exits [33m 866[2mms[22m[39m
     [33m[2m✓[22m[39m refuses 'Nix reset --scope full' until the SQLite owner exits [33m 839[2mms[22m[39m
     [33m[2m✓[22m[39m refuses 'uninstall --state' until the SQLite owner exits [33m 859[2mms[22m[39m
 [32m✓[39m [30m[42m commands [49m[39m src/commands/status.scan-overview.test.ts [2m([22m[2m4 tests[22m[2m)[22m[32m 39[2mms[22m[39m
 [32m✓[39m [30m[42m commands [49m[39m src/commands/message-format.test.ts [2m([22m[2m18 tests[22m[2m)[22m[32m 6[2mms[22m[39m
 [32m✓[39m [30m[42m commands [49m[39m src/commands/dashboard/json.test.ts [2m([22m[2m8 tests[22m[2m)[22m[32m 56[2mms[22m[39m
 [32m✓[39m [30m[42m commands [49m[39m src/commands/doctor/shared/channel-legacy-config-migrate.test.ts [2m([22m[2m5 tests[22m[2m)[22m[32m 23[2mms[22m[39m
 [32m✓[39m [30m[42m commands [49m[39m src/commands/doctor-plugin-manifests.test.ts [2m([22m[2m6 tests[22m[2m)[22m[32m 248[2mms[22m[39m
 [32m✓[39m [30m[42m commands [49m[39m src/commands/onboard-recommendations.test.ts [2m([22m[2m11 tests[22m[2m)[22m[32m 3[2mms[22m[39m
 [32m✓[39m [30m[42m commands [49m[39m src/commands/doctor-platform-notes.launchctl-env-overrides.test.ts [2m([22m[2m12 tests[22m[2m)[22m[32m 3[2mms[22m[39m
 [32m✓[39m [30m[42m commands [49m[39m src/commands/doctor/shared/bundled-plugin-load-paths.test.ts [2m([22m[2m12 tests[22m[2m)[22m[32m 3[2mms[22m[39m
 [32m✓[39m [30m[42m commands [49m[39m src/commands/models/auth-logout.test.ts [2m([22m[2m10 tests[22m[2m)[22m[33m 1215[2mms[22m[39m
     [33m[2m✓[22m[39m refuses removal for 'profile bound to a provider apiKey en…' [33m 895[2mms[22m[39m
│
◇  Heartbeat cadence migration preview ───────────────╮
│                                                     │
│  Create heartbeat monitor for agent "main" at 15m.  │
│                                                     │
├─────────────────────────────────────────────────────╯
│
◇  Doctor changes ────────────────────────────────────╮
│                                                     │
│  Create heartbeat monitor for agent "main" at 15m.  │
│                                                     │
├─────────────────────────────────────────────────────╯
│
◇  Doctor changes ────────────────────────────────────╮
│                                                     │
│  Update heartbeat monitor for agent "main" at 45m.  │
│                                                     │
├─────────────────────────────────────────────────────╯
│
◇  Doctor changes ────────────────────────────────────╮
│                                                     │
│  Create heartbeat monitor for agent "main" at 30m.  │
│                                                     │
├─────────────────────────────────────────────────────╯
│
◇  Doctor changes ─────────────────────────────────────╮
│                                                      │
│  Create heartbeat monitor for agent "alpha" at 15m.  │
│  Create heartbeat monitor for agent "beta" at 20m.   │
│                                                      │
├──────────────────────────────────────────────────────╯
│
◇  Doctor changes ─────────────────────────────────────╮
│                                                      │
│  Update heartbeat monitor for agent "alpha" at 45m.  │
│  Create heartbeat monitor for agent "gamma" at 30m.  │
│  Remove stale heartbeat monitor for agent "beta".    │
│                                                      │
├──────────────────────────────────────────────────────╯
│
◇  Doctor changes ────────────────────────────────────╮
│                                                     │
│  Create heartbeat monitor for agent "main" at 15m.  │
│                                                     │
├─────────────────────────────────────────────────────╯
 [32m✓[39m [30m[42m commands [49m[39m src/commands/doctor-heartbeat-cadence-migration.test.ts [2m([22m[2m4 tests[22m[2m)[22m[33m 594[2mms[22m[39m
 [32m✓[39m [30m[42m commands [49m[39m src/commands/models/list.manifest-catalog.test.ts [2m([22m[2m8 tests[22m[2m)[22m[32m 61[2mms[22m[39m
 [32m✓[39m [30m[42m commands [49m[39m src/commands/doctor-node-hosting-preconditions.test.ts [2m([22m[2m13 tests[22m[2m)[22m[33m 714[2mms[22m[39m
 [32m✓[39m [30m[42m commands [49m[39m src/commands/backup-schedule.test.ts [2m([22m[2m9 tests[22m[2m)[22m[33m 649[2mms[22m[39m
     [33m[2m✓[22m[39m redacts pushed schedules by default and warns only on explicit full fidelity [33m 381[2mms[22m[39m
 [32m✓[39m [30m[42m commands [49m[39m src/commands/doctor/shared/exec-safe-bins.test.ts [2m([22m[2m8 tests[22m[2m)[22m[32m 8[2mms[22m[39m
 [32m✓[39m [30m[42m commands [49m[39m src/commands/doctor-skills.test.ts [2m([22m[2m7 tests[22m[2m)[22m[32m 11[2mms[22m[39m
 [32m✓[39m [30m[42m commands [49m[39m src/commands/doctor-ui.test.ts [2m([22m[2m11 tests[22m[2m)[22m[32m 241[2mms[22m[39m
 [32m✓[39m [30m[42m commands [49m[39m src/commands/doctor-usage-cost-cache.test.ts [2m([22m[2m8 tests[22m[2m)[22m[33m 334[2mms[22m[39m
     [33m[2m✓[22m[39m removes retired usage rows from every registered agent database [33m 314[2mms[22m[39m
 [32m✓[39m [30m[42m commands [49m[39m src/commands/status-all/report-data.test.ts [2m([22m[2m4 tests[22m[2m)[22m[32m 36[2mms[22m[39m
 [32m✓[39m [30m[42m commands [49m[39m src/commands/doctor/shared/empty-allowlist-scan.test.ts [2m([22m[2m9 tests[22m[2m)[22m[32m 10[2mms[22m[39m
 [32m✓[39m [30m[42m commands [49m[39m src/commands/channels.resolve.test.ts [2m([22m[2m6 tests[22m[2m)[22m[32m 44[2mms[22m[39m
 [32m✓[39m [30m[42m commands [49m[39m src/commands/configure.channels.test.ts [2m([22m[2m8 tests[22m[2m)[22m[32m 78[2mms[22m[39m
 [32m✓[39m [30m[42m commands [49m[39m src/commands/models/scan.test.ts [2m([22m[2m12 tests[22m[2m)[22m[32m 84[2mms[22m[39m
 [32m✓[39m [30m[42m commands [49m[39m src/commands/onboard-non-interactive.gateway-auth-token.test.ts [2m([22m[2m4 tests[22m[2m)[22m[33m 595[2mms[22m[39m
 [32m✓[39m [30m[42m commands [49m[39m src/commands/doctor/shared/context-engine-host-compat.test.ts [2m([22m[2m7 tests[22m[2m)[22m[32m 10[2mms[22m[39m
 [32m✓[39m [30m[42m commands [49m[39m src/commands/status.scan.config-shared.test.ts [2m([22m[2m8 tests[22m[2m)[22m[32m 39[2mms[22m[39m
 [32m✓[39m [30m[42m commands [49m[39m src/commands/onboard-non-interactive/remote.test.ts [2m([22m[2m10 tests[22m[2m)[22m[32m 2[2mms[22m[39m
 [32m✓[39m [30m[42m commands [49m[39m src/commands/doctor-agent-memory-schema.test.ts [2m([22m[2m4 tests[22m[2m)[22m[33m 896[2mms[22m[39m
 [32m✓[39m [30m[42m commands [49m[39m src/commands/doctor/cron/warnings.test.ts [2m([22m[2m14 tests[22m[2m)[22m[32m 57[2mms[22m[39m
 [32m✓[39m [30m[42m commands [49m[39m src/commands/doctor-whatsapp-responsiveness.test.ts [2m([22m[2m6 tests[22m[2m)[22m[32m 264[2mms[22m[39m
 [32m✓[39m [30m[42m commands [49m[39m src/commands/status.service-summary.test.ts [2m([22m[2m7 tests[22m[2m)[22m[32m 8[2mms[22m[39m
 [32m✓[39m [30m[42m commands [49m[39m src/commands/doctor-external-cli-profiles.test.ts [2m([22m[2m6 tests[22m[2m)[22m[32m 42[2mms[22m[39m
 [32m✓[39m [30m[42m commands [49m[39m src/commands/sessions.default-agent-store.test.ts [2m([22m[2m5 tests[22m[2m)[22m[33m 932[2mms[22m[39m
     [33m[2m✓[22m[39m includes agentId on sessions rows for --all-agents JSON output [33m 440[2mms[22m[39m
 [32m✓[39m [30m[42m commands [49m[39m src/commands/agent.worktree-race.test.ts [2m([22m[2m2 tests[22m[2m)[22m[33m 5868[2mms[22m[39m
     [33m[2m✓[22m[39m holds the lease through workspace preparation so a racing removal is rejected [33m 3492[2mms[22m[39m
     [33m[2m✓[22m[39m fails closed before workspace setup when the session's bound worktree was removed [33m 2376[2mms[22m[39m
 [32m✓[39m [30m[42m commands [49m[39m src/commands/doctor-disk-space.test.ts [2m([22m[2m24 tests[22m[2m)[22m[32m 6[2mms[22m[39m
 [32m✓[39m [30m[42m commands [49m[39m src/commands/doctor-auth.deprecated-cli-profiles.test.ts [2m([22m[2m3 tests[22m[2m)[22m[32m 10[2mms[22m[39m
 [32m✓[39m [30m[42m commands [49m[39m src/commands/status-json.test.ts [2m([22m[2m3 tests[22m[2m)[22m[32m 22[2mms[22m[39m
 [32m✓[39m [30m[42m commands [49m[39m src/commands/health.plugins.test.ts [2m([22m[2m2 tests[22m[2m)[22m[33m 330[2mms[22m[39m
 [32m✓[39m [30m[42m commands [49m[39m src/commands/codex-runtime-plugin-install.test.ts [2m([22m[2m8 tests[22m[2m)[22m[33m 383[2mms[22m[39m
 [32m✓[39m [30m[42m commands [49m[39m src/commands/doctor-host-desktop.test.ts [2m([22m[2m6 tests[22m[2m)[22m[32m 8[2mms[22m[39m
 [32m✓[39m [30m[42m commands [49m[39m src/commands/doctor/cron/schema-safety.test.ts [2m([22m[2m8 tests[22m[2m)[22m[33m 3904[2mms[22m[39m
     [33m[2m✓[22m[39m fails closed without mutation during legacy cron health collection [33m 482[2mms[22m[39m
     [33m[2m✓[22m[39m fails closed without mutation during interactive legacy cron repair [33m 465[2mms[22m[39m
     [33m[2m✓[22m[39m fails closed without mutation during non-interactive legacy cron repair [33m 474[2mms[22m[39m
     [33m[2m✓[22m[39m fails closed without mutation during Codex cron migration planning [33m 464[2mms[22m[39m
     [33m[2m✓[22m[39m fails closed without mutation during Codex cron migration commit [33m 460[2mms[22m[39m
     [33m[2m✓[22m[39m fails closed in non-interactive repair when no legacy files remain [33m 444[2mms[22m[39m
     [33m[2m✓[22m[39m preserves active WAL artifacts while rejecting the future schema [33m 474[2mms[22m[39m
     [33m[2m✓[22m[39m fails closed if the schema advances between inspection and repair [33m 641[2mms[22m[39m
 [32m✓[39m [30m[42m commands [49m[39m src/commands/backup.atomic.test.ts [2m([22m[2m4 tests[22m[2m)[22m[32m 102[2mms[22m[39m
 [32m✓[39m [30m[42m commands [49m[39m src/commands/onboard-agent.test.ts [2m([22m[2m8 tests[22m[2m)[22m[32m 247[2mms[22m[39m
 [32m✓[39m [30m[42m commands [49m[39m src/commands/auth-choice.apply.api-providers.test.ts [2m([22m[2m8 tests[22m[2m)[22m[32m 4[2mms[22m[39m
 [32m✓[39m [30m[42m commands [49m[39m src/commands/models/set.test.ts [2m([22m[2m3 tests[22m[2m)[22m[33m 530[2mms[22m[39m
 [32m✓[39m [30m[42m commands [49m[39m src/commands/doctor-session-canonical-keys.memory.test.ts [2m([22m[2m1 test[22m[2m)[22m[33m 2715[2mms[22m[39m
     [33m[2m✓[22m[39m keeps entry JSON streaming under a low child heap [33m 2714[2mms[22m[39m
 [32m✓[39m [30m[42m commands [49m[39m src/commands/doctor-browser.facade.test.ts [2m([22m[2m8 tests[22m[2m)[22m[32m 9[2mms[22m[39m
 [32m✓[39m [30m[42m commands [49m[39m src/commands/config-validation.test.ts [2m([22m[2m7 tests[22m[2m)[22m[32m 74[2mms[22m[39m
 [32m✓[39m [30m[42m commands [49m[39m src/commands/onboard-non-interactive.migration.test.ts [2m([22m[2m1 test[22m[2m)[22m[33m 645[2mms[22m[39m
     [33m[2m✓[22m[39m stages, promotes, and acknowledges an explicit import [33m 644[2mms[22m[39m
 [32m✓[39m [30m[42m commands [49m[39m src/commands/docs.test.ts [2m([22m[2m8 tests[22m[2m)[22m[32m 55[2mms[22m[39m
 [32m✓[39m [30m[42m commands [49m[39m src/commands/configure.daemon.test.ts [2m([22m[2m6 tests[22m[2m)[22m[32m 40[2mms[22m[39m
 [32m✓[39m [30m[42m commands [49m[39m src/commands/gateway-auth-token.test.ts [2m([22m[2m10 tests[22m[2m)[22m[32m 76[2mms[22m[39m
 [32m✓[39m [30m[42m commands [49m[39m src/commands/sessions-compact.test.ts [2m([22m[2m10 tests[22m[2m)[22m[32m 172[2mms[22m[39m
 [32m✓[39m [30m[42m commands [49m[39m src/commands/doctor-heartbeat-session-target.test.ts [2m([22m[2m8 tests[22m[2m)[22m[32m 219[2mms[22m[39m
 [32m✓[39m [30m[42m commands [49m[39m src/commands/onboard-config.test.ts [2m([22m[2m11 tests[22m[2m)[22m[32m 6[2mms[22m[39m
 [32m✓[39m [30m[42m commands [49m[39m src/commands/channel-setup/discovery.test.ts [2m([22m[2m3 tests[22m[2m)[22m[32m 2[2mms[22m[39m
 [32m✓[39m [30m[42m commands [49m[39m src/commands/models/list.promotions.test.ts [2m([22m[2m5 tests[22m[2m)[22m[33m 587[2mms[22m[39m
│
◇  Auth profile SQLite migration ──────────────────────────────────────────────────────────────╮
│                                                                                              │
│  - /tmp/openclaw-doctor-canonical-api-key-gAHHWS/state/agents/main/agent/auth-profiles.json  │
│    /                                                                                         │
│    /tmp/openclaw-doctor-canonical-api-key-gAHHWS/state/agents/main/agent/auth-state.json     │
│  - openclaw doctor --fix imports legacy auth profile JSON into SQLite,                       │
│    verifies it, records a receipt, and archives the original bytes.                          │
│                                                                                              │
├──────────────────────────────────────────────────────────────────────────────────────────────╯
│
◇  Doctor changes ──────────────────────────────────────────────────────────────────────────────────────────────────────────────────────────────────────────────────────╮
│                                                                                                                                                                       │
│  - Migrated auth profile JSON for                                                                                                                                     │
│    /tmp/openclaw-doctor-canonical-api-key-gAHHWS/state/agents/main/agent/auth-profiles.json                                                                           │
│    into SQLite (archive:                                                                                                                                              │
│    /tmp/openclaw-doctor-canonical-api-key-gAHHWS/state/agents/main/agent/auth-profiles.json.migrated-2026-08-23T13-59-08.640Z-b8ba92ef-8ddf-4f47-84b2-1fc0df93148f).  │
│                                                                                                                                                                       │
├───────────────────────────────────────────────────────────────────────────────────────────────────────────────────────────────────────────────────────────────────────╯
│
◇  Auth profile SQLite migration ──────────────────────────────────────────────────────────────╮
│                                                                                              │
│  - /tmp/openclaw-doctor-canonical-api-key-eVdoQ2/state/agents/main/agent/auth-profiles.json  │
│    /                                                                                         │
│    /tmp/openclaw-doctor-canonical-api-key-eVdoQ2/state/agents/main/agent/auth-state.json     │
│  - openclaw doctor --fix imports legacy auth profile JSON into SQLite,                       │
│    verifies it, records a receipt, and archives the original bytes.                          │
│                                                                                              │
├──────────────────────────────────────────────────────────────────────────────────────────────╯
│
◇  Doctor changes ──────────────────────────────────────────────────────────────────────────────────────────────────────────────────────────────────────────────────────╮
│                                                                                                                                                                       │
│  - Migrated auth profile JSON for                                                                                                                                     │
│    /tmp/openclaw-doctor-canonical-api-key-eVdoQ2/state/agents/main/agent/auth-profiles.json                                                                           │
│    into SQLite (archive:                                                                                                                                              │
│    /tmp/openclaw-doctor-canonical-api-key-eVdoQ2/state/agents/main/agent/auth-profiles.json.migrated-2026-08-23T13-59-08.824Z-0b27762d-4217-4f18-83bc-ab3a8444bb6a).  │
│                                                                                                                                                                       │
├───────────────────────────────────────────────────────────────────────────────────────────────────────────────────────────────────────────────────────────────────────╯
│
◇  Auth profile SQLite migration ──────────────────────────────────────────────────────────────╮
│                                                                                              │
│  - /tmp/openclaw-doctor-canonical-api-key-JxNWk3/state/agents/main/agent/auth-profiles.json  │
│    /                                                                                         │
│    /tmp/openclaw-doctor-canonical-api-key-JxNWk3/state/agents/main/agent/auth-state.json     │
│  - openclaw doctor --fix imports legacy auth profile JSON into SQLite,                       │
│    verifies it, records a receipt, and archives the original bytes.                          │
│                                                                                              │
├──────────────────────────────────────────────────────────────────────────────────────────────╯
│
◇  Doctor changes ──────────────────────────────────────────────────────────────────────────────────────────────────────────────────────────────────────────────────────╮
│                                                                                                                                                                       │
│  - Migrated auth profile JSON for                                                                                                                                     │
│    /tmp/openclaw-doctor-canonical-api-key-JxNWk3/state/agents/main/agent/auth-profiles.json                                                                           │
│    into SQLite (archive:                                                                                                                                              │
│    /tmp/openclaw-doctor-canonical-api-key-JxNWk3/state/agents/main/agent/auth-profiles.json.migrated-2026-08-23T13-59-08.987Z-213ac234-0657-4a1a-8c5d-f41141fc3610).  │
│                                                                                                                                                                       │
├───────────────────────────────────────────────────────────────────────────────────────────────────────────────────────────────────────────────────────────────────────╯
│
◇  Auth profile SQLite migration ──────────────────────────────────────────────────────────────╮
│                                                                                              │
│  - /tmp/openclaw-doctor-canonical-api-key-Ty1GtC/state/agents/main/agent/auth-profiles.json  │
│    /                                                                                         │
│    /tmp/openclaw-doctor-canonical-api-key-Ty1GtC/state/agents/main/agent/auth-state.json     │
│  - openclaw doctor --fix imports legacy auth profile JSON into SQLite,                       │
│    verifies it, records a receipt, and archives the original bytes.                          │
│                                                                                              │
├──────────────────────────────────────────────────────────────────────────────────────────────╯
│
◇  Doctor changes ──────────────────────────────────────────────────────────────────────────────────────────────────────────────────────────────────────────────────────╮
│                                                                                                                                                                       │
│  - Migrated auth profile JSON for                                                                                                                                     │
│    /tmp/openclaw-doctor-canonical-api-key-Ty1GtC/state/agents/main/agent/auth-profiles.json                                                                           │
│    into SQLite (archive:                                                                                                                                              │
│    /tmp/openclaw-doctor-canonical-api-key-Ty1GtC/state/agents/main/agent/auth-profiles.json.migrated-2026-08-23T13-59-09.158Z-f00e42c0-3bb4-4d2e-8aa9-6301d8a8d225).  │
│                                                                                                                                                                       │
├───────────────────────────────────────────────────────────────────────────────────────────────────────────────────────────────────────────────────────────────────────╯
│
◇  Auth profile SQLite migration ──────────────────────────────────────────────────────────────╮
│                                                                                              │
│  - /tmp/openclaw-doctor-canonical-api-key-0iBsbV/state/agents/main/agent/auth-profiles.json  │
│    /                                                                                         │
│    /tmp/openclaw-doctor-canonical-api-key-0iBsbV/state/agents/main/agent/auth-state.json     │
│  - openclaw doctor --fix imports legacy auth profile JSON into SQLite,                       │
│    verifies it, records a receipt, and archives the original bytes.                          │
│                                                                                              │
├──────────────────────────────────────────────────────────────────────────────────────────────╯
│
◇  Doctor changes ──────────────────────────────────────────────────────────────────────────────────────────────────────────────────────────────────────────────────────╮
│                                                                                                                                                                       │
│  - Migrated auth profile JSON for                                                                                                                                     │
│    /tmp/openclaw-doctor-canonical-api-key-0iBsbV/state/agents/main/agent/auth-profiles.json                                                                           │
│    into SQLite (archive:                                                                                                                                              │
│    /tmp/openclaw-doctor-canonical-api-key-0iBsbV/state/agents/main/agent/auth-profiles.json.migrated-2026-08-23T13-59-09.324Z-a95606e2-412f-491f-925f-4e6101b9934b).  │
│                                                                                                                                                                       │
├───────────────────────────────────────────────────────────────────────────────────────────────────────────────────────────────────────────────────────────────────────╯
│
◇  Auth profile SQLite migration ──────────────────────────────────────────────────────────────────╮
│                                                                                                  │
│  - /tmp/openclaw-doctor-canonical-api-key-TG2ICt/external-openclaw_agent_dir/auth-profiles.json  │
│    /                                                                                             │
│    /tmp/openclaw-doctor-canonical-api-key-TG2ICt/external-openclaw_agent_dir/auth-state.json     │
│  - openclaw doctor --fix imports legacy auth profile JSON into SQLite,                           │
│    verifies it, records a receipt, and archives the original bytes.                              │
│                                                                                                  │
├──────────────────────────────────────────────────────────────────────────────────────────────────╯
│
◇  Doctor changes ──────────────────────────────────────────────────────────────────────────────────────────────────────────────────────────────────────────────────────────╮
│                                                                                                                                                                           │
│  - Migrated auth profile JSON for                                                                                                                                         │
│    /tmp/openclaw-doctor-canonical-api-key-TG2ICt/external-openclaw_agent_dir/auth-profiles.json                                                                           │
│    into SQLite (archive:                                                                                                                                                  │
│    /tmp/openclaw-doctor-canonical-api-key-TG2ICt/external-openclaw_agent_dir/auth-profiles.json.migrated-2026-08-23T13-59-09.487Z-c547ffe1-66c1-4f3f-b0e6-313b509ffbd4).  │
│                                                                                                                                                                           │
├───────────────────────────────────────────────────────────────────────────────────────────────────────────────────────────────────────────────────────────────────────────╯
│
◇  Auth profile SQLite migration ───────────────────────────────────────────────────────────────────╮
│                                                                                                   │
│  - /tmp/openclaw-doctor-canonical-api-key-UjGGGN/external-pi_coding_agent_dir/auth-profiles.json  │
│    /                                                                                              │
│    /tmp/openclaw-doctor-canonical-api-key-UjGGGN/external-pi_coding_agent_dir/auth-state.json     │
│  - openclaw doctor --fix imports legacy auth profile JSON into SQLite,                            │
│    verifies it, records a receipt, and archives the original bytes.                               │
│                                                                                                   │
├───────────────────────────────────────────────────────────────────────────────────────────────────╯
│
◇  Doctor changes ───────────────────────────────────────────────────────────────────────────────────────────────────────────────────────────────────────────────────────────╮
│                                                                                                                                                                            │
│  - Migrated auth profile JSON for                                                                                                                                          │
│    /tmp/openclaw-doctor-canonical-api-key-UjGGGN/external-pi_coding_agent_dir/auth-profiles.json                                                                           │
│    into SQLite (archive:                                                                                                                                                   │
│    /tmp/openclaw-doctor-canonical-api-key-UjGGGN/external-pi_coding_agent_dir/auth-profiles.json.migrated-2026-08-23T13-59-09.647Z-aa69e70c-c947-4953-8012-e050488a2d82).  │
│                                                                                                                                                                            │
├────────────────────────────────────────────────────────────────────────────────────────────────────────────────────────────────────────────────────────────────────────────╯
│
◇  Auth profile SQLite migration ──────────────────────────────────────────────────────────────╮
│                                                                                              │
│  - /tmp/openclaw-doctor-canonical-api-key-CqehMd/state/agents/main/agent/auth-profiles.json  │
│    /                                                                                         │
│    /tmp/openclaw-doctor-canonical-api-key-CqehMd/state/agents/main/agent/auth-state.json     │
│  - openclaw doctor --fix imports legacy auth profile JSON into SQLite,                       │
│    verifies it, records a receipt, and archives the original bytes.                          │
│                                                                                              │
├──────────────────────────────────────────────────────────────────────────────────────────────╯
 [32m✓[39m [30m[42m commands [49m[39m src/commands/doctor-auth-canonical-api-key-alias.test.ts [2m([22m[2m8 tests[22m[2m)[22m[33m 1346[2mms[22m[39m
 [32m✓[39m [30m[42m commands [49m[39m src/commands/doctor/shared/missing-configured-plugin-install.load-path.test.ts [2m([22m[2m2 tests[22m[2m)[22m[33m 876[2mms[22m[39m
     [33m[2m✓[22m[39m discovers packaged OpenCode Go before configured-plugin repair [33m 792[2mms[22m[39m
│
◇  Plugin registry ───────────────────────────────────────────────────────────────────────────────────────────────────────────────────────────╮
│                                                                                                                                             │
│  Retired stale managed npm plugin generation(s); they will be pruned                                                                        │
│  after the gateway restarts:                                                                                                                │
│  - generation-proof:                                                                                                                        │
│    /tmp/openclaw-doctor-plugin-generation-92unEp/npm/projects/proof-openclaw-generation-75fd11930d/node_modules/@proof/openclaw-generation  │
│    (2026.6.11)                                                                                                                              │
│                                                                                                                                             │
├─────────────────────────────────────────────────────────────────────────────────────────────────────────────────────────────────────────────╯
│
◇  Plugin registry ───────────────────────────────────────────────────────────────────────────────────────────────────────────────────────────╮
│                                                                                                                                             │
│  Retired stale managed npm plugin generation(s); they will be pruned                                                                        │
│  after the gateway restarts:                                                                                                                │
│  - generation-proof:                                                                                                                        │
│    /tmp/openclaw-doctor-plugin-generation-DLyTMx/npm/projects/proof-openclaw-generation-75fd11930d/node_modules/@proof/openclaw-generation  │
│    (9.0.0)                                                                                                                                  │
│                                                                                                                                             │
├─────────────────────────────────────────────────────────────────────────────────────────────────────────────────────────────────────────────╯
│
◇  Plugin registry ───────────────────────────────────────────╮
│                                                             │
│  Plugin registry refreshed: 2/149 enabled plugins indexed.  │
│                                                             │
├─────────────────────────────────────────────────────────────╯
 [32m✓[39m [30m[42m commands [49m[39m src/commands/doctor-plugin-registry-generation-repair.test.ts [2m([22m[2m2 tests[22m[2m)[22m[33m 489[2mms[22m[39m
     [33m[2m✓[22m[39m persists the recency fallback when no authoritative record exists [33m 314[2mms[22m[39m
 [32m✓[39m [30m[42m commands [49m[39m src/commands/models/auth-order.test.ts [2m([22m[2m5 tests[22m[2m)[22m[32m 165[2mms[22m[39m
 [32m✓[39m [30m[42m commands [49m[39m src/commands/session-store-targets.test.ts [2m([22m[2m12 tests[22m[2m)[22m[33m 1206[2mms[22m[39m
 [32m✓[39m [30m[42m commands [49m[39m src/commands/doctor-ui.repair.test.ts [2m([22m[2m5 tests[22m[2m)[22m[32m 81[2mms[22m[39m
 [32m✓[39m [30m[42m commands [49m[39m src/commands/configure.wizard.persistence.test.ts [2m([22m[2m4 tests[22m[2m)[22m[32m 52[2mms[22m[39m
 [32m✓[39m [30m[42m commands [49m[39m src/commands/doctor/shared/invalid-plugin-config.test.ts [2m([22m[2m5 tests[22m[2m)[22m[32m 110[2mms[22m[39m
 [32m✓[39m [30m[42m commands [49m[39m src/commands/configure.commands.test.ts [2m([22m[2m13 tests[22m[2m)[22m[32m 7[2mms[22m[39m

<--- Last few GCs --->

[765405:0x25890000]   407067 ms: Scavenge 4063.8 (4102.7) -> 4054.9 (4105.5) MB, pooled: 0.0 MB, 5.80 / 0.00 ms (average mu = 0.248, current mu = 0.205) allocation failure;
[765405:0x25890000]   408080 ms: Mark-Compact (reduce) 4068.8 (4107.1) -> 4042.4 (4075.5) MB, pooled: 0.0 MB, 54.44 / 0.01 ms (+ 933.2 ms in 187 steps since start of marking, biggest step 5.0 ms, walltime since start of marking 1013 ms) (average mu = 0.24
FATAL ERROR: Ineffective mark-compacts near heap limit Allocation failed - JavaScript heap out of memory
----- Native stack trace -----

 1: 0x8f8a64 node::OOMErrorHandler(char const*, v8::OOMDetails const&) [/home/figs/.nvm/versions/node/v25.9.0/bin/node]
 2: 0xb73a4c  [/home/figs/.nvm/versions/node/v25.9.0/bin/node]
 3: 0xdbfb94  [/home/figs/.nvm/versions/node/v25.9.0/bin/node]
 4: 0xdc3148  [/home/figs/.nvm/versions/node/v25.9.0/bin/node]
 5: 0xdd379c  [/home/figs/.nvm/versions/node/v25.9.0/bin/node]
 6: 0xdd3048  [/home/figs/.nvm/versions/node/v25.9.0/bin/node]
 7: 0x17408cc  [/home/figs/.nvm/versions/node/v25.9.0/bin/node]
[31m⎯⎯⎯⎯⎯⎯[39m[1m[41m Unhandled Errors [49m[22m[31m⎯⎯⎯⎯⎯⎯[39m
[31m[1m
Vitest caught 1 unhandled error during the test run.
This might cause false positive tests. Resolve unhandled errors to make sure your tests are not affected.[22m[39m

[31m⎯⎯⎯⎯⎯⎯[39m[1m[41m Unhandled Error [49m[22m[31m⎯⎯⎯⎯⎯⎯⎯[39m
[31m[1mError[22m: [vitest-pool]: Worker forks emitted error.[39m
[90m [2m❯[22m EventEmitter.onTaskError node_modules/vitest/dist/chunks/cli-api.BK8pd4xc.js:[2m3459:21[22m[39m
[90m [2m❯[22m EventEmitter.emit node:events:[2m509:20[22m[39m
[90m [2m❯[22m ChildProcess.emitUnexpectedExit node_modules/vitest/dist/chunks/cli-api.BK8pd4xc.js:[2m3025:22[22m[39m
[90m [2m❯[22m ChildProcess.emit node:events:[2m509:20[22m[39m
[90m [2m❯[22m Process.ChildProcess._handle.onexit node:internal/child_process:[2m294:12[22m[39m

[31m[1mCaused by: Error[22m: Worker exited unexpectedly[39m
[90m [2m❯[22m ChildProcess.emitUnexpectedExit node_modules/vitest/dist/chunks/cli-api.BK8pd4xc.js:[2m3023:33[22m[39m
[90m [2m❯[22m ChildProcess.emit node:events:[2m509:20[22m[39m
[90m [2m❯[22m Process.ChildProcess._handle.onexit node:internal/child_process:[2m294:12[22m[39m

[31m⎯⎯⎯⎯⎯⎯⎯⎯⎯⎯⎯⎯⎯⎯⎯⎯⎯⎯⎯⎯⎯⎯⎯⎯⎯⎯⎯⎯⎯⎯[39m


[2m Test Files [22m [1m[32m232 passed[39m[22m[90m (233)[39m
[2m      Tests [22m [1m[32m4111 passed[39m[22m[2m | [22m[33m4 skipped[39m[90m (4118)[39m
[2m     Errors [22m [1m[31m1 error[39m[22m
[2m   Start at [22m 06:52:30
[2m   Duration [22m 409.97s[2m (transform 30.09s, setup 2.81s, import 55.41s, tests 343.55s, environment 0ms)[22m

[vitest] UNHANDLED ERRORS (1): Error: [vitest-pool]: Worker forks emitted error.
[vitest] FAILED (exit 1)
[test] FAILED (exit 1)
