path	dropped_lines	base_blob	source_blob	upstream_blob	candidate_blob	line_hunk_disposition
docs/tools/subagents.md	3	c6a7b9c336a3bf3eb5d4dd79a8b24939a96b2439	f4bb2a8945e6b3ed4851aaa8133e4d22cd53c3d8	c6a7b9c336a3bf3eb5d4dd79a8b24939a96b2439	f4bb2a8945e6b3ed4851aaa8133e4d22cd53c3d8	Current upstream blob equals the old merge-base blob and candidate blob equals the accepted-source blob; preserve this exact accepted overlay because no current upstream hunk exists on the path.
extensions/clawrouter/stream.ts	1	cda5b4e675af2c829aff4a9470876cb1a11bd677	09dead6e7062b3555f1448371ae405b89bfe7c24	cda5b4e675af2c829aff4a9470876cb1a11bd677	09dead6e7062b3555f1448371ae405b89bfe7c24	Current upstream blob equals the old merge-base blob and candidate blob equals the accepted-source blob; preserve this exact accepted overlay because no current upstream hunk exists on the path.
extensions/clickclack/src/accounts.test.ts	2	352886dd157dff1527a800177327c4e3480864b3	bde14e525dcfd4e39635ceae3351960494355338	352886dd157dff1527a800177327c4e3480864b3	bde14e525dcfd4e39635ceae3351960494355338	Current upstream blob equals the old merge-base blob and candidate blob equals the accepted-source blob; preserve this exact accepted overlay because no current upstream hunk exists on the path.
extensions/codex/src/app-server/auth-bridge.test.ts	5	b7d54ff8295d4ffe5fac0083162b2b84caaa707f	35bc160d715a78d8562c68d16b53db218d4aa8cd	b7d54ff8295d4ffe5fac0083162b2b84caaa707f	35bc160d715a78d8562c68d16b53db218d4aa8cd	Current upstream blob equals the old merge-base blob and candidate blob equals the accepted-source blob; preserve this exact accepted overlay because no current upstream hunk exists on the path.
extensions/codex/src/app-server/computer-use.test.ts	2	bf0d77ba1dccadef1f3b589bbbf63f297588733d	ab69f6fbb47b0870f23dba94c064e17bc6bc36ef	bf0d77ba1dccadef1f3b589bbbf63f297588733d	ab69f6fbb47b0870f23dba94c064e17bc6bc36ef	Current upstream blob equals the old merge-base blob and candidate blob equals the accepted-source blob; preserve this exact accepted overlay because no current upstream hunk exists on the path.
extensions/codex/src/app-server/computer-use.ts	1	b16a3582aa9b55df39cb0cbf2228d05655cb696c	ee42d5006ed44862539d0c74a00d84774a2e20b0	b16a3582aa9b55df39cb0cbf2228d05655cb696c	ee42d5006ed44862539d0c74a00d84774a2e20b0	Current upstream blob equals the old merge-base blob and candidate blob equals the accepted-source blob; preserve this exact accepted overlay because no current upstream hunk exists on the path.
extensions/codex/src/app-server/dynamic-tool-build.test.ts	2	af44a2a2634009789e3b871290182a967958fdce	1eb4f35e556739813c9ce15604f53559d36ce068	af44a2a2634009789e3b871290182a967958fdce	1eb4f35e556739813c9ce15604f53559d36ce068	Current upstream blob equals the old merge-base blob and candidate blob equals the accepted-source blob; preserve this exact accepted overlay because no current upstream hunk exists on the path.
extensions/codex/src/app-server/dynamic-tool-build.ts	1	4511df38f4da674e5e98b32680c82e6ae0ec863e	7929ff41ea560d6179a4e1f67d4b31901a484dbb	4511df38f4da674e5e98b32680c82e6ae0ec863e	7929ff41ea560d6179a4e1f67d4b31901a484dbb	Current upstream blob equals the old merge-base blob and candidate blob equals the accepted-source blob; preserve this exact accepted overlay because no current upstream hunk exists on the path.
extensions/codex/src/app-server/dynamic-tool-execution.ts	1	4d46dc8ee412a971c6dd01fbca27d77e368e998e	bb3236741e0dba2d373cfb479bb3059f96dd11b6	4d46dc8ee412a971c6dd01fbca27d77e368e998e	bb3236741e0dba2d373cfb479bb3059f96dd11b6	Current upstream blob equals the old merge-base blob and candidate blob equals the accepted-source blob; preserve this exact accepted overlay because no current upstream hunk exists on the path.
extensions/codex/src/app-server/dynamic-tools.test.ts	5	1e319e38079460b8b51705b41f89f96b93dfdd73	c3ae4cdadd64a4b11528b51781edd027dd3c02a4	1e319e38079460b8b51705b41f89f96b93dfdd73	c3ae4cdadd64a4b11528b51781edd027dd3c02a4	Current upstream blob equals the old merge-base blob and candidate blob equals the accepted-source blob; preserve this exact accepted overlay because no current upstream hunk exists on the path.
extensions/codex/src/app-server/dynamic-tools.ts	6	2f257aebf142311ba3a58a5ddfd4c04cb648dc76	187b1b167ff5bf6b14228c6405c3b0d4f25350e2	2f257aebf142311ba3a58a5ddfd4c04cb648dc76	187b1b167ff5bf6b14228c6405c3b0d4f25350e2	Current upstream blob equals the old merge-base blob and candidate blob equals the accepted-source blob; preserve this exact accepted overlay because no current upstream hunk exists on the path.
extensions/codex/src/app-server/native-subagent-task-mirror.test.ts	4	9dd0d0772bf9e17c5e929eb8ffc79b2675f0cb82	ecc1f9467035ef055d7f00bc43d74ce501a71733	9dd0d0772bf9e17c5e929eb8ffc79b2675f0cb82	ecc1f9467035ef055d7f00bc43d74ce501a71733	Current upstream blob equals the old merge-base blob and candidate blob equals the accepted-source blob; preserve this exact accepted overlay because no current upstream hunk exists on the path.
extensions/codex/src/app-server/run-attempt.dynamic-tools.test.ts	2	dfc6ec44747508c65b6c5daafb6986649940cdfa	dcb72cc524b54a568550bc686f9107598cb107ae	dfc6ec44747508c65b6c5daafb6986649940cdfa	dcb72cc524b54a568550bc686f9107598cb107ae	Current upstream blob equals the old merge-base blob and candidate blob equals the accepted-source blob; preserve this exact accepted overlay because no current upstream hunk exists on the path.
extensions/codex/src/app-server/runtime-artifact.test.ts	1	e791d78155cc61519adba6c41e4d4abcc9bb3f24	61a77fa541afcf62a14a6d63ca372607d9ba0495	e791d78155cc61519adba6c41e4d4abcc9bb3f24	61a77fa541afcf62a14a6d63ca372607d9ba0495	Current upstream blob equals the old merge-base blob and candidate blob equals the accepted-source blob; preserve this exact accepted overlay because no current upstream hunk exists on the path.
extensions/codex/src/app-server/side-question.test.ts	1	f2da4c8146ee7d1093ae66c5d8c6644b6f95cd02	fe92a49cd88c23310d9e5e4ee16cdf1436039784	f2da4c8146ee7d1093ae66c5d8c6644b6f95cd02	fe92a49cd88c23310d9e5e4ee16cdf1436039784	Current upstream blob equals the old merge-base blob and candidate blob equals the accepted-source blob; preserve this exact accepted overlay because no current upstream hunk exists on the path.
extensions/copilot/src/native-subagent-task-mirror.test.ts	5	8fa7337c46ba2aaf82ded1b57ef9edc82db4cf9c	add0e1bf8323dae88610b659de78d4a41be1feb1	8fa7337c46ba2aaf82ded1b57ef9edc82db4cf9c	add0e1bf8323dae88610b659de78d4a41be1feb1	Current upstream blob equals the old merge-base blob and candidate blob equals the accepted-source blob; preserve this exact accepted overlay because no current upstream hunk exists on the path.
extensions/copilot/src/tool-bridge.test.ts	3	038552bc9cc95376073cc185a147ad8c10b683cd	84c79a0479d5ad612e149f20a50f8e51781f2dbc	038552bc9cc95376073cc185a147ad8c10b683cd	84c79a0479d5ad612e149f20a50f8e51781f2dbc	Current upstream blob equals the old merge-base blob and candidate blob equals the accepted-source blob; preserve this exact accepted overlay because no current upstream hunk exists on the path.
extensions/diagnostics-otel/src/service-traces.ts	2	9e941d14ae555d66750e18da2ee128a8b1e97f23	62f3ab6ecb5cc90e7d61987951064205c87f29c2	9e941d14ae555d66750e18da2ee128a8b1e97f23	62f3ab6ecb5cc90e7d61987951064205c87f29c2	Current upstream blob equals the old merge-base blob and candidate blob equals the accepted-source blob; preserve this exact accepted overlay because no current upstream hunk exists on the path.
extensions/diagnostics-otel/src/service.test.ts	2	ed6b3555903c689d1011b4278a7be038237c35a7	a6921a35de90422b7a01ae12113353c24127b4a5	ed6b3555903c689d1011b4278a7be038237c35a7	a6921a35de90422b7a01ae12113353c24127b4a5	Current upstream blob equals the old merge-base blob and candidate blob equals the accepted-source blob; preserve this exact accepted overlay because no current upstream hunk exists on the path.
extensions/diagnostics-otel/src/service.ts	6	74ed2530dade44cc328570d71b88d87adcf9dc4c	7fcb94331fcd3cd110519f0eb81cdef0dd839f7c	74ed2530dade44cc328570d71b88d87adcf9dc4c	7fcb94331fcd3cd110519f0eb81cdef0dd839f7c	Current upstream blob equals the old merge-base blob and candidate blob equals the accepted-source blob; preserve this exact accepted overlay because no current upstream hunk exists on the path.
extensions/discord/src/internal/rest.ts	1	040ee43c43101f5b822c4ea3a6f56bf6017543a8	a16c7856ddc3be054016f182b46edb1ebce1698c	040ee43c43101f5b822c4ea3a6f56bf6017543a8	a16c7856ddc3be054016f182b46edb1ebce1698c	Current upstream blob equals the old merge-base blob and candidate blob equals the accepted-source blob; preserve this exact accepted overlay because no current upstream hunk exists on the path.
extensions/feishu/src/delivery-trace.test.ts	4	c1499a005adc10b1887f1dc37b936a35292f184b	37b7521bda69372aeb03009b22b19d04bbf01a5e	c1499a005adc10b1887f1dc37b936a35292f184b	37b7521bda69372aeb03009b22b19d04bbf01a5e	Current upstream blob equals the old merge-base blob and candidate blob equals the accepted-source blob; preserve this exact accepted overlay because no current upstream hunk exists on the path.
extensions/google-meet/src/oauth.ts	1	3b6648a27eb2874663f6688b7aa46010dc3bc4f3	3698240ceb7207a2c0f321490bbd57eab922a000	3b6648a27eb2874663f6688b7aa46010dc3bc4f3	3698240ceb7207a2c0f321490bbd57eab922a000	Current upstream blob equals the old merge-base blob and candidate blob equals the accepted-source blob; preserve this exact accepted overlay because no current upstream hunk exists on the path.
extensions/google/cli-backend-auth.test.ts	3	88c500c7135f7cf7cfe0ab0966ea82c440c73abd	73548aa968cf29093e01f0e0977874bdf5fd0856	88c500c7135f7cf7cfe0ab0966ea82c440c73abd	73548aa968cf29093e01f0e0977874bdf5fd0856	Current upstream blob equals the old merge-base blob and candidate blob equals the accepted-source blob; preserve this exact accepted overlay because no current upstream hunk exists on the path.
extensions/google/cli-backend-isolated.test.ts	3	f8353d99cc547d4849d02c818d4ac58420cc08d5	298db2b5dda04fadff5e38a849e42db455935f2c	f8353d99cc547d4849d02c818d4ac58420cc08d5	298db2b5dda04fadff5e38a849e42db455935f2c	Current upstream blob equals the old merge-base blob and candidate blob equals the accepted-source blob; preserve this exact accepted overlay because no current upstream hunk exists on the path.
extensions/google/transport-stream.test.ts	2	39b1e2ede421a2dcafb78fb8688b5a40b6552548	9b8206c1165a3eda9e34c9028bac1449ce9a77f0	39b1e2ede421a2dcafb78fb8688b5a40b6552548	9b8206c1165a3eda9e34c9028bac1449ce9a77f0	Current upstream blob equals the old merge-base blob and candidate blob equals the accepted-source blob; preserve this exact accepted overlay because no current upstream hunk exists on the path.
extensions/matrix/src/matrix/client/storage.test.ts	2	3867f44be4be7205d136a4d4d2a417251ccf8b7d	ab3c25f0b39c212442b25b6b5ee052cee7795a77	3867f44be4be7205d136a4d4d2a417251ccf8b7d	ab3c25f0b39c212442b25b6b5ee052cee7795a77	Current upstream blob equals the old merge-base blob and candidate blob equals the accepted-source blob; preserve this exact accepted overlay because no current upstream hunk exists on the path.
extensions/matrix/src/test-runtime.ts	12	d8b8d63e0597c6ef1144c53cd853cca6f28b59ae	16bee6310274339abb78ae1dbac450e1cb4c58ad	d8b8d63e0597c6ef1144c53cd853cca6f28b59ae	16bee6310274339abb78ae1dbac450e1cb4c58ad	Current upstream blob equals the old merge-base blob and candidate blob equals the accepted-source blob; preserve this exact accepted overlay because no current upstream hunk exists on the path.
extensions/msteams/src/channel.test.ts	3	50a7ae1444d18c9fde9e7212ccd2f081f137cac6	27ba16733056d5853d6479c994ee934db4ecaee5	50a7ae1444d18c9fde9e7212ccd2f081f137cac6	27ba16733056d5853d6479c994ee934db4ecaee5	Current upstream blob equals the old merge-base blob and candidate blob equals the accepted-source blob; preserve this exact accepted overlay because no current upstream hunk exists on the path.
extensions/mxc/test/binary-resolver.test.ts	7	62b1dfb1d6d9f3c7f21bfd3d4ce1f3cf42b6e5ef	684fa8b8d20e15d1dac5520a4a56a6ed5d95f067	62b1dfb1d6d9f3c7f21bfd3d4ce1f3cf42b6e5ef	684fa8b8d20e15d1dac5520a4a56a6ed5d95f067	Current upstream blob equals the old merge-base blob and candidate blob equals the accepted-source blob; preserve this exact accepted overlay because no current upstream hunk exists on the path.
extensions/ollama/provider-discovery.test.ts	3	5e66ddb39617d7cf35528a5f88fdca08337d12f2	a2ed2dc86ba2ca3212e25cce005c519a086139f9	5e66ddb39617d7cf35528a5f88fdca08337d12f2	a2ed2dc86ba2ca3212e25cce005c519a086139f9	Current upstream blob equals the old merge-base blob and candidate blob equals the accepted-source blob; preserve this exact accepted overlay because no current upstream hunk exists on the path.
extensions/qa-lab/src/crabline-transport-message-id.test.ts	3	8f59f90aa293929f1617725e8ad7c9d7c4277aea	068b0c34b88f79b527ca8f7a4c7fb41a6030a46d	8f59f90aa293929f1617725e8ad7c9d7c4277aea	068b0c34b88f79b527ca8f7a4c7fb41a6030a46d	Current upstream blob equals the old merge-base blob and candidate blob equals the accepted-source blob; preserve this exact accepted overlay because no current upstream hunk exists on the path.
extensions/qa-lab/src/crabline-transport-native-command.test.ts	2	36d246baac450acdf84d086c38a6c38cc59038d5	8ca4c6d3043856789f1fcd749105e48ad7654942	36d246baac450acdf84d086c38a6c38cc59038d5	8ca4c6d3043856789f1fcd749105e48ad7654942	Current upstream blob equals the old merge-base blob and candidate blob equals the accepted-source blob; preserve this exact accepted overlay because no current upstream hunk exists on the path.
extensions/qa-lab/src/crabline-transport-readiness.test.ts	2	f3c455e77755e61b8784a6a581f8f58b7b59f4aa	3031957212c092cf3c49179709ad85ad724d1a41	f3c455e77755e61b8784a6a581f8f58b7b59f4aa	3031957212c092cf3c49179709ad85ad724d1a41	Current upstream blob equals the old merge-base blob and candidate blob equals the accepted-source blob; preserve this exact accepted overlay because no current upstream hunk exists on the path.
extensions/qa-lab/src/lab-server-ui.ts	1	92a2066d6d7e1ee5bae4cf742a65984d76e8cf6a	f74f65f5c2ee4df848fdec05b5e863cf36e62071	92a2066d6d7e1ee5bae4cf742a65984d76e8cf6a	f74f65f5c2ee4df848fdec05b5e863cf36e62071	Current upstream blob equals the old merge-base blob and candidate blob equals the accepted-source blob; preserve this exact accepted overlay because no current upstream hunk exists on the path.
extensions/senseaudio/media-understanding-provider.live.test.ts	2	cc00ce7bf6ed2e8fdcfca030daef79b4ebb5e8e1	853e7e5c44f09749b99333b9a34b9902e0f090b5	cc00ce7bf6ed2e8fdcfca030daef79b4ebb5e8e1	853e7e5c44f09749b99333b9a34b9902e0f090b5	Current upstream blob equals the old merge-base blob and candidate blob equals the accepted-source blob; preserve this exact accepted overlay because no current upstream hunk exists on the path.
extensions/signal/src/monitor.tool-result.test-harness.ts	1	a81792bee8efc7e7aa50bdb9a2b4f6e838e3ad85	2f0fe3a82ffd9a893f7716693a1abd8e1782242e	a81792bee8efc7e7aa50bdb9a2b4f6e838e3ad85	2f0fe3a82ffd9a893f7716693a1abd8e1782242e	Current upstream blob equals the old merge-base blob and candidate blob equals the accepted-source blob; preserve this exact accepted overlay because no current upstream hunk exists on the path.
extensions/signal/src/monitor/event-handler.ingress-lifecycle.test.ts	32	cb371972e467cdce1738373ee02a6e1ddcab95d7	57caa80c7665bb6cb511c254e9f7221ab56c6309	cb371972e467cdce1738373ee02a6e1ddcab95d7	57caa80c7665bb6cb511c254e9f7221ab56c6309	Current upstream blob equals the old merge-base blob and candidate blob equals the accepted-source blob; preserve this exact accepted overlay because no current upstream hunk exists on the path.
extensions/telegram/src/bot.create-telegram-bot.test.ts	1	b1fe6c29236731081e521891824089af164c95c1	9c4a6c395ec8c3f7f8851eedcd2f7d4a97c932de	b1fe6c29236731081e521891824089af164c95c1	9c4a6c395ec8c3f7f8851eedcd2f7d4a97c932de	Current upstream blob equals the old merge-base blob and candidate blob equals the accepted-source blob; preserve this exact accepted overlay because no current upstream hunk exists on the path.
extensions/tts-local-cli/speech-provider.live.test.ts	2	520c9f82e2f86023939d84607a011ba45b0ccf41	d1381fafe7d5ac53f4d147694e7444f97c467cdb	520c9f82e2f86023939d84607a011ba45b0ccf41	d1381fafe7d5ac53f4d147694e7444f97c467cdb	Current upstream blob equals the old merge-base blob and candidate blob equals the accepted-source blob; preserve this exact accepted overlay because no current upstream hunk exists on the path.
packages/agent-core/src/agent-loop.ts	1	d1bc37076c1a416e5608b3d011966222297517f0	e1189742df9fe23253f77b56396197252951e30c	d1bc37076c1a416e5608b3d011966222297517f0	e1189742df9fe23253f77b56396197252951e30c	Current upstream blob equals the old merge-base blob and candidate blob equals the accepted-source blob; preserve this exact accepted overlay because no current upstream hunk exists on the path.
packages/gateway-protocol/src/schema/agent.ts	1	bbc27aeedf3081b09e0f297a66ce9c19464a6321	4b972ef48f171768b02bc5e4eb8cf99f73ef82c7	bbc27aeedf3081b09e0f297a66ce9c19464a6321	4b972ef48f171768b02bc5e4eb8cf99f73ef82c7	Current upstream blob equals the old merge-base blob and candidate blob equals the accepted-source blob; preserve this exact accepted overlay because no current upstream hunk exists on the path.
scripts/plugin-sdk-surface-report.mts	9	819fe782771077090f292b339166b86c0e04813e	2c30178d024209408f88a34d3a32df0f9d3ae3bd	819fe782771077090f292b339166b86c0e04813e	2c30178d024209408f88a34d3a32df0f9d3ae3bd	Current upstream blob equals the old merge-base blob and candidate blob equals the accepted-source blob; preserve this exact accepted overlay because no current upstream hunk exists on the path.
scripts/prepare-extension-package-boundary-artifacts.mts	1	6fd364d385ea2722f1205143d3984bf75dcb1e0a	6cd6b77f996300b59fc7aad3079758921ff5e672	6fd364d385ea2722f1205143d3984bf75dcb1e0a	6cd6b77f996300b59fc7aad3079758921ff5e672	Current upstream blob equals the old merge-base blob and candidate blob equals the accepted-source blob; preserve this exact accepted overlay because no current upstream hunk exists on the path.
scripts/protocol-gen-swift.ts	1	a63b92150aa4be055b2d6cf901ff85e8c2564ac8	b620e51c24b4c2d0049d22794471870efbf3a2fa	a63b92150aa4be055b2d6cf901ff85e8c2564ac8	b620e51c24b4c2d0049d22794471870efbf3a2fa	Current upstream blob equals the old merge-base blob and candidate blob equals the accepted-source blob; preserve this exact accepted overlay because no current upstream hunk exists on the path.
scripts/protocol-gen.ts	1	3bcbc91e6039473d6ff6d3ba72c9c8f062160a14	084dfa3d38cbedaf660829842825f57c9a9e5040	3bcbc91e6039473d6ff6d3ba72c9c8f062160a14	084dfa3d38cbedaf660829842825f57c9a9e5040	Current upstream blob equals the old merge-base blob and candidate blob equals the accepted-source blob; preserve this exact accepted overlay because no current upstream hunk exists on the path.
scripts/testbox-lease-freshness.mts	2	afdad4e8026132e18717fc0d7d9575a9401e7e4c	b51a38f9a2090a891cfc4f26063f8c0a6550601f	afdad4e8026132e18717fc0d7d9575a9401e7e4c	b51a38f9a2090a891cfc4f26063f8c0a6550601f	Current upstream blob equals the old merge-base blob and candidate blob equals the accepted-source blob; preserve this exact accepted overlay because no current upstream hunk exists on the path.
src/agents/agent-hooks/compaction-safeguard.ts	2	0f9f89e528d8829d3ff61778040f7d59e6ccfc7b	6e71ed71c58e1049d6da910df6d19ecd1d33a9a1	0f9f89e528d8829d3ff61778040f7d59e6ccfc7b	6e71ed71c58e1049d6da910df6d19ecd1d33a9a1	Current upstream blob equals the old merge-base blob and candidate blob equals the accepted-source blob; preserve this exact accepted overlay because no current upstream hunk exists on the path.
src/agents/agent-tools.session-permissions.test.ts	4	f662331c180ade7ddb40aa34a7e7b34d03c45e45	76edf956e3965049e7d6beb09f9e32f8aedc5690	f662331c180ade7ddb40aa34a7e7b34d03c45e45	76edf956e3965049e7d6beb09f9e32f8aedc5690	Current upstream blob equals the old merge-base blob and candidate blob equals the accepted-source blob; preserve this exact accepted overlay because no current upstream hunk exists on the path.
src/agents/apply-patch.symlink-alias.test.ts	2	0c7de3a8f6145959aa91c3808e83f82cb6966fc8	32e26de3a256b3faca6c2ed084768afd2ad8a035	0c7de3a8f6145959aa91c3808e83f82cb6966fc8	32e26de3a256b3faca6c2ed084768afd2ad8a035	Current upstream blob equals the old merge-base blob and candidate blob equals the accepted-source blob; preserve this exact accepted overlay because no current upstream hunk exists on the path.
src/agents/bash-tools.exec-live-state-sqlite-guard.test.ts	5	8507d3e0484c7afa985e0574ec5720483efafa34	d2e46076369beb2f00b7675f19737c39b633ec95	8507d3e0484c7afa985e0574ec5720483efafa34	d2e46076369beb2f00b7675f19737c39b633ec95	Current upstream blob equals the old merge-base blob and candidate blob equals the accepted-source blob; preserve this exact accepted overlay because no current upstream hunk exists on the path.
src/agents/bash-tools.exec-runtime-output.test.ts	1	8d8494fa3f0e6ff3f5c5d283b23661ba71a5bda1	fd0a2dcd9c3531e50f6b4f9ecf88dd69dbe36f95	8d8494fa3f0e6ff3f5c5d283b23661ba71a5bda1	fd0a2dcd9c3531e50f6b4f9ecf88dd69dbe36f95	Current upstream blob equals the old merge-base blob and candidate blob equals the accepted-source blob; preserve this exact accepted overlay because no current upstream hunk exists on the path.
src/agents/bash-tools.exec-workdir.test.ts	4	aeef606b37f83584f0bac56fd9f6e6beeb1bbf5c	442f46c5e518a6297facc5713941b4770b9fb1ac	aeef606b37f83584f0bac56fd9f6e6beeb1bbf5c	442f46c5e518a6297facc5713941b4770b9fb1ac	Current upstream blob equals the old merge-base blob and candidate blob equals the accepted-source blob; preserve this exact accepted overlay because no current upstream hunk exists on the path.
src/agents/bash-tools.exec.script-preflight.test.ts	1	b365acf0272778ef7e56fd0ad0279c4bdd17704a	88c2253cab95b4fcbc8e19b154d6896f9b8ae086	b365acf0272778ef7e56fd0ad0279c4bdd17704a	88c2253cab95b4fcbc8e19b154d6896f9b8ae086	Current upstream blob equals the old merge-base blob and candidate blob equals the accepted-source blob; preserve this exact accepted overlay because no current upstream hunk exists on the path.
src/agents/bash-tools.notify-on-exit-ack.test.ts	2	82b52c6655342c39eb51b30053426e85c74a26e2	636be680f08b61b257ab7ecf12916c132afefe44	82b52c6655342c39eb51b30053426e85c74a26e2	636be680f08b61b257ab7ecf12916c132afefe44	Current upstream blob equals the old merge-base blob and candidate blob equals the accepted-source blob; preserve this exact accepted overlay because no current upstream hunk exists on the path.
src/agents/command/attempt-execution.cli.test.ts	2	19b0366bec1ba3c8f2711d16f3f8324e077e0e75	7c76cee9fdc30737d06287e2229815cad86402f7	19b0366bec1ba3c8f2711d16f3f8324e077e0e75	7c76cee9fdc30737d06287e2229815cad86402f7	Current upstream blob equals the old merge-base blob and candidate blob equals the accepted-source blob; preserve this exact accepted overlay because no current upstream hunk exists on the path.
src/agents/command/attempt-execution.ts	136	2c512de52cd5126f71377b039cc171725ddc2695	99d2525ea9c2474d42c1261892ba050e317d61ed	2c512de52cd5126f71377b039cc171725ddc2695	99d2525ea9c2474d42c1261892ba050e317d61ed	Current upstream blob equals the old merge-base blob and candidate blob equals the accepted-source blob; preserve this exact accepted overlay because no current upstream hunk exists on the path.
src/agents/command/cli-compaction.ts	1	e39172d88bc5aaf0632cf23750a2947cdc18ba19	446563d1babca20bf06618feba92636d7ff994d1	e39172d88bc5aaf0632cf23750a2947cdc18ba19	446563d1babca20bf06618feba92636d7ff994d1	Current upstream blob equals the old merge-base blob and candidate blob equals the accepted-source blob; preserve this exact accepted overlay because no current upstream hunk exists on the path.
src/agents/embedded-agent-runner/cli-backend-dispatch-transcript.ts	2	e5b8371a4d89b61b39a3370fc2813320fca7c9a2	dd3f8ef70874f728d6b72c5beec37e3487f3d1b0	e5b8371a4d89b61b39a3370fc2813320fca7c9a2	dd3f8ef70874f728d6b72c5beec37e3487f3d1b0	Current upstream blob equals the old merge-base blob and candidate blob equals the accepted-source blob; preserve this exact accepted overlay because no current upstream hunk exists on the path.
src/agents/embedded-agent-runner/compact-reasons.ts	3	b703060a80edf4fcbcecba2531e85c9cd3f828f2	36a4392c64fdc41527b4191ef3ef156dcc8d7f86	b703060a80edf4fcbcecba2531e85c9cd3f828f2	36a4392c64fdc41527b4191ef3ef156dcc8d7f86	Current upstream blob equals the old merge-base blob and candidate blob equals the accepted-source blob; preserve this exact accepted overlay because no current upstream hunk exists on the path.
src/agents/embedded-agent-runner/compact.hooks.test.ts	11	1d04068bd35019589a11cfeb490faaf0252ad9d6	9b9a3004ed1fc0050cd96a4768f35526dbf6e79f	1d04068bd35019589a11cfeb490faaf0252ad9d6	9b9a3004ed1fc0050cd96a4768f35526dbf6e79f	Current upstream blob equals the old merge-base blob and candidate blob equals the accepted-source blob; preserve this exact accepted overlay because no current upstream hunk exists on the path.
src/agents/embedded-agent-runner/compact.types.ts	1	924547a5267b903b3dedf5d79fc71c484800b483	dea7f8e5b76332e1ce4db31c50cb63c812ef346a	924547a5267b903b3dedf5d79fc71c484800b483	dea7f8e5b76332e1ce4db31c50cb63c812ef346a	Current upstream blob equals the old merge-base blob and candidate blob equals the accepted-source blob; preserve this exact accepted overlay because no current upstream hunk exists on the path.
src/agents/embedded-agent-runner/compaction-checkpoint.ts	1	e683eda675a7b0eaf733ea7a71716a13cda5a3b6	fd0a2441f5259e2c1376b8bc3cf633ea952ba89e	e683eda675a7b0eaf733ea7a71716a13cda5a3b6	fd0a2441f5259e2c1376b8bc3cf633ea952ba89e	Current upstream blob equals the old merge-base blob and candidate blob equals the accepted-source blob; preserve this exact accepted overlay because no current upstream hunk exists on the path.
src/agents/embedded-agent-runner/run/attempt-execution-phase.ts	6	9cee54c5a7917ddd6981dbcb168a18eb212f40f3	9a3ef3533f6827236ebeeffd18bbc957c206d81e	9cee54c5a7917ddd6981dbcb168a18eb212f40f3	9a3ef3533f6827236ebeeffd18bbc957c206d81e	Current upstream blob equals the old merge-base blob and candidate blob equals the accepted-source blob; preserve this exact accepted overlay because no current upstream hunk exists on the path.
src/agents/embedded-agent-runner/run/failover-policy.ts	1	bf44bc1e12d2a55c9d2ed0f402f381f53654f867	a9fe212047ce586824eae66aca0ddc8f933d3c8e	bf44bc1e12d2a55c9d2ed0f402f381f53654f867	a9fe212047ce586824eae66aca0ddc8f933d3c8e	Current upstream blob equals the old merge-base blob and candidate blob equals the accepted-source blob; preserve this exact accepted overlay because no current upstream hunk exists on the path.
src/agents/embedded-agent-runner/run/payloads.ts	22	5575c7cd822f790ab5ef9cafea2ddfdf92051081	d7d2f8f10111622e74f691dfd72719eb87adad30	5575c7cd822f790ab5ef9cafea2ddfdf92051081	d7d2f8f10111622e74f691dfd72719eb87adad30	Current upstream blob equals the old merge-base blob and candidate blob equals the accepted-source blob; preserve this exact accepted overlay because no current upstream hunk exists on the path.
src/agents/embedded-agent-runner/server-endpoint-compaction.ts	1	7c8f0d2f8feed83e916ccd818cbdf9786668dd20	51fc16027fac1ca6b7d0035d456c2e83c781ffc1	7c8f0d2f8feed83e916ccd818cbdf9786668dd20	51fc16027fac1ca6b7d0035d456c2e83c781ffc1	Current upstream blob equals the old merge-base blob and candidate blob equals the accepted-source blob; preserve this exact accepted overlay because no current upstream hunk exists on the path.
src/agents/embedded-agent-subscribe.handlers.compaction.runtime.ts	1	2ea21ee4b8178ad3cda607f2cad4c7f2c900271c	54991e481f4138812f014b6078dd6bd9af4d03cc	2ea21ee4b8178ad3cda607f2cad4c7f2c900271c	54991e481f4138812f014b6078dd6bd9af4d03cc	Current upstream blob equals the old merge-base blob and candidate blob equals the accepted-source blob; preserve this exact accepted overlay because no current upstream hunk exists on the path.
src/agents/embedded-agent-subscribe.handlers.compaction.test.ts	1	e69ab883d86484e7a17f4add607612b371721b54	443ef07b7cc14953a8a3be3a5626cf514c84f765	e69ab883d86484e7a17f4add607612b371721b54	443ef07b7cc14953a8a3be3a5626cf514c84f765	Current upstream blob equals the old merge-base blob and candidate blob equals the accepted-source blob; preserve this exact accepted overlay because no current upstream hunk exists on the path.
src/agents/embedded-agent-subscribe.handlers.compaction.ts	11	321ef70353749d74a97ca6b16edf196dc220b2d4	6981dec3ae40757bc834b00b1d02e1118eba2fbe	321ef70353749d74a97ca6b16edf196dc220b2d4	6981dec3ae40757bc834b00b1d02e1118eba2fbe	Current upstream blob equals the old merge-base blob and candidate blob equals the accepted-source blob; preserve this exact accepted overlay because no current upstream hunk exists on the path.
src/agents/embedded-agent-subscribe.handlers.lifecycle.test.ts	6	203617d21913a98747ae8d450f64b9b890e12986	f513a8cbda06b28dcc7766ad00bccdea18c8d864	203617d21913a98747ae8d450f64b9b890e12986	f513a8cbda06b28dcc7766ad00bccdea18c8d864	Current upstream blob equals the old merge-base blob and candidate blob equals the accepted-source blob; preserve this exact accepted overlay because no current upstream hunk exists on the path.
src/agents/embedded-agent-subscribe.handlers.lifecycle.ts	13	7e40ad3515ac8ead664c1493e40ff75f87248b8d	99ed07f205203d8adf35750c05b91f21e2da1bd1	7e40ad3515ac8ead664c1493e40ff75f87248b8d	99ed07f205203d8adf35750c05b91f21e2da1bd1	Current upstream blob equals the old merge-base blob and candidate blob equals the accepted-source blob; preserve this exact accepted overlay because no current upstream hunk exists on the path.
src/agents/embedded-agent-subscribe.handlers.messages.lifecycle.test.ts	17	6cc65af16da7efdf45438ced52f04e41c48494d1	fee2cc13be7e86b455c89dcd01c669b3eb3014b5	6cc65af16da7efdf45438ced52f04e41c48494d1	fee2cc13be7e86b455c89dcd01c669b3eb3014b5	Current upstream blob equals the old merge-base blob and candidate blob equals the accepted-source blob; preserve this exact accepted overlay because no current upstream hunk exists on the path.
src/agents/embedded-agent-subscribe.handlers.messages.lifecycle.ts	152	06eb825962c89d365076f7b542c6ecf40e1861fb	b7a1eb2982a163f6c254f726b28c84a318d009cc	06eb825962c89d365076f7b542c6ecf40e1861fb	b7a1eb2982a163f6c254f726b28c84a318d009cc	Current upstream blob equals the old merge-base blob and candidate blob equals the accepted-source blob; preserve this exact accepted overlay because no current upstream hunk exists on the path.
src/agents/embedded-agent-subscribe.handlers.messages.replies.ts	1	5e4fb9095d4a82799301eb6d82feb45b39a994cb	40ba4ff9b0b47bcc7ad6c2fff07b360471ff1ecc	5e4fb9095d4a82799301eb6d82feb45b39a994cb	40ba4ff9b0b47bcc7ad6c2fff07b360471ff1ecc	Current upstream blob equals the old merge-base blob and candidate blob equals the accepted-source blob; preserve this exact accepted overlay because no current upstream hunk exists on the path.
src/agents/embedded-agent-subscribe.handlers.messages.stream.ts	2	16464f27f79304a6ec16fd6659d5d751c8f326b9	990a0d240a66caa9d6438240ead9d381727ad9c8	16464f27f79304a6ec16fd6659d5d751c8f326b9	990a0d240a66caa9d6438240ead9d381727ad9c8	Current upstream blob equals the old merge-base blob and candidate blob equals the accepted-source blob; preserve this exact accepted overlay because no current upstream hunk exists on the path.
src/agents/embedded-agent-subscribe.handlers.messages.test-helpers.ts	1	5be611d025d9baad4d6b79ca4d032f92fe9c5c0e	e161b27f0ba3953b92da43240147257c4391ff31	5be611d025d9baad4d6b79ca4d032f92fe9c5c0e	e161b27f0ba3953b92da43240147257c4391ff31	Current upstream blob equals the old merge-base blob and candidate blob equals the accepted-source blob; preserve this exact accepted overlay because no current upstream hunk exists on the path.
src/agents/embedded-agent-subscribe.handlers.messages.update-stream-items.test.ts	1	4c2b31449082c07ee4a0a2b68d764c330a02d523	a519c3c59357b8cb0d90d1d5b9d9ea50abab2cda	4c2b31449082c07ee4a0a2b68d764c330a02d523	a519c3c59357b8cb0d90d1d5b9d9ea50abab2cda	Current upstream blob equals the old merge-base blob and candidate blob equals the accepted-source blob; preserve this exact accepted overlay because no current upstream hunk exists on the path.
src/agents/embedded-agent-subscribe.handlers.messages.update-stream-phases.test.ts	3	0ae89a5140ef45abc8dc56d5e07199f1257883c7	de7d0cbfcb312285c29684708afb5f84f5bab694	0ae89a5140ef45abc8dc56d5e07199f1257883c7	de7d0cbfcb312285c29684708afb5f84f5bab694	Current upstream blob equals the old merge-base blob and candidate blob equals the accepted-source blob; preserve this exact accepted overlay because no current upstream hunk exists on the path.
src/agents/embedded-agent-subscribe.handlers.messages.update.ts	53	0916b74fb0dd8bae8423e5bf9231cd63325cff3a	81a24f9984ecf4ea4258f97b209f85a8c6bbff94	0916b74fb0dd8bae8423e5bf9231cd63325cff3a	81a24f9984ecf4ea4258f97b209f85a8c6bbff94	Current upstream blob equals the old merge-base blob and candidate blob equals the accepted-source blob; preserve this exact accepted overlay because no current upstream hunk exists on the path.
src/agents/embedded-agent-subscribe.handlers.tools.results.ts	3	8135cf1cfeed7084a7d28629a4cc531aff8da2d1	655d5a9654a86df05c31b8f808b3eabafe85be03	8135cf1cfeed7084a7d28629a4cc531aff8da2d1	655d5a9654a86df05c31b8f808b3eabafe85be03	Current upstream blob equals the old merge-base blob and candidate blob equals the accepted-source blob; preserve this exact accepted overlay because no current upstream hunk exists on the path.
src/agents/embedded-agent-subscribe.handlers.tools.start.ts	2	df2136e8483257fa757bca4d44a4f086578438f5	2794be27ed8f5beb9c00b4ad3645a17ca47c541f	df2136e8483257fa757bca4d44a4f086578438f5	2794be27ed8f5beb9c00b4ad3645a17ca47c541f	Current upstream blob equals the old merge-base blob and candidate blob equals the accepted-source blob; preserve this exact accepted overlay because no current upstream hunk exists on the path.
src/agents/embedded-agent-subscribe.handlers.types.ts	5	24d1353c882f28a540593a77b211dde497dddb60	b7b9efe20b3f97d0fd2c2188296dc0e58b3324a5	24d1353c882f28a540593a77b211dde497dddb60	b7b9efe20b3f97d0fd2c2188296dc0e58b3324a5	Current upstream blob equals the old merge-base blob and candidate blob equals the accepted-source blob; preserve this exact accepted overlay because no current upstream hunk exists on the path.
src/agents/embedded-agent-subscribe.reply-delivery.ts	15	25f733bf26389628452a4cf0b2ea7cf49252bfb1	96b38fbebe36a69e463a1a94fd0dfa5884408652	25f733bf26389628452a4cf0b2ea7cf49252bfb1	96b38fbebe36a69e463a1a94fd0dfa5884408652	Current upstream blob equals the old merge-base blob and candidate blob equals the accepted-source blob; preserve this exact accepted overlay because no current upstream hunk exists on the path.
src/agents/embedded-agent-subscribe.reply-tags.test.ts	1	9fc19fe1d89694d76272c0035477aead5b6990e2	a7c1e89400ac99c22d1632eb0c96e39e9d1bc42f	9fc19fe1d89694d76272c0035477aead5b6990e2	a7c1e89400ac99c22d1632eb0c96e39e9d1bc42f	Current upstream blob equals the old merge-base blob and candidate blob equals the accepted-source blob; preserve this exact accepted overlay because no current upstream hunk exists on the path.
src/agents/embedded-agent-subscribe.stream-rendering.ts	8	be2b4f7aa424a1ad032757dda6cf23915c9f536d	8b95dd5963ba5b1365da31f198ed9b6fc00e4ca7	be2b4f7aa424a1ad032757dda6cf23915c9f536d	8b95dd5963ba5b1365da31f198ed9b6fc00e4ca7	Current upstream blob equals the old merge-base blob and candidate blob equals the accepted-source blob; preserve this exact accepted overlay because no current upstream hunk exists on the path.
src/agents/embedded-agent-tool-media.ts	1	940a059ffe8144333e2313f6c946276f93c3a0a0	0268cd97545f561d74407c983e00f6cf9c3a4221	940a059ffe8144333e2313f6c946276f93c3a0a0	0268cd97545f561d74407c983e00f6cf9c3a4221	Current upstream blob equals the old merge-base blob and candidate blob equals the accepted-source blob; preserve this exact accepted overlay because no current upstream hunk exists on the path.
src/agents/embedded-agent-utils.ts	2	adb17dd469886a1bfc2d750388a96136f17b795a	5f9aae84a7e291b594a6b838a52164b9e5beb7e9	adb17dd469886a1bfc2d750388a96136f17b795a	5f9aae84a7e291b594a6b838a52164b9e5beb7e9	Current upstream blob equals the old merge-base blob and candidate blob equals the accepted-source blob; preserve this exact accepted overlay because no current upstream hunk exists on the path.
src/agents/openclaw-tools.ts	1	d30686bba388aae6cf1c71b5e3a93fe66b9875b8	e5396058bc5a505d011fcba81e453de57e2b47b5	d30686bba388aae6cf1c71b5e3a93fe66b9875b8	e5396058bc5a505d011fcba81e453de57e2b47b5	Current upstream blob equals the old merge-base blob and candidate blob equals the accepted-source blob; preserve this exact accepted overlay because no current upstream hunk exists on the path.
src/agents/sandbox/fs-bridge.boundary.test.ts	1	db7fc41f1713bf75cc0f76687b4d572d90831898	70ff198c0c6bc93a7135b75506e5ff9bde1c7b71	db7fc41f1713bf75cc0f76687b4d572d90831898	70ff198c0c6bc93a7135b75506e5ff9bde1c7b71	Current upstream blob equals the old merge-base blob and candidate blob equals the accepted-source blob; preserve this exact accepted overlay because no current upstream hunk exists on the path.
src/agents/sandbox/remote-fs-bridge.test.ts	1	864f1c16e5aa6c99f76cf967403f786c09f75a47	3366030e3470166631d3242923667ee967d65d2e	864f1c16e5aa6c99f76cf967403f786c09f75a47	3366030e3470166631d3242923667ee967d65d2e	Current upstream blob equals the old merge-base blob and candidate blob equals the accepted-source blob; preserve this exact accepted overlay because no current upstream hunk exists on the path.
src/agents/session-transcript-repair.ts	22	9ad76b870053c147a828ab1e633dd335ca1c5373	fd8aef8c2cf374660c4cee413832fd2abc481964	9ad76b870053c147a828ab1e633dd335ca1c5373	fd8aef8c2cf374660c4cee413832fd2abc481964	Current upstream blob equals the old merge-base blob and candidate blob equals the accepted-source blob; preserve this exact accepted overlay because no current upstream hunk exists on the path.
src/agents/shell-snapshot.ts	2	63a39412869dbab6243c31762516586f6165ebc0	c36cd8e2fc4c3a294cd12eeb2bab67385f3aa8d2	63a39412869dbab6243c31762516586f6165ebc0	c36cd8e2fc4c3a294cd12eeb2bab67385f3aa8d2	Current upstream blob equals the old merge-base blob and candidate blob equals the accepted-source blob; preserve this exact accepted overlay because no current upstream hunk exists on the path.
src/agents/spawn-pipeline.ts	2	a8c481810b05dd4d1777607629734cef92cc7b20	9862cce8fc15d89a50b58a9bbf800189e6cef49a	a8c481810b05dd4d1777607629734cef92cc7b20	9862cce8fc15d89a50b58a9bbf800189e6cef49a	Current upstream blob equals the old merge-base blob and candidate blob equals the accepted-source blob; preserve this exact accepted overlay because no current upstream hunk exists on the path.
src/agents/subagents/announce/subagent-announce-descendant-wake.ts	42	1cfb4fcc4a7e3832a0752eebf861adaa32f2fe1e	a4b036540af93e8623aff4439b2f145c0acdf1cb	1cfb4fcc4a7e3832a0752eebf861adaa32f2fe1e	a4b036540af93e8623aff4439b2f145c0acdf1cb	Current upstream blob equals the old merge-base blob and candidate blob equals the accepted-source blob; preserve this exact accepted overlay because no current upstream hunk exists on the path.
src/agents/subagents/announce/subagent-announce-output.ts	4	34d014b40aaea2476968c2c285b5f36b18a3d3f7	0a7aa1d80f976550d7c61a2c31598cc0cab0ea41	34d014b40aaea2476968c2c285b5f36b18a3d3f7	0a7aa1d80f976550d7c61a2c31598cc0cab0ea41	Current upstream blob equals the old merge-base blob and candidate blob equals the accepted-source blob; preserve this exact accepted overlay because no current upstream hunk exists on the path.
src/agents/subagents/announce/subagent-announce.format.e2e.test.ts	7	8d524fb6d76bfbccc4f1864d3e102b3ad43c465b	26dc5c4b4264c3542494cf44e39a6bd6f3d307fc	8d524fb6d76bfbccc4f1864d3e102b3ad43c465b	26dc5c4b4264c3542494cf44e39a6bd6f3d307fc	Current upstream blob equals the old merge-base blob and candidate blob equals the accepted-source blob; preserve this exact accepted overlay because no current upstream hunk exists on the path.
src/agents/subagents/announce/subagent-announce.requester-settle-wake.ts	1	832d5f007bebaa51cb143ea2d05ed844030faf96	8a560641e74e93480ded16136a89d2a19e977a34	832d5f007bebaa51cb143ea2d05ed844030faf96	8a560641e74e93480ded16136a89d2a19e977a34	Current upstream blob equals the old merge-base blob and candidate blob equals the accepted-source blob; preserve this exact accepted overlay because no current upstream hunk exists on the path.
src/agents/subagents/announce/subagent-announce.test.ts	2	915620f68e2b071cd6d08bc1c221635839c4aaf8	c3622ea2b8cf10818323b54e061c39fa49fe5364	915620f68e2b071cd6d08bc1c221635839c4aaf8	c3622ea2b8cf10818323b54e061c39fa49fe5364	Current upstream blob equals the old merge-base blob and candidate blob equals the accepted-source blob; preserve this exact accepted overlay because no current upstream hunk exists on the path.
src/agents/subagents/announce/subagent-announce.timeout.test.ts	1	14b900012e3782b1c7edd3bb3a822e0e316335dc	c86103199670594b1d42058cb30ce9d520d6763e	14b900012e3782b1c7edd3bb3a822e0e316335dc	c86103199670594b1d42058cb30ce9d520d6763e	Current upstream blob equals the old merge-base blob and candidate blob equals the accepted-source blob; preserve this exact accepted overlay because no current upstream hunk exists on the path.
src/agents/subagents/announce/subagent-announce.ts	176	0472571d94792df01491c56b11785b43c11c3395	b29da4502a70a8bd6bdadfb2848d5a0613736437	0472571d94792df01491c56b11785b43c11c3395	b29da4502a70a8bd6bdadfb2848d5a0613736437	Current upstream blob equals the old merge-base blob and candidate blob equals the accepted-source blob; preserve this exact accepted overlay because no current upstream hunk exists on the path.
src/agents/subagents/completion/subagent-completion-admission.store.ts	1	86f4aed0adbe389b3f77f7377c368167cb090357	f9e1a04ee69795ad2366ff81abd6d0376e10a362	86f4aed0adbe389b3f77f7377c368167cb090357	f9e1a04ee69795ad2366ff81abd6d0376e10a362	Current upstream blob equals the old merge-base blob and candidate blob equals the accepted-source blob; preserve this exact accepted overlay because no current upstream hunk exists on the path.
src/agents/subagents/registry/subagent-control-messaging.ts	11	8675a148887aa8c2d877ee6b050181a3947ff3e0	657bca47a0d997708c8554bf8c77806f6d59ded2	8675a148887aa8c2d877ee6b050181a3947ff3e0	657bca47a0d997708c8554bf8c77806f6d59ded2	Current upstream blob equals the old merge-base blob and candidate blob equals the accepted-source blob; preserve this exact accepted overlay because no current upstream hunk exists on the path.
src/agents/subagents/registry/subagent-registry-completion.ts	1	e08bf043d0c9e9308a0168f243040dc18d1e4c95	beecf723f820bb8516d026055c56bd5b97ea4f4e	e08bf043d0c9e9308a0168f243040dc18d1e4c95	beecf723f820bb8516d026055c56bd5b97ea4f4e	Current upstream blob equals the old merge-base blob and candidate blob equals the accepted-source blob; preserve this exact accepted overlay because no current upstream hunk exists on the path.
src/agents/subagents/registry/subagent-registry-lifecycle-announce-cleanup.ts	1	d2212903e670b86ece3c8ff9fb290e60b6c9c8dc	a35493bbeabd6e1115bcf06b9fd6a2ea29818f00	d2212903e670b86ece3c8ff9fb290e60b6c9c8dc	a35493bbeabd6e1115bcf06b9fd6a2ea29818f00	Current upstream blob equals the old merge-base blob and candidate blob equals the accepted-source blob; preserve this exact accepted overlay because no current upstream hunk exists on the path.
src/agents/subagents/registry/subagent-registry-lifecycle-completion.ts	3	4a2b082d22bd3a6ea3ecb5a57efea62265df6eac	5350bc4e37cee0ff2f7514e503bef174cf28622b	4a2b082d22bd3a6ea3ecb5a57efea62265df6eac	5350bc4e37cee0ff2f7514e503bef174cf28622b	Current upstream blob equals the old merge-base blob and candidate blob equals the accepted-source blob; preserve this exact accepted overlay because no current upstream hunk exists on the path.
src/agents/subagents/registry/subagent-registry-lifecycle-delivery.ts	1	14d895911de08a4de74beebe98193e101fc89b88	a070ba09be475d6bcbb7ac23a4c2bed5447f096b	14d895911de08a4de74beebe98193e101fc89b88	a070ba09be475d6bcbb7ac23a4c2bed5447f096b	Current upstream blob equals the old merge-base blob and candidate blob equals the accepted-source blob; preserve this exact accepted overlay because no current upstream hunk exists on the path.
src/agents/subagents/registry/subagent-registry-maintenance.ts	3	9fde2d0dded12b8061274909576f4c0457388c79	a5d5b9529532dae5b484a42031fa07eebfbe3cf7	9fde2d0dded12b8061274909576f4c0457388c79	a5d5b9529532dae5b484a42031fa07eebfbe3cf7	Current upstream blob equals the old merge-base blob and candidate blob equals the accepted-source blob; preserve this exact accepted overlay because no current upstream hunk exists on the path.
src/agents/subagents/registry/subagent-registry-queries.ts	1	0016e350b577f185d7d8ab617405ae82923eec8a	3724b8cc7845ecb6c5c0a168bd9003b19d22925c	0016e350b577f185d7d8ab617405ae82923eec8a	3724b8cc7845ecb6c5c0a168bd9003b19d22925c	Current upstream blob equals the old merge-base blob and candidate blob equals the accepted-source blob; preserve this exact accepted overlay because no current upstream hunk exists on the path.
src/agents/subagents/registry/subagent-registry-restart-recovery.ts	125	b8f6b1a36d61e6b9fda4ecab5755ce05e8647f7b	94e5aed32436cef582729971335b57306ff5af70	b8f6b1a36d61e6b9fda4ecab5755ce05e8647f7b	94e5aed32436cef582729971335b57306ff5af70	Current upstream blob equals the old merge-base blob and candidate blob equals the accepted-source blob; preserve this exact accepted overlay because no current upstream hunk exists on the path.
src/agents/subagents/registry/subagent-registry-restore.ts	5	b53aa3c9d65dbd64c29f51dc867bbef186f43f7d	5fc5e477b77a7473171eaf83dae40c07346a4d39	b53aa3c9d65dbd64c29f51dc867bbef186f43f7d	5fc5e477b77a7473171eaf83dae40c07346a4d39	Current upstream blob equals the old merge-base blob and candidate blob equals the accepted-source blob; preserve this exact accepted overlay because no current upstream hunk exists on the path.
src/agents/subagents/registry/subagent-registry-run-launch.ts	4	aecd239a54e3e00a7329e222b74b2b3008fa230a	61f57f3ec3742f3dadef63018e6c3c6a8a35b5f2	aecd239a54e3e00a7329e222b74b2b3008fa230a	61f57f3ec3742f3dadef63018e6c3c6a8a35b5f2	Current upstream blob equals the old merge-base blob and candidate blob equals the accepted-source blob; preserve this exact accepted overlay because no current upstream hunk exists on the path.
src/agents/subagents/registry/subagent-registry-run-recovery.ts	2	d18b24d5fa9ac1bcbe5e7116555fdad08b973898	e4872b31514d4e3accde68e1453d8025aa21cd57	d18b24d5fa9ac1bcbe5e7116555fdad08b973898	e4872b31514d4e3accde68e1453d8025aa21cd57	Current upstream blob equals the old merge-base blob and candidate blob equals the accepted-source blob; preserve this exact accepted overlay because no current upstream hunk exists on the path.
src/agents/subagents/registry/subagent-registry-run-wait.ts	3	793c527510b9dcd0c2b9e0bc251c5930b6d58be4	d021eb91bd109beded2c93ab6e41bbc30ada0a89	793c527510b9dcd0c2b9e0bc251c5930b6d58be4	d021eb91bd109beded2c93ab6e41bbc30ada0a89	Current upstream blob equals the old merge-base blob and candidate blob equals the accepted-source blob; preserve this exact accepted overlay because no current upstream hunk exists on the path.
src/agents/subagents/registry/subagent-registry-sweep-kill.ts	1	00978542df0cd4f4179ec9d983b4bb92d4272be9	4a64fda8fc6c1083db2ed44e12057f0fc391013a	00978542df0cd4f4179ec9d983b4bb92d4272be9	4a64fda8fc6c1083db2ed44e12057f0fc391013a	Current upstream blob equals the old merge-base blob and candidate blob equals the accepted-source blob; preserve this exact accepted overlay because no current upstream hunk exists on the path.
src/agents/subagents/registry/subagent-registry-sweeper-recovery.test.ts	3	faed61f5d0d1b46f7dd2877de47bf179bd38c246	116ae2eedc6ed3a9c9202bacf85f519f7fc68f0a	faed61f5d0d1b46f7dd2877de47bf179bd38c246	116ae2eedc6ed3a9c9202bacf85f519f7fc68f0a	Current upstream blob equals the old merge-base blob and candidate blob equals the accepted-source blob; preserve this exact accepted overlay because no current upstream hunk exists on the path.
src/agents/subagents/registry/subagent-registry-sweeper.ts	53	71666d00b2c727832cc4fdbb1f438fb261268b25	14f076b106812832b7f5b9ae59a531824fb7e336	71666d00b2c727832cc4fdbb1f438fb261268b25	14f076b106812832b7f5b9ae59a531824fb7e336	Current upstream blob equals the old merge-base blob and candidate blob equals the accepted-source blob; preserve this exact accepted overlay because no current upstream hunk exists on the path.
src/agents/subagents/registry/subagent-registry.persistence.test.ts	104	6f2450077f1ea1852d348e4cd96c4dc905a8efd1	f8b98ee5174254b4fb10e4f036cea55a839674f0	6f2450077f1ea1852d348e4cd96c4dc905a8efd1	f8b98ee5174254b4fb10e4f036cea55a839674f0	Current upstream blob equals the old merge-base blob and candidate blob equals the accepted-source blob; preserve this exact accepted overlay because no current upstream hunk exists on the path.
src/agents/subagents/registry/subagent-registry.test.ts	4	f0eae216e48b16ae27f7ee488a5bf14d4180db34	22c5591360c8f19c264d802c76d1451dd2ffa260	f0eae216e48b16ae27f7ee488a5bf14d4180db34	22c5591360c8f19c264d802c76d1451dd2ffa260	Current upstream blob equals the old merge-base blob and candidate blob equals the accepted-source blob; preserve this exact accepted overlay because no current upstream hunk exists on the path.
src/agents/subagents/registry/subagent-registry.ts	3	ba508619a51b4aa283b585f97a0bf813e59ac113	c1363d07c4752aca5446c9626885d7ff5f21af2a	ba508619a51b4aa283b585f97a0bf813e59ac113	c1363d07c4752aca5446c9626885d7ff5f21af2a	Current upstream blob equals the old merge-base blob and candidate blob equals the accepted-source blob; preserve this exact accepted overlay because no current upstream hunk exists on the path.
src/agents/subagents/registry/subagent-registry.types.ts	1	90a1954557eb757f8ac7227a3f77be4a5e07f29f	ad9d8b773ddf144d8524552f814822acc475fd5d	90a1954557eb757f8ac7227a3f77be4a5e07f29f	ad9d8b773ddf144d8524552f814822acc475fd5d	Current upstream blob equals the old merge-base blob and candidate blob equals the accepted-source blob; preserve this exact accepted overlay because no current upstream hunk exists on the path.
src/agents/subagents/registry/subagent-run-liveness.ts	5	41fdd6dbf11c5feb916a8edcbe71cebb050dc9aa	9fd514a5fe2d36044420d990f334a79401e95933	41fdd6dbf11c5feb916a8edcbe71cebb050dc9aa	9fd514a5fe2d36044420d990f334a79401e95933	Current upstream blob equals the old merge-base blob and candidate blob equals the accepted-source blob; preserve this exact accepted overlay because no current upstream hunk exists on the path.
src/agents/subagents/registry/subagent-session-cleanup.ts	2	56ead58ece825dbcd717c4825e1e6ebaa200fb27	45d2d586939038e6bd622cef1dd43a99f2ee14fd	56ead58ece825dbcd717c4825e1e6ebaa200fb27	45d2d586939038e6bd622cef1dd43a99f2ee14fd	Current upstream blob equals the old merge-base blob and candidate blob equals the accepted-source blob; preserve this exact accepted overlay because no current upstream hunk exists on the path.
src/agents/subagents/registry/subagent-session-reconciliation.ts	1	669dc0a265dbca99665c02ff3d844bcff3d58f43	1b4ef684820b1f5034e4c59054eb986fb889de84	669dc0a265dbca99665c02ff3d844bcff3d58f43	1b4ef684820b1f5034e4c59054eb986fb889de84	Current upstream blob equals the old merge-base blob and candidate blob equals the accepted-source blob; preserve this exact accepted overlay because no current upstream hunk exists on the path.
src/agents/subagents/spawn/acp-spawn-parent-stream.test.ts	2	ef28d34a63bf938ef1ef62247a97f2dd7718cfb5	206a24e787a74ef51a4acd88919f9e778950c4d9	ef28d34a63bf938ef1ef62247a97f2dd7718cfb5	206a24e787a74ef51a4acd88919f9e778950c4d9	Current upstream blob equals the old merge-base blob and candidate blob equals the accepted-source blob; preserve this exact accepted overlay because no current upstream hunk exists on the path.
src/agents/subagents/spawn/acp-spawn-parent-stream.ts	2	194d7e32d8a9df1e64d8e427ae48ae4cf898ffcb	077c8a98568512a8461c0959f83ac336f5f2d7dd	194d7e32d8a9df1e64d8e427ae48ae4cf898ffcb	077c8a98568512a8461c0959f83ac336f5f2d7dd	Current upstream blob equals the old merge-base blob and candidate blob equals the accepted-source blob; preserve this exact accepted overlay because no current upstream hunk exists on the path.
src/agents/subagents/spawn/acp-spawn.test.ts	1	7222e0b95c60c172c67aed60593944bb9a980259	2be036cb431c1c62427bcba37f04250dd469fb46	7222e0b95c60c172c67aed60593944bb9a980259	2be036cb431c1c62427bcba37f04250dd469fb46	Current upstream blob equals the old merge-base blob and candidate blob equals the accepted-source blob; preserve this exact accepted overlay because no current upstream hunk exists on the path.
src/agents/subagents/spawn/subagent-attachments.ts	95	ce5692125a4063e565c117c5debecec5614195c3	fb0eaaceb0999545693b364bdb5ed226cea6a298	ce5692125a4063e565c117c5debecec5614195c3	fb0eaaceb0999545693b364bdb5ed226cea6a298	Current upstream blob equals the old merge-base blob and candidate blob equals the accepted-source blob; preserve this exact accepted overlay because no current upstream hunk exists on the path.
src/agents/subagents/spawn/subagent-spawn-cleanup.test.ts	17	d2b4ebe2694d725b4e1a81fadda61733f13e79ef	88c502bea9d5cfe059a16ccab5c35dc2a9aa32de	d2b4ebe2694d725b4e1a81fadda61733f13e79ef	88c502bea9d5cfe059a16ccab5c35dc2a9aa32de	Current upstream blob equals the old merge-base blob and candidate blob equals the accepted-source blob; preserve this exact accepted overlay because no current upstream hunk exists on the path.
src/agents/subagents/spawn/subagent-spawn-cleanup.ts	19	7dece3b904665bb48ecff1e5e972acd088e3a4be	92d73275648068866fc93c1b8389c84fba7562a5	7dece3b904665bb48ecff1e5e972acd088e3a4be	92d73275648068866fc93c1b8389c84fba7562a5	Current upstream blob equals the old merge-base blob and candidate blob equals the accepted-source blob; preserve this exact accepted overlay because no current upstream hunk exists on the path.
src/agents/subagents/spawn/subagent-spawn-session-patch.ts	13	51ea62862eb58145d5ae29232d120fc472230000	fb2007592cabcce389e567e3f149cf3a73044642	51ea62862eb58145d5ae29232d120fc472230000	fb2007592cabcce389e567e3f149cf3a73044642	Current upstream blob equals the old merge-base blob and candidate blob equals the accepted-source blob; preserve this exact accepted overlay because no current upstream hunk exists on the path.
src/agents/subagents/spawn/subagent-spawn.attachments.test.ts	4	f757f411a39985b7932eec60bc7a23693783a2c1	884976f948f308da0222acd8b26086751b9dcaf9	f757f411a39985b7932eec60bc7a23693783a2c1	884976f948f308da0222acd8b26086751b9dcaf9	Current upstream blob equals the old merge-base blob and candidate blob equals the accepted-source blob; preserve this exact accepted overlay because no current upstream hunk exists on the path.
src/agents/subagents/spawn/subagent-spawn.model-session.test.ts	8	73c81f27a6b8a8e389b67c7577d52a16fee152ef	c4ec042f85855cc55193d8710efcfba38ad8c29b	73c81f27a6b8a8e389b67c7577d52a16fee152ef	c4ec042f85855cc55193d8710efcfba38ad8c29b	Current upstream blob equals the old merge-base blob and candidate blob equals the accepted-source blob; preserve this exact accepted overlay because no current upstream hunk exists on the path.
src/agents/subagents/spawn/subagent-spawn.runtime.ts	1	70e54e3ca43a181028f628470097991e82e784cf	2eedaf5c82e396f55605fe30a843ac7e06727245	70e54e3ca43a181028f628470097991e82e784cf	2eedaf5c82e396f55605fe30a843ac7e06727245	Current upstream blob equals the old merge-base blob and candidate blob equals the accepted-source blob; preserve this exact accepted overlay because no current upstream hunk exists on the path.
src/agents/subagents/spawn/subagent-spawn.test-helpers.ts	3	ce88d6c310621ced5e8ffb09be5f7b0c575b5add	b6688331c8838dbfc419340bb1986b35c73052db	ce88d6c310621ced5e8ffb09be5f7b0c575b5add	b6688331c8838dbfc419340bb1986b35c73052db	Current upstream blob equals the old merge-base blob and candidate blob equals the accepted-source blob; preserve this exact accepted overlay because no current upstream hunk exists on the path.
src/agents/subagents/spawn/subagent-spawn.test.ts	1	aef4f017f851ed4969e74db8fa1bbbf0102d212a	1867be78b5ab087fae07c32c179eff060d99741e	aef4f017f851ed4969e74db8fa1bbbf0102d212a	1867be78b5ab087fae07c32c179eff060d99741e	Current upstream blob equals the old merge-base blob and candidate blob equals the accepted-source blob; preserve this exact accepted overlay because no current upstream hunk exists on the path.
src/agents/subagents/spawn/subagent-spawn.ts	91	0d0bcb3a41d8a4ff24e180b70ffcd9dfb4cc7bc4	9ce8ebb486fd286a4d1816deee3953bbea40cc96	0d0bcb3a41d8a4ff24e180b70ffcd9dfb4cc7bc4	9ce8ebb486fd286a4d1816deee3953bbea40cc96	Current upstream blob equals the old merge-base blob and candidate blob equals the accepted-source blob; preserve this exact accepted overlay because no current upstream hunk exists on the path.
src/agents/tool-display-config.ts	95	2b6e39d95f5ddc89dc1ca2e1911c2c1a82653f3d	a2800e51ab8bd84b7aea07b3977f09f787fd9c52	2b6e39d95f5ddc89dc1ca2e1911c2c1a82653f3d	a2800e51ab8bd84b7aea07b3977f09f787fd9c52	Current upstream blob equals the old merge-base blob and candidate blob equals the accepted-source blob; preserve this exact accepted overlay because no current upstream hunk exists on the path.
src/agents/tool-display-message-config.ts	89	b5f212588e96bb433f167dd0c692721223c199f0	219fe67b4976dc11e71a157d7cc56ee6ade20c3a	b5f212588e96bb433f167dd0c692721223c199f0	219fe67b4976dc11e71a157d7cc56ee6ade20c3a	Current upstream blob equals the old merge-base blob and candidate blob equals the accepted-source blob; preserve this exact accepted overlay because no current upstream hunk exists on the path.
src/agents/tool-error-summary.ts	1	42b2c86af750913a2625b3108cc1e415edab17cd	054e7b2d50f364afcba641f47db414400a53ff6a	42b2c86af750913a2625b3108cc1e415edab17cd	054e7b2d50f364afcba641f47db414400a53ff6a	Current upstream blob equals the old merge-base blob and candidate blob equals the accepted-source blob; preserve this exact accepted overlay because no current upstream hunk exists on the path.
src/agents/tools-effective-inventory.test.ts	110	4c06bdbb77c9e5d9bccce6b087fa20dd1ef78315	e65c795e0df6706ca7f096af78d2d7393636f41e	4c06bdbb77c9e5d9bccce6b087fa20dd1ef78315	e65c795e0df6706ca7f096af78d2d7393636f41e	Current upstream blob equals the old merge-base blob and candidate blob equals the accepted-source blob; preserve this exact accepted overlay because no current upstream hunk exists on the path.
src/agents/tools/media-generate-background-shared.ts	10	cf8b383549f2b5e818ad33e9d4c4f11d215ef86b	0b8686b3feea7f1a15b6427c17424261d1e7e04c	cf8b383549f2b5e818ad33e9d4c4f11d215ef86b	0b8686b3feea7f1a15b6427c17424261d1e7e04c	Current upstream blob equals the old merge-base blob and candidate blob equals the accepted-source blob; preserve this exact accepted overlay because no current upstream hunk exists on the path.
src/agents/tools/sessions-spawn-tool.ts	8	4ac7f230d8fa2ad4ac88eefb3612cdf6811af666	013cd73e03456d157068c604fa389ae3be2d25b9	4ac7f230d8fa2ad4ac88eefb3612cdf6811af666	013cd73e03456d157068c604fa389ae3be2d25b9	Current upstream blob equals the old merge-base blob and candidate blob equals the accepted-source blob; preserve this exact accepted overlay because no current upstream hunk exists on the path.
src/agents/transcript-redact.ts	2	3792b439c44c5033fc897bbcf0e51053091b0233	21ebc1968c0292721baa7baa577e319be0feb189	3792b439c44c5033fc897bbcf0e51053091b0233	21ebc1968c0292721baa7baa577e319be0feb189	Current upstream blob equals the old merge-base blob and candidate blob equals the accepted-source blob; preserve this exact accepted overlay because no current upstream hunk exists on the path.
src/auto-reply/reply/abort.test.ts	1	291ca4347821a30f8c2be4ea8239acd4998a3b85	3b31efee4f431a858e6fdbedcdd9ea54e6e3904a	291ca4347821a30f8c2be4ea8239acd4998a3b85	3b31efee4f431a858e6fdbedcdd9ea54e6e3904a	Current upstream blob equals the old merge-base blob and candidate blob equals the accepted-source blob; preserve this exact accepted overlay because no current upstream hunk exists on the path.
src/auto-reply/reply/agent-runner-cli-candidate.ts	1	c95474cfee58be8fd4b46057b3472409e56f7202	d74b367395f46bb662635b4885ed8cf9ed8c88ea	c95474cfee58be8fd4b46057b3472409e56f7202	d74b367395f46bb662635b4885ed8cf9ed8c88ea	Current upstream blob equals the old merge-base blob and candidate blob equals the accepted-source blob; preserve this exact accepted overlay because no current upstream hunk exists on the path.
src/auto-reply/reply/agent-runner-execution.ts	42	518489c3bff17f9282d5560192981262129176a7	d06f5b92b233dad15bd64859effbecf1eb98dfc4	518489c3bff17f9282d5560192981262129176a7	d06f5b92b233dad15bd64859effbecf1eb98dfc4	Current upstream blob equals the old merge-base blob and candidate blob equals the accepted-source blob; preserve this exact accepted overlay because no current upstream hunk exists on the path.
src/auto-reply/reply/agent-runner-fallback-settlement.ts	1	a72799a97a3011303d6f618b0f36419397a1e3c4	2e4bcf6cdeab876797274631d41cc7e684264789	a72799a97a3011303d6f618b0f36419397a1e3c4	2e4bcf6cdeab876797274631d41cc7e684264789	Current upstream blob equals the old merge-base blob and candidate blob equals the accepted-source blob; preserve this exact accepted overlay because no current upstream hunk exists on the path.
src/auto-reply/reply/agent-runner-result-accounting.test.ts	51	0213f05a3c9ef51140c89d1f388b69e3c186cc46	63b35c31c941bff0db2692b1c2a8987a2f253aa5	0213f05a3c9ef51140c89d1f388b69e3c186cc46	63b35c31c941bff0db2692b1c2a8987a2f253aa5	Current upstream blob equals the old merge-base blob and candidate blob equals the accepted-source blob; preserve this exact accepted overlay because no current upstream hunk exists on the path.
src/auto-reply/reply/agent-runner-result-accounting.ts	1	b80b43e491271861e0474b6c21dcc5aafea9c797	eac2b31a0294b20d26e8855f3726156df86e7462	b80b43e491271861e0474b6c21dcc5aafea9c797	eac2b31a0294b20d26e8855f3726156df86e7462	Current upstream blob equals the old merge-base blob and candidate blob equals the accepted-source blob; preserve this exact accepted overlay because no current upstream hunk exists on the path.
src/auto-reply/reply/agent-runner-result-complete.ts	115	5c0edfa430eec60e8a27df756d39d000a9f178a6	3470ab60665a902716c1c84ab0b8af3d273f5576	5c0edfa430eec60e8a27df756d39d000a9f178a6	3470ab60665a902716c1c84ab0b8af3d273f5576	Current upstream blob equals the old merge-base blob and candidate blob equals the accepted-source blob; preserve this exact accepted overlay because no current upstream hunk exists on the path.
src/auto-reply/reply/agent-runner-result-payloads.ts	14	1adb9e4b1d05ebf3e5419fadf8ab4b36e9a66b4d	c614056061d701053d5c3567f6ca0de1236deeb5	1adb9e4b1d05ebf3e5419fadf8ab4b36e9a66b4d	c614056061d701053d5c3567f6ca0de1236deeb5	Current upstream blob equals the old merge-base blob and candidate blob equals the accepted-source blob; preserve this exact accepted overlay because no current upstream hunk exists on the path.
src/auto-reply/reply/agent-runner.misc.runreplyagent.test.ts	2	52bfef511c821de2b533fc3de60b918ec357384e	c6a86bcee008e25df7ec922fe6df5188c9fa16c5	52bfef511c821de2b533fc3de60b918ec357384e	c6a86bcee008e25df7ec922fe6df5188c9fa16c5	Current upstream blob equals the old merge-base blob and candidate blob equals the accepted-source blob; preserve this exact accepted overlay because no current upstream hunk exists on the path.
src/auto-reply/reply/commands-compact.runtime.ts	1	b951c7cce964a5f3746b9e0bddf7f5ead6b77daf	6ae0a78cb2a2a99091f9ee0b4ac188bdaa3b2602	b951c7cce964a5f3746b9e0bddf7f5ead6b77daf	6ae0a78cb2a2a99091f9ee0b4ac188bdaa3b2602	Current upstream blob equals the old merge-base blob and candidate blob equals the accepted-source blob; preserve this exact accepted overlay because no current upstream hunk exists on the path.
src/auto-reply/reply/commands-compact.ts	9	1f504277425005486874eb4741115daa39bd0a51	a54936d22bb8c541041a824d6b1e4682bc3baae7	1f504277425005486874eb4741115daa39bd0a51	a54936d22bb8c541041a824d6b1e4682bc3baae7	Current upstream blob equals the old merge-base blob and candidate blob equals the accepted-source blob; preserve this exact accepted overlay because no current upstream hunk exists on the path.
src/auto-reply/reply/directive-handling.mixed-inline.test.ts	1	fb810ca431e3481ccd1fd6f21406ccace432c9b4	0f6cf76bd8d773ccf43cfc07949fafb003607ab5	fb810ca431e3481ccd1fd6f21406ccace432c9b4	0f6cf76bd8d773ccf43cfc07949fafb003607ab5	Current upstream blob equals the old merge-base blob and candidate blob equals the accepted-source blob; preserve this exact accepted overlay because no current upstream hunk exists on the path.
src/auto-reply/reply/followup-turn-admission.ts	1	3144154df03e1341e71c26310da01b7db6d3426e	d927ce3ef18a35dda03625f54d0f37c4f4e1c0d3	3144154df03e1341e71c26310da01b7db6d3426e	d927ce3ef18a35dda03625f54d0f37c4f4e1c0d3	Current upstream blob equals the old merge-base blob and candidate blob equals the accepted-source blob; preserve this exact accepted overlay because no current upstream hunk exists on the path.
src/auto-reply/reply/get-reply-run-admission.ts	7	80ccc87a1cf0e62ca9e6cdd55d2640bd3af99125	dd8288f5cc7f5e76696b9d54fc5d7d27eeeeb99e	80ccc87a1cf0e62ca9e6cdd55d2640bd3af99125	dd8288f5cc7f5e76696b9d54fc5d7d27eeeeb99e	Current upstream blob equals the old merge-base blob and candidate blob equals the accepted-source blob; preserve this exact accepted overlay because no current upstream hunk exists on the path.
src/auto-reply/reply/get-reply-run-execute.ts	3	f919aa41994778b6e54f94453df2d67dd84ee683	be1a021053a95cf149b5ee8f0a07315a22c73441	f919aa41994778b6e54f94453df2d67dd84ee683	be1a021053a95cf149b5ee8f0a07315a22c73441	Current upstream blob equals the old merge-base blob and candidate blob equals the accepted-source blob; preserve this exact accepted overlay because no current upstream hunk exists on the path.
src/auto-reply/reply/get-reply-run.media-only.test.ts	2	bd6dc36af2751834182416309e07c75789659658	3481bbc99da6e7c6522bd2424fd2eac2545cdc3e	bd6dc36af2751834182416309e07c75789659658	3481bbc99da6e7c6522bd2424fd2eac2545cdc3e	Current upstream blob equals the old merge-base blob and candidate blob equals the accepted-source blob; preserve this exact accepted overlay because no current upstream hunk exists on the path.
src/auto-reply/reply/get-reply.fast-path.test.ts	1	0c26965562d25648727a48faf47c3e83df4bb096	a9593560b0bc9bddc47fdd6cb25bab5ca26e25fc	0c26965562d25648727a48faf47c3e83df4bb096	a9593560b0bc9bddc47fdd6cb25bab5ca26e25fc	Current upstream blob equals the old merge-base blob and candidate blob equals the accepted-source blob; preserve this exact accepted overlay because no current upstream hunk exists on the path.
src/auto-reply/reply/get-reply.ts	2	2847028f666940a08989758d07a3e2a5f536b8c1	b270e91cbd2c5a5e345208e5f8c37d4604c4850c	2847028f666940a08989758d07a3e2a5f536b8c1	b270e91cbd2c5a5e345208e5f8c37d4604c4850c	Current upstream blob equals the old merge-base blob and candidate blob equals the accepted-source blob; preserve this exact accepted overlay because no current upstream hunk exists on the path.
src/auto-reply/reply/reply-state.test.ts	1	fe30b2755ff1989020cf1a86cd01fab49bcd0975	9d41b49db17a41cf7630da587dcecd6d8e4a2bc0	fe30b2755ff1989020cf1a86cd01fab49bcd0975	9d41b49db17a41cf7630da587dcecd6d8e4a2bc0	Current upstream blob equals the old merge-base blob and candidate blob equals the accepted-source blob; preserve this exact accepted overlay because no current upstream hunk exists on the path.
src/auto-reply/reply/session-init-conflict-retry.ts	11	b8fc2adc842a33b7de17c149bf21a188a1c73096	aa6b24a994e0037063f7dd73106edd9d5802c210	b8fc2adc842a33b7de17c149bf21a188a1c73096	aa6b24a994e0037063f7dd73106edd9d5802c210	Current upstream blob equals the old merge-base blob and candidate blob equals the accepted-source blob; preserve this exact accepted overlay because no current upstream hunk exists on the path.
src/auto-reply/reply/session-system-events.ts	20	2434e19c10db98b5c8d40c84aacb3bc4ac27f417	9df57847902ea1ebe612ab8426e875e5da219fe5	2434e19c10db98b5c8d40c84aacb3bc4ac27f417	9df57847902ea1ebe612ab8426e875e5da219fe5	Current upstream blob equals the old merge-base blob and candidate blob equals the accepted-source blob; preserve this exact accepted overlay because no current upstream hunk exists on the path.
src/auto-reply/reply/session-updates.ts	4	091fa59a468688cc92567d189a0243585f3624ec	fbf68b77de7f9c3406e1a603f6b027a33377e4eb	091fa59a468688cc92567d189a0243585f3624ec	fbf68b77de7f9c3406e1a603f6b027a33377e4eb	Current upstream blob equals the old merge-base blob and candidate blob equals the accepted-source blob; preserve this exact accepted overlay because no current upstream hunk exists on the path.
src/auto-reply/reply/session.test.ts	1	813c8ca9e6450f9b7d9874f87125138c1509752d	9bc5b95d78e50f7c16393b907551e53aa95a5a90	813c8ca9e6450f9b7d9874f87125138c1509752d	9bc5b95d78e50f7c16393b907551e53aa95a5a90	Current upstream blob equals the old merge-base blob and candidate blob equals the accepted-source blob; preserve this exact accepted overlay because no current upstream hunk exists on the path.
src/auto-reply/tokens.test.ts	8	ad828c62878518fa0e8cce7836bedd434385d3ee	0da52741a72575b3d9a537ee54a582caceafc510	ad828c62878518fa0e8cce7836bedd434385d3ee	0da52741a72575b3d9a537ee54a582caceafc510	Current upstream blob equals the old merge-base blob and candidate blob equals the accepted-source blob; preserve this exact accepted overlay because no current upstream hunk exists on the path.
src/cli/gateway-cli/run.option-collisions.test.ts	4	3f9685da2ea6666b719d849c60647e52229cc07b	4cadc7fb8fff7b0a81b47ef7edef6a24780c2a82	3f9685da2ea6666b719d849c60647e52229cc07b	4cadc7fb8fff7b0a81b47ef7edef6a24780c2a82	Current upstream blob equals the old merge-base blob and candidate blob equals the accepted-source blob; preserve this exact accepted overlay because no current upstream hunk exists on the path.
src/commands/agent/session.test.ts	1	4bfa348e96ccf50555e65a2e284a878bf404c384	0fd3c902253df95a908979228d9bc2609664fe98	4bfa348e96ccf50555e65a2e284a878bf404c384	0fd3c902253df95a908979228d9bc2609664fe98	Current upstream blob equals the old merge-base blob and candidate blob equals the accepted-source blob; preserve this exact accepted overlay because no current upstream hunk exists on the path.
src/commands/doctor-config-preflight.legacy-copy.test.ts	3	dcfe3a361358fe81fe322e315f584f278f9de0b1	fc7b8c60143805c596f681f535e73f61e110a01f	dcfe3a361358fe81fe322e315f584f278f9de0b1	fc7b8c60143805c596f681f535e73f61e110a01f	Current upstream blob equals the old merge-base blob and candidate blob equals the accepted-source blob; preserve this exact accepted overlay because no current upstream hunk exists on the path.
src/commands/doctor-device-pairing.test.ts	1	00ec431a2a6a8a27daa322d2429cabb14826ac95	7450b36d08ca327d021eb18894c68ba69e1b160b	00ec431a2a6a8a27daa322d2429cabb14826ac95	7450b36d08ca327d021eb18894c68ba69e1b160b	Current upstream blob equals the old merge-base blob and candidate blob equals the accepted-source blob; preserve this exact accepted overlay because no current upstream hunk exists on the path.
src/commands/export-trajectory.test.ts	2	14b8e8700437d88b570dccab7a24727e0341e5b4	e65e1c8e230e1cb47d1355b613dd94a5bfd5bb82	14b8e8700437d88b570dccab7a24727e0341e5b4	e65e1c8e230e1cb47d1355b613dd94a5bfd5bb82	Current upstream blob equals the old merge-base blob and candidate blob equals the accepted-source blob; preserve this exact accepted overlay because no current upstream hunk exists on the path.
src/commands/flows.test.ts	1	9c871a3d4b003ae871e33b13f61f4f14d80e4eff	ab6cac643eb21daa39e12136d527ed0f76034480	9c871a3d4b003ae871e33b13f61f4f14d80e4eff	ab6cac643eb21daa39e12136d527ed0f76034480	Current upstream blob equals the old merge-base blob and candidate blob equals the accepted-source blob; preserve this exact accepted overlay because no current upstream hunk exists on the path.
src/commands/sandbox-explain.test.ts	1	5959bba7972cf64a7c22adc513ce8f9ec53a7e42	c030ea65c078a6b83f7f80b92a6a27c98aa70cb7	5959bba7972cf64a7c22adc513ce8f9ec53a7e42	c030ea65c078a6b83f7f80b92a6a27c98aa70cb7	Current upstream blob equals the old merge-base blob and candidate blob equals the accepted-source blob; preserve this exact accepted overlay because no current upstream hunk exists on the path.
src/commands/status.test.ts	5	67822d0d0fd1b1b03d1ce4bc5260bd0bb49e4951	ac36c383f1325a7bf33a254b003c83cba9b31f39	67822d0d0fd1b1b03d1ce4bc5260bd0bb49e4951	ac36c383f1325a7bf33a254b003c83cba9b31f39	Current upstream blob equals the old merge-base blob and candidate blob equals the accepted-source blob; preserve this exact accepted overlay because no current upstream hunk exists on the path.
src/config/io.compat.test.ts	2	9a8b9d0ae996da2956fb303dd37d72d1a748e987	68ec9f19f8839c20605a17aa8200c69703e043cc	9a8b9d0ae996da2956fb303dd37d72d1a748e987	68ec9f19f8839c20605a17aa8200c69703e043cc	Current upstream blob equals the old merge-base blob and candidate blob equals the accepted-source blob; preserve this exact accepted overlay because no current upstream hunk exists on the path.
src/config/io.scalar-root.test.ts	2	7114f3c5a27911fda4ad40c6a4b990a7b1ac5781	2862dc6b4fd3afcd587d2803f576527a44b72e71	7114f3c5a27911fda4ad40c6a4b990a7b1ac5781	2862dc6b4fd3afcd587d2803f576527a44b72e71	Current upstream blob equals the old merge-base blob and candidate blob equals the accepted-source blob; preserve this exact accepted overlay because no current upstream hunk exists on the path.
src/config/sessions/artifacts.ts	1	417461798598b9fd10b5de966ed4fd5341a4baa6	c5992446fb490935ca7a3fae9438c6c1921f3789	417461798598b9fd10b5de966ed4fd5341a4baa6	c5992446fb490935ca7a3fae9438c6c1921f3789	Current upstream blob equals the old merge-base blob and candidate blob equals the accepted-source blob; preserve this exact accepted overlay because no current upstream hunk exists on the path.
src/config/sessions/conversation-registry.test.ts	1	260171dc0cf4cd0b8a09742109662c3d097c10c0	16b59c6de4c622b6193026e70d15d0c7dcce16de	260171dc0cf4cd0b8a09742109662c3d097c10c0	16b59c6de4c622b6193026e70d15d0c7dcce16de	Current upstream blob equals the old merge-base blob and candidate blob equals the accepted-source blob; preserve this exact accepted overlay because no current upstream hunk exists on the path.
src/config/sessions/session-accessor.conformance.test.ts	1	a22dc69855ffe6b116ba0f62ac86b679f654dbbd	60f7e414e98bd0a1437f16e33781b4379f571bc9	a22dc69855ffe6b116ba0f62ac86b679f654dbbd	60f7e414e98bd0a1437f16e33781b4379f571bc9	Current upstream blob equals the old merge-base blob and candidate blob equals the accepted-source blob; preserve this exact accepted overlay because no current upstream hunk exists on the path.
src/config/sessions/session-accessor.sqlite-parent-fork.ts	1	8c381dc1f34c181ea0b377422dc1e51085a7329c	2a8723cdad67c9ab207bae859beeed5d95f21947	8c381dc1f34c181ea0b377422dc1e51085a7329c	2a8723cdad67c9ab207bae859beeed5d95f21947	Current upstream blob equals the old merge-base blob and candidate blob equals the accepted-source blob; preserve this exact accepted overlay because no current upstream hunk exists on the path.
src/config/sessions/types.ts	14	08b0b25971cb1cd43e7cefe75bbf62f758710cdf	24d73fa2a9b027511cbbe6b24d131b57a94f31b0	08b0b25971cb1cd43e7cefe75bbf62f758710cdf	24d73fa2a9b027511cbbe6b24d131b57a94f31b0	Current upstream blob equals the old merge-base blob and candidate blob equals the accepted-source blob; preserve this exact accepted overlay because no current upstream hunk exists on the path.
src/config/zod-schema.agent-defaults.ts	2	39ba69d76b27e572ac69bde9612c4321c6ab9813	05da30795e124314e4dbeff5c395a8717edbde4f	39ba69d76b27e572ac69bde9612c4321c6ab9813	05da30795e124314e4dbeff5c395a8717edbde4f	Current upstream blob equals the old merge-base blob and candidate blob equals the accepted-source blob; preserve this exact accepted overlay because no current upstream hunk exists on the path.
src/cron/service/timer.regression.test.ts	1	ac3be1bc3cbac76b585addb1457e5245616c1d8e	51a4ec47737880763c6df9167addb5a833ea3e97	ac3be1bc3cbac76b585addb1457e5245616c1d8e	51a4ec47737880763c6df9167addb5a833ea3e97	Current upstream blob equals the old merge-base blob and candidate blob equals the accepted-source blob; preserve this exact accepted overlay because no current upstream hunk exists on the path.
src/gateway/agent-turn/agent-session-persist.ts	2	b9802fd1b7eb9e171816fe805593f7488143e415	d974dd345eaf3cf8af8be2f66eced78fa3f5dc9d	b9802fd1b7eb9e171816fe805593f7488143e415	d974dd345eaf3cf8af8be2f66eced78fa3f5dc9d	Current upstream blob equals the old merge-base blob and candidate blob equals the accepted-source blob; preserve this exact accepted overlay because no current upstream hunk exists on the path.
src/gateway/chat-display-projection.core.ts	2	db6963a62efbab2382ef344e46afcc72ce29c766	6a3538259f05723c6d91c8dd91055ea3920a0fde	db6963a62efbab2382ef344e46afcc72ce29c766	6a3538259f05723c6d91c8dd91055ea3920a0fde	Current upstream blob equals the old merge-base blob and candidate blob equals the accepted-source blob; preserve this exact accepted overlay because no current upstream hunk exists on the path.
src/gateway/mcp-http.runtime.ts	1	78600d99a4e9384053282508bc2a27f744eb2afd	eaec1c67cf0dcca5bb3c77f40296a2cd99b3884a	78600d99a4e9384053282508bc2a27f744eb2afd	eaec1c67cf0dcca5bb3c77f40296a2cd99b3884a	Current upstream blob equals the old merge-base blob and candidate blob equals the accepted-source blob; preserve this exact accepted overlay because no current upstream hunk exists on the path.
src/gateway/portals/portal-http-proxy.ts	2	960729d99efc59f7d50879b7e2ea502e3cf079b4	ae6acaaa51662a6bc8057594864e940582966618	960729d99efc59f7d50879b7e2ea502e3cf079b4	ae6acaaa51662a6bc8057594864e940582966618	Current upstream blob equals the old merge-base blob and candidate blob equals the accepted-source blob; preserve this exact accepted overlay because no current upstream hunk exists on the path.
src/gateway/probe.device-auth-scope.test.ts	6	7694dcd03b3c993b23dd04ce0fc4a6e6a47827be	d64e50c7f14bd49c844cb15ef05076b5d56adb0f	7694dcd03b3c993b23dd04ce0fc4a6e6a47827be	d64e50c7f14bd49c844cb15ef05076b5d56adb0f	Current upstream blob equals the old merge-base blob and candidate blob equals the accepted-source blob; preserve this exact accepted overlay because no current upstream hunk exists on the path.
src/gateway/server-chat.agent-events.test.ts	17	e57f812113a4bd4a37819fa908dc05113c9d27a3	8533abf9fc880d5347d38d13802cd539d0b19645	e57f812113a4bd4a37819fa908dc05113c9d27a3	8533abf9fc880d5347d38d13802cd539d0b19645	Current upstream blob equals the old merge-base blob and candidate blob equals the accepted-source blob; preserve this exact accepted overlay because no current upstream hunk exists on the path.
src/gateway/server-chat.ts	26	a797c501fbee74fbbd39743af44828739f48dece	9500284e6576af9c4cbacfd0ffb9a68e44f1486f	a797c501fbee74fbbd39743af44828739f48dece	9500284e6576af9c4cbacfd0ffb9a68e44f1486f	Current upstream blob equals the old merge-base blob and candidate blob equals the accepted-source blob; preserve this exact accepted overlay because no current upstream hunk exists on the path.
src/gateway/server-close.test.ts	4	32bda0871deea17f3b4890800c75a36e9c427d23	28594e62d960ce1156a05228a68b290010b8a64b	32bda0871deea17f3b4890800c75a36e9c427d23	28594e62d960ce1156a05228a68b290010b8a64b	Current upstream blob equals the old merge-base blob and candidate blob equals the accepted-source blob; preserve this exact accepted overlay because no current upstream hunk exists on the path.
src/gateway/server-maintenance.ts	2	00cd87bbbe3c02109c7ac69b611d43f1eb551a97	ee84e1c19221fd31f72cbcde7a9e8b95b3b8db8e	00cd87bbbe3c02109c7ac69b611d43f1eb551a97	ee84e1c19221fd31f72cbcde7a9e8b95b3b8db8e	Current upstream blob equals the old merge-base blob and candidate blob equals the accepted-source blob; preserve this exact accepted overlay because no current upstream hunk exists on the path.
src/gateway/server-methods/agent.events-and-subagents.test-utils.ts	1	3bc0ce92500f460e82400abd49811376d9a6edf7	aff72df7ffc6758e0d5fd2f1706c708654f2ae44	3bc0ce92500f460e82400abd49811376d9a6edf7	aff72df7ffc6758e0d5fd2f1706c708654f2ae44	Current upstream blob equals the old merge-base blob and candidate blob equals the accepted-source blob; preserve this exact accepted overlay because no current upstream hunk exists on the path.
src/gateway/server-methods/chat-send-agent-dispatch.ts	28	2d820d0b215070b7d3e72a587946420b1f061909	85aecfb256dbdfd40d75fc2105b0d00a8ed79a21	2d820d0b215070b7d3e72a587946420b1f061909	85aecfb256dbdfd40d75fc2105b0d00a8ed79a21	Current upstream blob equals the old merge-base blob and candidate blob equals the accepted-source blob; preserve this exact accepted overlay because no current upstream hunk exists on the path.
src/gateway/server-node-events.ts	2	238d538994224189a841e83e34530235a4907c47	55452e792d71bcb235a4a8e3941d7c73e51ec7ed	238d538994224189a841e83e34530235a4907c47	55452e792d71bcb235a4a8e3941d7c73e51ec7ed	Current upstream blob equals the old merge-base blob and candidate blob equals the accepted-source blob; preserve this exact accepted overlay because no current upstream hunk exists on the path.
src/gateway/server-restart-sentinel.test.ts	1	55fb81267b004fbac77b559582be93f5b88e543e	9547f184231097dcc98d471320022e72dda34689	55fb81267b004fbac77b559582be93f5b88e543e	9547f184231097dcc98d471320022e72dda34689	Current upstream blob equals the old merge-base blob and candidate blob equals the accepted-source blob; preserve this exact accepted overlay because no current upstream hunk exists on the path.
src/gateway/server-restart-sentinel.ts	167	c03fca7ef770b5e7b85f79cbdbb7234b9684b0a5	6bfc945c8d37518761d3f84d371e704bf3a8c1b6	c03fca7ef770b5e7b85f79cbdbb7234b9684b0a5	6bfc945c8d37518761d3f84d371e704bf3a8c1b6	Current upstream blob equals the old merge-base blob and candidate blob equals the accepted-source blob; preserve this exact accepted overlay because no current upstream hunk exists on the path.
src/gateway/server-runtime-services.test.ts	4	b1ca12b13c5e624a311c20d7eef085ee1c91f13b	60ac345f131e0582a84b4d92f31cffab312aac23	b1ca12b13c5e624a311c20d7eef085ee1c91f13b	60ac345f131e0582a84b4d92f31cffab312aac23	Current upstream blob equals the old merge-base blob and candidate blob equals the accepted-source blob; preserve this exact accepted overlay because no current upstream hunk exists on the path.
src/gateway/server-runtime-services.ts	1	a3e1c74491d897701846f30ff4505880959e3388	863927abcb09e51915937206c1ccc728b2588435	a3e1c74491d897701846f30ff4505880959e3388	863927abcb09e51915937206c1ccc728b2588435	Current upstream blob equals the old merge-base blob and candidate blob equals the accepted-source blob; preserve this exact accepted overlay because no current upstream hunk exists on the path.
src/gateway/server-runtime-subscriptions.test.ts	91	ba0cd6387218865ca2e95b90329b2d8460f93d6e	8225c150fec46acb7e90a5c8f35a1a64ecff33a2	ba0cd6387218865ca2e95b90329b2d8460f93d6e	8225c150fec46acb7e90a5c8f35a1a64ecff33a2	Current upstream blob equals the old merge-base blob and candidate blob equals the accepted-source blob; preserve this exact accepted overlay because no current upstream hunk exists on the path.
src/gateway/server/hooks.early-failure.test.ts	2	a7b4136450fba93af10bb4162bbfb5cf7e67aff0	5e72f040da034cc6cf513b200a16f942f04b28aa	a7b4136450fba93af10bb4162bbfb5cf7e67aff0	5e72f040da034cc6cf513b200a16f942f04b28aa	Current upstream blob equals the old merge-base blob and candidate blob equals the accepted-source blob; preserve this exact accepted overlay because no current upstream hunk exists on the path.
src/gateway/server/hooks.terminal-target.test.ts	2	030387f6acf4380e72f788bb80ff4ea70eb031c4	b4b277e536cc2a84d47f6f38923005d203122abd	030387f6acf4380e72f788bb80ff4ea70eb031c4	b4b277e536cc2a84d47f6f38923005d203122abd	Current upstream blob equals the old merge-base blob and candidate blob equals the accepted-source blob; preserve this exact accepted overlay because no current upstream hunk exists on the path.
src/gateway/session-compaction-checkpoints.ts	2	efde1b0a2c45fb2db8320da719665a68169e22a1	8cb35a7234101af187d8906c02e225e9add05949	efde1b0a2c45fb2db8320da719665a68169e22a1	8cb35a7234101af187d8906c02e225e9add05949	Current upstream blob equals the old merge-base blob and candidate blob equals the accepted-source blob; preserve this exact accepted overlay because no current upstream hunk exists on the path.
src/gateway/session-recovery-entry.ts	1	301db632b881564fbe642e896c3f5c1c8817bab2	5646bed128f68189c88ee3d45631c69e62d3f7ab	301db632b881564fbe642e896c3f5c1c8817bab2	5646bed128f68189c88ee3d45631c69e62d3f7ab	Current upstream blob equals the old merge-base blob and candidate blob equals the accepted-source blob; preserve this exact accepted overlay because no current upstream hunk exists on the path.
src/gateway/session-utils-contracts.ts	1	56854304547e14be8c2aa2b538110caf5884088a	00a4bd4e37fcc6335ed7bf04b70456b960560a48	56854304547e14be8c2aa2b538110caf5884088a	00a4bd4e37fcc6335ed7bf04b70456b960560a48	Current upstream blob equals the old merge-base blob and candidate blob equals the accepted-source blob; preserve this exact accepted overlay because no current upstream hunk exists on the path.
src/gateway/test/server-sessions.test-helpers.ts	12	9576962b10ce3ba8ebd85370da3699b78344f979	f656f01e642a76f632b078883502179b45f7950f	9576962b10ce3ba8ebd85370da3699b78344f979	f656f01e642a76f632b078883502179b45f7950f	Current upstream blob equals the old merge-base blob and candidate blob equals the accepted-source blob; preserve this exact accepted overlay because no current upstream hunk exists on the path.
src/infra/delivery-queue-sqlite-bound.ts	3	f1af02c5ab3b7d5cae9a3de1cb59a055b1dfa127	07b3602469442e2f62848368dba69e89671ccef2	f1af02c5ab3b7d5cae9a3de1cb59a055b1dfa127	07b3602469442e2f62848368dba69e89671ccef2	Current upstream blob equals the old merge-base blob and candidate blob equals the accepted-source blob; preserve this exact accepted overlay because no current upstream hunk exists on the path.
src/infra/delivery-queue-sqlite.ts	25	86985da1c934f4da94bb1fced2512ae0ca222073	31473666e2ff6aa46ecac0d091384c18929e1f49	86985da1c934f4da94bb1fced2512ae0ca222073	31473666e2ff6aa46ecac0d091384c18929e1f49	Current upstream blob equals the old merge-base blob and candidate blob equals the accepted-source blob; preserve this exact accepted overlay because no current upstream hunk exists on the path.
src/infra/device-auth-store.test.ts	4	5ba02aa600bb9d183f865e2557c504826bc6d8c1	2c9285d12828bc2e2a9c58691f645d60580e86fd	5ba02aa600bb9d183f865e2557c504826bc6d8c1	2c9285d12828bc2e2a9c58691f645d60580e86fd	Current upstream blob equals the old merge-base blob and candidate blob equals the accepted-source blob; preserve this exact accepted overlay because no current upstream hunk exists on the path.
src/infra/device-identity-coordinator.contract.test.ts	2	3bb76e33b60241ca64fd2a5efc5ffa2495e6c2d6	fa2d9c55c44c0e3a7e7954ed757422aedb2fb4d5	3bb76e33b60241ca64fd2a5efc5ffa2495e6c2d6	fa2d9c55c44c0e3a7e7954ed757422aedb2fb4d5	Current upstream blob equals the old merge-base blob and candidate blob equals the accepted-source blob; preserve this exact accepted overlay because no current upstream hunk exists on the path.
src/infra/device-identity.state-dir.test.ts	2	3d32cecb41e302c0c217714a334b83279aa9647a	08c3f3ab4e1293367a13378b18f6f158738b5b96	3d32cecb41e302c0c217714a334b83279aa9647a	08c3f3ab4e1293367a13378b18f6f158738b5b96	Current upstream blob equals the old merge-base blob and candidate blob equals the accepted-source blob; preserve this exact accepted overlay because no current upstream hunk exists on the path.
src/infra/device-identity.test.ts	4	0ae5a7e9f3b6758afe79cef4bcdfedd42314fd1d	f32095bfd37a0ae2ae2e0bb97147aecf14a49d89	0ae5a7e9f3b6758afe79cef4bcdfedd42314fd1d	f32095bfd37a0ae2ae2e0bb97147aecf14a49d89	Current upstream blob equals the old merge-base blob and candidate blob equals the accepted-source blob; preserve this exact accepted overlay because no current upstream hunk exists on the path.
src/infra/diagnostic-trace-context.ts	53	a4777399f3fc822bd5e738bf487d02589f992db9	5098dda624b3ff7a69fb510cbeb6863ada0c768e	a4777399f3fc822bd5e738bf487d02589f992db9	5098dda624b3ff7a69fb510cbeb6863ada0c768e	Current upstream blob equals the old merge-base blob and candidate blob equals the accepted-source blob; preserve this exact accepted overlay because no current upstream hunk exists on the path.
src/infra/exec-authorization-render.ts	1	28424d17ee6379d88e75c9721962e1800ca05a5b	e0cda3db20aade86f8314543051e983304da9f5f	28424d17ee6379d88e75c9721962e1800ca05a5b	e0cda3db20aade86f8314543051e983304da9f5f	Current upstream blob equals the old merge-base blob and candidate blob equals the accepted-source blob; preserve this exact accepted overlay because no current upstream hunk exists on the path.
src/infra/gateway-lock.state-dir.test.ts	3	912e73847542d01bea44d70344f49dc804dc094b	d35ccc80dc5f03208d7223e00ae49cc261390fae	912e73847542d01bea44d70344f49dc804dc094b	d35ccc80dc5f03208d7223e00ae49cc261390fae	Current upstream blob equals the old merge-base blob and candidate blob equals the accepted-source blob; preserve this exact accepted overlay because no current upstream hunk exists on the path.
src/infra/heartbeat-reason.test.ts	1	d6743618131e936a7483533457c4e655158c7732	36d3f3f2cd87e9f73d23283c927ad6bf1604eaa4	d6743618131e936a7483533457c4e655158c7732	36d3f3f2cd87e9f73d23283c927ad6bf1604eaa4	Current upstream blob equals the old merge-base blob and candidate blob equals the accepted-source blob; preserve this exact accepted overlay because no current upstream hunk exists on the path.
src/infra/heartbeat-reason.ts	1	19670a562026d112acd311dfab5055cbd47d756b	aa890055144f2d94dac52a5f9af7fb1d402f907d	19670a562026d112acd311dfab5055cbd47d756b	aa890055144f2d94dac52a5f9af7fb1d402f907d	Current upstream blob equals the old merge-base blob and candidate blob equals the accepted-source blob; preserve this exact accepted overlay because no current upstream hunk exists on the path.
src/infra/heartbeat-runner-prompt.ts	4	0bfb793fdf26e972180bfb616505fbbf37137fb1	2a40860ef3a1105d6d6157da87f304264b50e4d4	0bfb793fdf26e972180bfb616505fbbf37137fb1	2a40860ef3a1105d6d6157da87f304264b50e4d4	Current upstream blob equals the old merge-base blob and candidate blob equals the accepted-source blob; preserve this exact accepted overlay because no current upstream hunk exists on the path.
src/infra/heartbeat-runner-run.ts	4	cf33f73b07c37ad3644535218e80dcca7b9e0a39	f9db459674249919c98b51d88d8f4320c46c2c4a	cf33f73b07c37ad3644535218e80dcca7b9e0a39	f9db459674249919c98b51d88d8f4320c46c2c4a	Current upstream blob equals the old merge-base blob and candidate blob equals the accepted-source blob; preserve this exact accepted overlay because no current upstream hunk exists on the path.
src/infra/heartbeat-runner.ack-token-heartbeat-acks.test.ts	1	1587da1fdea117a6c88da4e34b4929596a9925c9	e83321a5dfda0a1143256e81d08185ecc83ddd26	1587da1fdea117a6c88da4e34b4929596a9925c9	e83321a5dfda0a1143256e81d08185ecc83ddd26	Current upstream blob equals the old merge-base blob and candidate blob equals the accepted-source blob; preserve this exact accepted overlay because no current upstream hunk exists on the path.
src/infra/heartbeat-runner.ghost-reminder.test.ts	2	e5c2d7b8a02d3148f3173c74bfa1810e1b58e02c	5edfffcefa9f311a83efc5161a67deba66ef2629	e5c2d7b8a02d3148f3173c74bfa1810e1b58e02c	5edfffcefa9f311a83efc5161a67deba66ef2629	Current upstream blob equals the old merge-base blob and candidate blob equals the accepted-source blob; preserve this exact accepted overlay because no current upstream hunk exists on the path.
src/infra/heartbeat-runner.identity.test.ts	1	2378bd4e595650183ab6ca60849443aa9f94cab0	8ec274350a90606e1ea5c21744d01bac48bec100	2378bd4e595650183ab6ca60849443aa9f94cab0	8ec274350a90606e1ea5c21744d01bac48bec100	Current upstream blob equals the old merge-base blob and candidate blob equals the accepted-source blob; preserve this exact accepted overlay because no current upstream hunk exists on the path.
src/infra/heartbeat-runner.scheduler-owner-resolution.test.ts	2	4d2533b983e33459d9a834a0d2bdac2c300c0cfe	7f6f41633414a98b47cb842753a20b5129d1f8f6	4d2533b983e33459d9a834a0d2bdac2c300c0cfe	7f6f41633414a98b47cb842753a20b5129d1f8f6	Current upstream blob equals the old merge-base blob and candidate blob equals the accepted-source blob; preserve this exact accepted overlay because no current upstream hunk exists on the path.
src/infra/heartbeat-runner.stale-exec.test.ts	2	7ff7f4038eecb6b022d28e2f704d48c9e6830bbc	2336b08743f873174607aeb4221938aa03dc2a1d	7ff7f4038eecb6b022d28e2f704d48c9e6830bbc	2336b08743f873174607aeb4221938aa03dc2a1d	Current upstream blob equals the old merge-base blob and candidate blob equals the accepted-source blob; preserve this exact accepted overlay because no current upstream hunk exists on the path.
src/infra/heartbeat-runner.ts	2	1c0aca5ab4ba6949ff1ad4159ec00cb0c517dcbe	30ff8742a79d095c4083d53571e12d39671972de	1c0aca5ab4ba6949ff1ad4159ec00cb0c517dcbe	30ff8742a79d095c4083d53571e12d39671972de	Current upstream blob equals the old merge-base blob and candidate blob equals the accepted-source blob; preserve this exact accepted overlay because no current upstream hunk exists on the path.
src/infra/heartbeat-wake-lifecycle.ts	1	94dd7c2afd84bb064a58a9b471fd724887f4aa00	655eff6163f8fa7c4e44704128cf27e7e0dbccf8	94dd7c2afd84bb064a58a9b471fd724887f4aa00	655eff6163f8fa7c4e44704128cf27e7e0dbccf8	Current upstream blob equals the old merge-base blob and candidate blob equals the accepted-source blob; preserve this exact accepted overlay because no current upstream hunk exists on the path.
src/infra/heartbeat-wake-target.ts	1	0ae09d453a963824435183ca496d95ab0ca180ee	0c6b9d21afd0058b90752a353d7418535c68da3c	0ae09d453a963824435183ca496d95ab0ca180ee	0c6b9d21afd0058b90752a353d7418535c68da3c	Current upstream blob equals the old merge-base blob and candidate blob equals the accepted-source blob; preserve this exact accepted overlay because no current upstream hunk exists on the path.
src/infra/heartbeat-wake.preemption.test.ts	1	1c5dd04c40ecd1f5975acb8d9a27d0dfb8d35cb6	41d47217824519f9da20f799ef6987565a8540a3	1c5dd04c40ecd1f5975acb8d9a27d0dfb8d35cb6	41d47217824519f9da20f799ef6987565a8540a3	Current upstream blob equals the old merge-base blob and candidate blob equals the accepted-source blob; preserve this exact accepted overlay because no current upstream hunk exists on the path.
src/infra/heartbeat-wake.test.ts	3	b0f319349c706c0e655659d9a473405f0e173c8e	151f4f96e5652f63af034be927b7dc5c13c961b1	b0f319349c706c0e655659d9a473405f0e173c8e	151f4f96e5652f63af034be927b7dc5c13c961b1	Current upstream blob equals the old merge-base blob and candidate blob equals the accepted-source blob; preserve this exact accepted overlay because no current upstream hunk exists on the path.
src/infra/openclaw-cli-invocation.test.ts	2	c73431545e3d87bb8e5b15df07bc58bf056d931a	f9360956d7e87a1a8d2d62c2566bb17207df3207	c73431545e3d87bb8e5b15df07bc58bf056d931a	f9360956d7e87a1a8d2d62c2566bb17207df3207	Current upstream blob equals the old merge-base blob and candidate blob equals the accepted-source blob; preserve this exact accepted overlay because no current upstream hunk exists on the path.
src/infra/openclaw-cli-shim.test.ts	3	9f7e1c335015d26eb4ab18f0e9e300836c2ad008	8e33f6bd7ecd358ae033076dc345c0dbd0b59c7b	9f7e1c335015d26eb4ab18f0e9e300836c2ad008	8e33f6bd7ecd358ae033076dc345c0dbd0b59c7b	Current upstream blob equals the old merge-base blob and candidate blob equals the accepted-source blob; preserve this exact accepted overlay because no current upstream hunk exists on the path.
src/infra/outbound/outbound-session.test.ts	1	d3ec9d6589ade074d600932a6de02b7e8037892e	968bb16ca8f54f5af5f22ae3f8b5943903dd9388	d3ec9d6589ade074d600932a6de02b7e8037892e	968bb16ca8f54f5af5f22ae3f8b5943903dd9388	Current upstream blob equals the old merge-base blob and candidate blob equals the accepted-source blob; preserve this exact accepted overlay because no current upstream hunk exists on the path.
src/infra/session-cost-usage.test.ts	1	46cd5e56110d0e205d1f077e6a21654b94e70002	bbab2621bab0b4236d561dda3d928c1b6e62750e	46cd5e56110d0e205d1f077e6a21654b94e70002	bbab2621bab0b4236d561dda3d928c1b6e62750e	Current upstream blob equals the old merge-base blob and candidate blob equals the accepted-source blob; preserve this exact accepted overlay because no current upstream hunk exists on the path.
src/infra/session-cost-usage.ts	1	41a5c658b26ae02b5dc28f7402f373229fad6398	161220d8e4fab71f44c8b9a5faa627cf25235d46	41a5c658b26ae02b5dc28f7402f373229fad6398	161220d8e4fab71f44c8b9a5faa627cf25235d46	Current upstream blob equals the old merge-base blob and candidate blob equals the accepted-source blob; preserve this exact accepted overlay because no current upstream hunk exists on the path.
src/infra/session-delivery-queue-storage.ts	74	54924209a198c8294d5c528ed8eaf720f21c4ebc	acd150a7d149e6ac74f199a84ebd5ef80612d6bf	54924209a198c8294d5c528ed8eaf720f21c4ebc	acd150a7d149e6ac74f199a84ebd5ef80612d6bf	Current upstream blob equals the old merge-base blob and candidate blob equals the accepted-source blob; preserve this exact accepted overlay because no current upstream hunk exists on the path.
src/infra/system-events.test.ts	4	6f82812f7fb9494570584839adb824a3dba2bafa	be4703cabbfe2a52cb1ae18cede7d587525e1bd4	6f82812f7fb9494570584839adb824a3dba2bafa	be4703cabbfe2a52cb1ae18cede7d587525e1bd4	Current upstream blob equals the old merge-base blob and candidate blob equals the accepted-source blob; preserve this exact accepted overlay because no current upstream hunk exists on the path.
src/infra/system-events.ts	5	18a8be81037ef9964d63b1ff6ba72ee0e67f468e	7d71b4623aac71d5bef9523f8b75d5cac712b6fa	18a8be81037ef9964d63b1ff6ba72ee0e67f468e	7d71b4623aac71d5bef9523f8b75d5cac712b6fa	Current upstream blob equals the old merge-base blob and candidate blob equals the accepted-source blob; preserve this exact accepted overlay because no current upstream hunk exists on the path.
src/library.ts	1	4eba1f3312abd696c54cd691fc94904cddc10b85	13daaad2ad94214bd44fbf2a4ac133ebfa5f4c68	4eba1f3312abd696c54cd691fc94904cddc10b85	13daaad2ad94214bd44fbf2a4ac133ebfa5f4c68	Current upstream blob equals the old merge-base blob and candidate blob equals the accepted-source blob; preserve this exact accepted overlay because no current upstream hunk exists on the path.
src/logging/diagnostic.test.ts	3	2c9d737a7308c85604067c47f2b33466849e4e55	dbd6a38ba1f31cfd59931a6257123bd7c9905872	2c9d737a7308c85604067c47f2b33466849e4e55	dbd6a38ba1f31cfd59931a6257123bd7c9905872	Current upstream blob equals the old merge-base blob and candidate blob equals the accepted-source blob; preserve this exact accepted overlay because no current upstream hunk exists on the path.
src/logging/diagnostic.ts	8	ed3f3f2a55a98f54727beb54287c7959c13f655c	a0fadeeda5f4894979b5df8ab613adbd8f3056d5	ed3f3f2a55a98f54727beb54287c7959c13f655c	a0fadeeda5f4894979b5df8ab613adbd8f3056d5	Current upstream blob equals the old merge-base blob and candidate blob equals the accepted-source blob; preserve this exact accepted overlay because no current upstream hunk exists on the path.
src/media/web-media.test.ts	1	03dad5c37990377e15edbcfd37ad5cf524e9173d	7d730ddf4f04ee008fc1083adf1f1c7847be6378	03dad5c37990377e15edbcfd37ad5cf524e9173d	7d730ddf4f04ee008fc1083adf1f1c7847be6378	Current upstream blob equals the old merge-base blob and candidate blob equals the accepted-source blob; preserve this exact accepted overlay because no current upstream hunk exists on the path.
src/node-host/node-worker-transfer-client.test.ts	3	c94f46cd5e31a4fed9051d2fd91145695c2c4ed4	9252ecf5c7f1756b2a849910464dd3099ab654e5	c94f46cd5e31a4fed9051d2fd91145695c2c4ed4	9252ecf5c7f1756b2a849910464dd3099ab654e5	Current upstream blob equals the old merge-base blob and candidate blob equals the accepted-source blob; preserve this exact accepted overlay because no current upstream hunk exists on the path.
src/plugin-sdk/heartbeat-runtime.ts	1	5123d6d187268dfea2443a5e24e7d52be4c17b05	4c78712f267912f2703ca004e014fbb447d07eec	5123d6d187268dfea2443a5e24e7d52be4c17b05	4c78712f267912f2703ca004e014fbb447d07eec	Current upstream blob equals the old merge-base blob and candidate blob equals the accepted-source blob; preserve this exact accepted overlay because no current upstream hunk exists on the path.
src/plugin-sdk/infra-runtime.ts	3	e5ed7cffb15045d5e2d9ef7432e37d5aa35b840b	1d657f5d2e220f08bc4ac773565a5356689b8fa2	e5ed7cffb15045d5e2d9ef7432e37d5aa35b840b	1d657f5d2e220f08bc4ac773565a5356689b8fa2	Current upstream blob equals the old merge-base blob and candidate blob equals the accepted-source blob; preserve this exact accepted overlay because no current upstream hunk exists on the path.
src/plugin-sdk/provider-catalog-live-runtime.test.ts	1	92436efa7413c918628553f92b05a399fe4f7508	687bb6bae1555fc1fb609476e210af28e4a66eee	92436efa7413c918628553f92b05a399fe4f7508	687bb6bae1555fc1fb609476e210af28e4a66eee	Current upstream blob equals the old merge-base blob and candidate blob equals the accepted-source blob; preserve this exact accepted overlay because no current upstream hunk exists on the path.
src/plugin-sdk/provider-catalog-live-runtime.ts	5	90ac628c025955c925e3652ea9c24f1645ef7f58	5bdd36bbc6290b697af7b77f477e29c01165c453	90ac628c025955c925e3652ea9c24f1645ef7f58	5bdd36bbc6290b697af7b77f477e29c01165c453	Current upstream blob equals the old merge-base blob and candidate blob equals the accepted-source blob; preserve this exact accepted overlay because no current upstream hunk exists on the path.
src/plugin-sdk/system-event-runtime.ts	9	9426462787375e1a2a6c853d68d124b7dbd50110	02a8c4d9058099198bb5984a5eaec3176219075b	9426462787375e1a2a6c853d68d124b7dbd50110	02a8c4d9058099198bb5984a5eaec3176219075b	Current upstream blob equals the old merge-base blob and candidate blob equals the accepted-source blob; preserve this exact accepted overlay because no current upstream hunk exists on the path.
src/plugins/git-install.ts	1	60a37a6c95b7a188fb3ada4443eb24919461d654	bdcda0697dfd1b5ec6cb1ce598944b34d8fa1a38	60a37a6c95b7a188fb3ada4443eb24919461d654	bdcda0697dfd1b5ec6cb1ce598944b34d8fa1a38	Current upstream blob equals the old merge-base blob and candidate blob equals the accepted-source blob; preserve this exact accepted overlay because no current upstream hunk exists on the path.
src/plugins/install.test.ts	2	f4a5d57a788efedf4d1420750bf303cc59231217	689327097271de8cec12953f19b834fb6783fb3b	f4a5d57a788efedf4d1420750bf303cc59231217	689327097271de8cec12953f19b834fb6783fb3b	Current upstream blob equals the old merge-base blob and candidate blob equals the accepted-source blob; preserve this exact accepted overlay because no current upstream hunk exists on the path.
src/plugins/marketplace.test.ts	1	7c6d0ca6f454c6685c0dd7f8650f5ee8cbe48dcb	fdcd5152170cf09cf474c7060d1934fe5fc40806	7c6d0ca6f454c6685c0dd7f8650f5ee8cbe48dcb	fdcd5152170cf09cf474c7060d1934fe5fc40806	Current upstream blob equals the old merge-base blob and candidate blob equals the accepted-source blob; preserve this exact accepted overlay because no current upstream hunk exists on the path.
src/plugins/npm-install-security-scan.release.test.ts	1	3114586c294a70a2bdfa54da0819929ecd7d4ceb	5b3b97964738f8c45b18647976591e6ee334444f	3114586c294a70a2bdfa54da0819929ecd7d4ceb	5b3b97964738f8c45b18647976591e6ee334444f	Current upstream blob equals the old merge-base blob and candidate blob equals the accepted-source blob; preserve this exact accepted overlay because no current upstream hunk exists on the path.
src/plugins/runtime/index.test.ts	2	abfa4308e239a3a579223af2657adafa41b4d00a	7c50732e021a7f608b7e23af5c3c7f834f00548b	abfa4308e239a3a579223af2657adafa41b4d00a	7c50732e021a7f608b7e23af5c3c7f834f00548b	Current upstream blob equals the old merge-base blob and candidate blob equals the accepted-source blob; preserve this exact accepted overlay because no current upstream hunk exists on the path.
src/plugins/runtime/runtime-system.ts	3	52c12dc7088cbbad972d8598809a1b3438c02109	4b7bef7e0bc71397bf1c0f8715cce940dc0d138e	52c12dc7088cbbad972d8598809a1b3438c02109	4b7bef7e0bc71397bf1c0f8715cce940dc0d138e	Current upstream blob equals the old merge-base blob and candidate blob equals the accepted-source blob; preserve this exact accepted overlay because no current upstream hunk exists on the path.
src/plugins/runtime/runtime-taskflow.test.ts	1	6e3ce40bb32110083d245b029d6785c422677527	71c74b8e953c38610cd8b2a5a6c36eca496395e9	6e3ce40bb32110083d245b029d6785c422677527	71c74b8e953c38610cd8b2a5a6c36eca496395e9	Current upstream blob equals the old merge-base blob and candidate blob equals the accepted-source blob; preserve this exact accepted overlay because no current upstream hunk exists on the path.
src/plugins/runtime/runtime-taskflow.ts	24	1975598bb623139c9144d3c63d593e74f835305c	707bf8fe6b0b76b891b4d3650de75b1a37f8560f	1975598bb623139c9144d3c63d593e74f835305c	707bf8fe6b0b76b891b4d3650de75b1a37f8560f	Current upstream blob equals the old merge-base blob and candidate blob equals the accepted-source blob; preserve this exact accepted overlay because no current upstream hunk exists on the path.
src/plugins/wired-hooks-compaction.test.ts	2	e1301d8aa1df8bb3e9d9a019e0a3f42ccf7f658c	232fa33a1ae69c9f6bb851b3bcb4e918ceb1aee2	e1301d8aa1df8bb3e9d9a019e0a3f42ccf7f658c	232fa33a1ae69c9f6bb851b3bcb4e918ceb1aee2	Current upstream blob equals the old merge-base blob and candidate blob equals the accepted-source blob; preserve this exact accepted overlay because no current upstream hunk exists on the path.
src/sessions/session-state-notices.test.ts	3	7750c4ebda87876be8f3a6f72d8b021fd5f71b10	a814eab48dec14d6b550633d5e4187d440b0a204	7750c4ebda87876be8f3a6f72d8b021fd5f71b10	a814eab48dec14d6b550633d5e4187d440b0a204	Current upstream blob equals the old merge-base blob and candidate blob equals the accepted-source blob; preserve this exact accepted overlay because no current upstream hunk exists on the path.
src/sessions/user-turn-transcript.test.ts	71	16deb8de4a052bc9863ff8ec6a1a344d3c79e00e	36d932bd27e8815c3b31ce2637e64ef6fb5739e0	16deb8de4a052bc9863ff8ec6a1a344d3c79e00e	36d932bd27e8815c3b31ce2637e64ef6fb5739e0	Current upstream blob equals the old merge-base blob and candidate blob equals the accepted-source blob; preserve this exact accepted overlay because no current upstream hunk exists on the path.
src/sessions/user-turn-transcript.ts	15	c4c6b79c2a2553574bbbc8792576696583b37e76	4fd56ce14c3acb723cc38fe74afd3b5b8b6239f8	c4c6b79c2a2553574bbbc8792576696583b37e76	4fd56ce14c3acb723cc38fe74afd3b5b8b6239f8	Current upstream blob equals the old merge-base blob and candidate blob equals the accepted-source blob; preserve this exact accepted overlay because no current upstream hunk exists on the path.
src/shared/chat-message-content.ts	11	cee1f9d00ed32fe50d73baf3f2a2926862166e30	4da3a6cc90ff48acea0725fb183a3a044c337552	cee1f9d00ed32fe50d73baf3f2a2926862166e30	4da3a6cc90ff48acea0725fb183a3a044c337552	Current upstream blob equals the old merge-base blob and candidate blob equals the accepted-source blob; preserve this exact accepted overlay because no current upstream hunk exists on the path.
src/snapshot/git-backup.test.ts	2	c646442d9abd8cc7482412bd09faa8b77883e445	1c10bc1532fe68b77aab48628ec51c88d645408c	c646442d9abd8cc7482412bd09faa8b77883e445	1c10bc1532fe68b77aab48628ec51c88d645408c	Current upstream blob equals the old merge-base blob and candidate blob equals the accepted-source blob; preserve this exact accepted overlay because no current upstream hunk exists on the path.
src/status/status-message.ts	1	54044d62f0ae0fd5da46408b32152bf08d250e8f	fc18631f4af79d034229530de636ea05e858f455	54044d62f0ae0fd5da46408b32152bf08d250e8f	fc18631f4af79d034229530de636ea05e858f455	Current upstream blob equals the old merge-base blob and candidate blob equals the accepted-source blob; preserve this exact accepted overlay because no current upstream hunk exists on the path.
src/status/status-text.test.ts	1	f4309b5edb492eb215b2713edffa8828583f46a7	cb379c2ec6343bd0f2a7ad6bae8d23d86b8f78ac	f4309b5edb492eb215b2713edffa8828583f46a7	cb379c2ec6343bd0f2a7ad6bae8d23d86b8f78ac	Current upstream blob equals the old merge-base blob and candidate blob equals the accepted-source blob; preserve this exact accepted overlay because no current upstream hunk exists on the path.
src/status/status-text.ts	15	45feb7cb881719921bfb646190a3af2a50d869d4	19e9e91381607d93bb728cbbc09a8913d8a34efe	45feb7cb881719921bfb646190a3af2a50d869d4	19e9e91381607d93bb728cbbc09a8913d8a34efe	Current upstream blob equals the old merge-base blob and candidate blob equals the accepted-source blob; preserve this exact accepted overlay because no current upstream hunk exists on the path.
src/status/summary.ts	2	ada288318fd8e51844bb13f52e847155563ec241	42f16dfdb9c3348aee52df79a19da06a59041789	ada288318fd8e51844bb13f52e847155563ec241	42f16dfdb9c3348aee52df79a19da06a59041789	Current upstream blob equals the old merge-base blob and candidate blob equals the accepted-source blob; preserve this exact accepted overlay because no current upstream hunk exists on the path.
src/tasks/task-flow-registry.audit.test.ts	3	adb4602610e60e49f0b956a4350776576a4985dd	542c2ac3e59a1aac3270c9865ddd37b5f26e1dd7	adb4602610e60e49f0b956a4350776576a4985dd	542c2ac3e59a1aac3270c9865ddd37b5f26e1dd7	Current upstream blob equals the old merge-base blob and candidate blob equals the accepted-source blob; preserve this exact accepted overlay because no current upstream hunk exists on the path.
src/tasks/task-registry.maintenance.ts	2	4b6c7f6ea56aff88e92421ba7c1a6c0ae3856906	793f9b2ff5d46af43c530e0f0cee8a1f4a344d10	4b6c7f6ea56aff88e92421ba7c1a6c0ae3856906	793f9b2ff5d46af43c530e0f0cee8a1f4a344d10	Current upstream blob equals the old merge-base blob and candidate blob equals the accepted-source blob; preserve this exact accepted overlay because no current upstream hunk exists on the path.
src/test-utils/repo-files.test.ts	3	aa18c35cf59b47d638c10ef3862cd8de8b532dc0	8777a08fb569a917d1eacb374a19d69da671637b	aa18c35cf59b47d638c10ef3862cd8de8b532dc0	8777a08fb569a917d1eacb374a19d69da671637b	Current upstream blob equals the old merge-base blob and candidate blob equals the accepted-source blob; preserve this exact accepted overlay because no current upstream hunk exists on the path.
src/tui/components/tool-execution.ts	1	7e4493b63416a410483ebe6fbfd6eb305c5cce41	a65e62c6118b1548f54761026dd3a8ef454180e8	7e4493b63416a410483ebe6fbfd6eb305c5cce41	a65e62c6118b1548f54761026dd3a8ef454180e8	Current upstream blob equals the old merge-base blob and candidate blob equals the accepted-source blob; preserve this exact accepted overlay because no current upstream hunk exists on the path.
src/tui/tui-event-handlers.ts	1	b0f1d05af2890446cd4d7dfc16a25ee8622fa69a	86a5a4bde21fccd376c14debce3b2e08504673bc	b0f1d05af2890446cd4d7dfc16a25ee8622fa69a	86a5a4bde21fccd376c14debce3b2e08504673bc	Current upstream blob equals the old merge-base blob and candidate blob equals the accepted-source blob; preserve this exact accepted overlay because no current upstream hunk exists on the path.
test/e2e/qa-lab/runtime/telegram-command-menu-gateway.e2e.test.ts	2	746a191dc38bd5daf80dc6592a839d8f19839e66	3228b2c4bc9163355ca23711206bac60114bf153	746a191dc38bd5daf80dc6592a839d8f19839e66	3228b2c4bc9163355ca23711206bac60114bf153	Current upstream blob equals the old merge-base blob and candidate blob equals the accepted-source blob; preserve this exact accepted overlay because no current upstream hunk exists on the path.
test/e2e/qa-lab/runtime/telegram-model-picker-prepared-gateway.e2e.test.ts	2	2427d00b1c8c00a9d5d68ca967290db1f153dafb	17af2e594b1c68439a9f19546ee556f31aa637e6	2427d00b1c8c00a9d5d68ca967290db1f153dafb	17af2e594b1c68439a9f19546ee556f31aa637e6	Current upstream blob equals the old merge-base blob and candidate blob equals the accepted-source blob; preserve this exact accepted overlay because no current upstream hunk exists on the path.
test/fixtures/agents/prompt-snapshots/codex-runtime-happy-path/discord-group-codex-message-tool.md	4	f0eed0e61210dff2b5ea6e79298cdccecbc67c42	54b5104656fadb6faf5d531bb687a2ed8900beb2	f0eed0e61210dff2b5ea6e79298cdccecbc67c42	54b5104656fadb6faf5d531bb687a2ed8900beb2	Current upstream blob equals the old merge-base blob and candidate blob equals the accepted-source blob; preserve this exact accepted overlay because no current upstream hunk exists on the path.
test/fixtures/agents/prompt-snapshots/codex-runtime-happy-path/telegram-direct-codex-message-tool.md	4	48452daf3a5cd78605336d724d72278ef24602ed	7a22cb981075df33e5cdc023ecf92da2397b8a83	48452daf3a5cd78605336d724d72278ef24602ed	7a22cb981075df33e5cdc023ecf92da2397b8a83	Current upstream blob equals the old merge-base blob and candidate blob equals the accepted-source blob; preserve this exact accepted overlay because no current upstream hunk exists on the path.
test/fixtures/agents/prompt-snapshots/codex-runtime-happy-path/telegram-heartbeat-codex-tool.md	4	453543ba5649bce050ed2b51b7bf97b2499fe7a4	5e814034e51ff03663fc2d6ed7f3cb636b3adceb	453543ba5649bce050ed2b51b7bf97b2499fe7a4	5e814034e51ff03663fc2d6ed7f3cb636b3adceb	Current upstream blob equals the old merge-base blob and candidate blob equals the accepted-source blob; preserve this exact accepted overlay because no current upstream hunk exists on the path.
test/helpers/agents/prompt-composition-scenarios.ts	1	cca65b4546fdd092835ad563bb4dc6d5085b2ba4	d6dd74c11be42361e1a5d7594250b6ce8f0d90be	cca65b4546fdd092835ad563bb4dc6d5085b2ba4	d6dd74c11be42361e1a5d7594250b6ce8f0d90be	Current upstream blob equals the old merge-base blob and candidate blob equals the accepted-source blob; preserve this exact accepted overlay because no current upstream hunk exists on the path.
test/scripts/audit-seams.test.ts	2	8dcd31e61afae5681f967df5bd80fef639fff714	0cc6152ced3048d58cd528b4d895e019139dcc5e	8dcd31e61afae5681f967df5bd80fef639fff714	0cc6152ced3048d58cd528b4d895e019139dcc5e	Current upstream blob equals the old merge-base blob and candidate blob equals the accepted-source blob; preserve this exact accepted overlay because no current upstream hunk exists on the path.
test/scripts/check-export-name-collisions.test.ts	2	e273ccbda95b6b3c17059deeb72f4c7eef4478cd	330b50621a0ae04faa0e1accc9cc6c063d86f866	e273ccbda95b6b3c17059deeb72f4c7eef4478cd	330b50621a0ae04faa0e1accc9cc6c063d86f866	Current upstream blob equals the old merge-base blob and candidate blob equals the accepted-source blob; preserve this exact accepted overlay because no current upstream hunk exists on the path.
test/scripts/check-wrapper-shadowing.test.ts	2	956e4e2a36eaf1fe719efd9eda01aad9847f6792	e56bf702a2bb2ceb4587c8cd97767175277b5a7b	956e4e2a36eaf1fe719efd9eda01aad9847f6792	e56bf702a2bb2ceb4587c8cd97767175277b5a7b	Current upstream blob equals the old merge-base blob and candidate blob equals the accepted-source blob; preserve this exact accepted overlay because no current upstream hunk exists on the path.
test/scripts/ensure-playwright-chromium.test.ts	4	36f941447d6bad508b56091d3d4dc83fc034e972	34a56922d2583a54e26415fa40d09d30f51a8af1	36f941447d6bad508b56091d3d4dc83fc034e972	34a56922d2583a54e26415fa40d09d30f51a8af1	Current upstream blob equals the old merge-base blob and candidate blob equals the accepted-source blob; preserve this exact accepted overlay because no current upstream hunk exists on the path.
test/scripts/full-release-validation-at-sha.test.ts	3	1f3e84ba6d95c662aaec8b234be8f953e26ade3c	f91ea4416f05b3d2103610cdcdaa423d02e78b0a	1f3e84ba6d95c662aaec8b234be8f953e26ade3c	f91ea4416f05b3d2103610cdcdaa423d02e78b0a	Current upstream blob equals the old merge-base blob and candidate blob equals the accepted-source blob; preserve this exact accepted overlay because no current upstream hunk exists on the path.
test/scripts/kitchen-sink-rpc-walk.test.ts	3	7563ac4c889636395a03beb76f369fefa27d5801	c8809b63207f8aadbc0d9c145d014a63bd95e12a	7563ac4c889636395a03beb76f369fefa27d5801	c8809b63207f8aadbc0d9c145d014a63bd95e12a	Current upstream blob equals the old merge-base blob and candidate blob equals the accepted-source blob; preserve this exact accepted overlay because no current upstream hunk exists on the path.
test/scripts/plugin-sdk-surface-report.test.ts	1	356db529e7af79b608fdc9171a640e9775d14a26	6c2b27cf57f1de62aa39d1b4e08cf9b2acfb48d7	356db529e7af79b608fdc9171a640e9775d14a26	6c2b27cf57f1de62aa39d1b4e08cf9b2acfb48d7	Current upstream blob equals the old merge-base blob and candidate blob equals the accepted-source blob; preserve this exact accepted overlay because no current upstream hunk exists on the path.
test/vitest-scoped-config.test.ts	1	c6568b0c90341ae2f60f9beaa65d577e2d6ba919	bdd6872d5deff16f26421b5a3bb595ee2daa6154	c6568b0c90341ae2f60f9beaa65d577e2d6ba919	bdd6872d5deff16f26421b5a3bb595ee2daa6154	Current upstream blob equals the old merge-base blob and candidate blob equals the accepted-source blob; preserve this exact accepted overlay because no current upstream hunk exists on the path.
test/vitest/vitest.extension-active-memory.config.ts	1	32bcc525fa20014da505ae5797de389a7681d64b	1cde3c16c74b3144df259dbd393df6e5ab822fb0	32bcc525fa20014da505ae5797de389a7681d64b	1cde3c16c74b3144df259dbd393df6e5ab822fb0	Current upstream blob equals the old merge-base blob and candidate blob equals the accepted-source blob; preserve this exact accepted overlay because no current upstream hunk exists on the path.
test/vitest/vitest.test-shards.mjs	1	adfb7989f06bb571ad7f0c5b21b7723c0fe1e985	6b68e1fdb57e88166fe21b74be97a75ccd5aa5d5	adfb7989f06bb571ad7f0c5b21b7723c0fe1e985	6b68e1fdb57e88166fe21b74be97a75ccd5aa5d5	Current upstream blob equals the old merge-base blob and candidate blob equals the accepted-source blob; preserve this exact accepted overlay because no current upstream hunk exists on the path.
test/vitest/vitest.unit-fast-paths.mjs	1	b1769803d73b9cbf5c63afcde1a58aa155d08e50	65538784f17b8da689ee7d25129c9933e1020f2c	b1769803d73b9cbf5c63afcde1a58aa155d08e50	65538784f17b8da689ee7d25129c9933e1020f2c	Current upstream blob equals the old merge-base blob and candidate blob equals the accepted-source blob; preserve this exact accepted overlay because no current upstream hunk exists on the path.
ui/src/pages/chat/components/chat-task-suggestions.ts	3	5b383392e95c65db0d99f7c9a0a6fd20982ec28a	f7a2ddaffaeb32dc5c58d5477a18fe5a2620eabb	5b383392e95c65db0d99f7c9a0a6fd20982ec28a	f7a2ddaffaeb32dc5c58d5477a18fe5a2620eabb	Current upstream blob equals the old merge-base blob and candidate blob equals the accepted-source blob; preserve this exact accepted overlay because no current upstream hunk exists on the path.
ui/src/styles/chat-file-link-presentation.browser.test.ts	15	315f3d587e1fcf626cd023f6191c0e91fa777c8a	fde5a66d58911a3f8bd07d187e0c87430b052e4e	315f3d587e1fcf626cd023f6191c0e91fa777c8a	fde5a66d58911a3f8bd07d187e0c87430b052e4e	Current upstream blob equals the old merge-base blob and candidate blob equals the accepted-source blob; preserve this exact accepted overlay because no current upstream hunk exists on the path.
ui/src/styles/chat-github-link-presentation.browser.test.ts	13	5c419a7f50614ed96c0595a88d909099edca9ab5	3151b36b9367d7074e958c081b74cde4a9fbe444	5c419a7f50614ed96c0595a88d909099edca9ab5	3151b36b9367d7074e958c081b74cde4a9fbe444	Current upstream blob equals the old merge-base blob and candidate blob equals the accepted-source blob; preserve this exact accepted overlay because no current upstream hunk exists on the path.
ui/src/styles/corner-shape.browser.test.ts	17	100ffbe1d39f67ed14b5a62ed892e251218bc7f3	26763704449d3d5af246918d096ca5a1dc252669	100ffbe1d39f67ed14b5a62ed892e251218bc7f3	26763704449d3d5af246918d096ca5a1dc252669	Current upstream blob equals the old merge-base blob and candidate blob equals the accepted-source blob; preserve this exact accepted overlay because no current upstream hunk exists on the path.
