extensions/codex/index.test.ts	1:extensions/codex/src/app-server/side-question.ts,2:extensions/codex/src/app-server/run-attempt-server-requests.ts,2:extensions/codex/src/app-server/run-attempt-types.ts,2:extensions/codex/src/app-server/dynamic-tool-build.ts,+1
extensions/codex/src/app-server/run-attempt.context-engine.test.ts	3:extensions/codex/src/app-server/run-attempt-server-requests.ts,3:extensions/codex/src/app-server/run-attempt-types.ts
extensions/codex/src/session-catalog-index-recovery.test.ts	3:extensions/codex/src/app-server/side-question.ts
extensions/discord/src/monitor/message-handler.preflight-owned-threads.test.ts	3:extensions/discord/src/monitor/ingress.ts
extensions/signal/src/account-selection.test.ts	3:extensions/signal/src/monitor/event-handler.ts
packages/agent-core/src/agent-loop.async-yield.test.ts	1:packages/agent-core/src/agent-loop.ts,2:src/agents/subagents/registry/subagent-registry.ts,3:src/agents/delegate-artifacts.ts,3:src/agents/subagents/spawn/subagent-spawn-cleanup.ts,+16
packages/agent-core/src/agent-loop.responses-continuation.test.ts	1:packages/agent-core/src/agent-loop.ts
packages/gateway-protocol/src/sessions-search.test.ts	3:packages/gateway-protocol/src/schema/agent.ts
packages/memory-host-sdk/src/host/session-transcript-corpus.test.ts	1:src/config/sessions/session-accessor.ts,2:src/config/sessions/session-accessor.sqlite-entry.ts,2:src/config/sessions/session-accessor.sqlite-owner.ts,2:src/config/sessions/session-accessor.sqlite-recipient-authority.ts,+23
src/acp/control-plane/manager.accepted-ownership.test.ts	2:src/test-utils/task-registry-store.ts,2:src/config/sessions/session-accessor.ts,2:src/config/sessions/types.ts,3:src/state/openclaw-state-db-contract.ts,+16
src/acp/control-plane/manager.actor-epoch-fencing.test.ts	2:src/config/sessions/types.ts,3:src/shared/inline-attachments.ts,3:src/config/sessions/session-recipient-authority-types.ts,3:src/test-utils/task-registry-store.ts
src/acp/control-plane/manager.background-task.test.ts	1:src/infra/system-events.ts,2:src/config/sessions/session-recipient-authority-types.ts,2:src/infra/diagnostic-trace-context.ts,2:src/infra/secure-random.ts,+31
src/acp/control-plane/manager.close-control.test.ts	2:src/config/sessions/types.ts,3:src/test-utils/task-registry-store.ts,3:src/shared/inline-attachments.ts,3:src/config/sessions/session-recipient-authority-types.ts
src/acp/control-plane/manager.execution-binding.test.ts	2:src/test-utils/task-registry-store.ts,2:src/tasks/task-flow-registry.store.sqlite.ts,2:src/config/sessions/types.ts,3:src/state/openclaw-state-db-contract.ts,+9
src/acp/control-plane/manager.owner.test.ts	1:src/config/sessions/session-accessor.ts,2:src/config/sessions/session-accessor.sqlite-entry.ts,2:src/config/sessions/session-accessor.sqlite-owner.ts,2:src/config/sessions/session-accessor.sqlite-recipient-authority.ts,+26
src/acp/control-plane/manager.preactive-cancellation.test.ts	2:src/config/sessions/types.ts,3:src/test-utils/task-registry-store.ts,3:src/shared/inline-attachments.ts,3:src/config/sessions/session-recipient-authority-types.ts
src/acp/control-plane/manager.runtime-handle-ensure.reset.test.ts	2:src/config/sessions/types.ts,3:src/test-utils/task-registry-store.ts,3:src/shared/inline-attachments.ts,3:src/config/sessions/session-recipient-authority-types.ts
src/acp/control-plane/manager.terminal-signals.test.ts	2:src/test-utils/task-registry-store.ts,2:src/config/sessions/session-accessor.ts,2:src/config/sessions/types.ts,3:src/state/openclaw-state-db-contract.ts,+16
src/acp/control-plane/manager.test-helpers.ts	1:src/config/sessions/types.ts,2:src/test-utils/task-registry-store.ts,2:src/shared/inline-attachments.ts,2:src/config/sessions/session-recipient-authority-types.ts,+12
src/acp/control-plane/manager.turn-preflight.test.ts	2:src/test-utils/task-registry-store.ts,2:src/config/sessions/session-accessor.ts,2:src/config/sessions/types.ts,2:src/tasks/task-flow-runtime-internal.ts,+19
src/acp/persistent-bindings.lifecycle.test.ts	2:src/config/sessions/types.ts,3:src/config/runtime-source-projection.ts,3:src/config/types.agent-defaults.ts,3:src/shared/inline-attachments.ts,+1
src/acp/runtime/session-meta.alias-lifecycle.test.ts	1:src/config/sessions/session-accessor.ts,1:src/config/sessions/types.ts,2:src/config/sessions/session-accessor.sqlite-entry.ts,2:src/config/sessions/session-accessor.sqlite-owner.ts,+25
src/acp/runtime/session-meta.changes.test.ts	1:src/config/sessions/session-accessor.ts,2:src/config/sessions/session-accessor.sqlite-entry.ts,2:src/config/sessions/session-accessor.sqlite-owner.ts,2:src/config/sessions/session-accessor.sqlite-recipient-authority.ts,+26
src/acp/runtime/session-meta.key-repair.test.ts	1:src/config/sessions/session-accessor.ts,2:src/config/sessions/session-accessor.sqlite-entry.ts,2:src/config/sessions/session-accessor.sqlite-owner.ts,2:src/config/sessions/session-accessor.sqlite-recipient-authority.ts,+20
src/acp/runtime/session-meta.legacy-migration.test.ts	1:src/commands/doctor-session-canonical-keys.ts,1:src/config/sessions/session-accessor.ts,1:src/config/sessions/types.ts,2:src/config/sessions/session-accessor.sqlite-owner.ts,+30
src/acp/runtime/session-meta-list.test.ts	1:src/config/sessions/session-accessor.ts,2:src/config/sessions/session-accessor.sqlite-entry.ts,2:src/config/sessions/session-accessor.sqlite-owner.ts,2:src/config/sessions/session-accessor.sqlite-recipient-authority.ts,+26
src/acp/runtime/session-meta-read.test.ts	1:src/config/sessions/session-accessor.ts,1:src/config/sessions/types.ts,2:src/config/sessions/session-accessor.sqlite-entry.ts,2:src/config/sessions/session-accessor.sqlite-owner.ts,+26
src/acp/runtime/session-meta.test-support.ts	2:src/state/openclaw-agent-db-contract.ts,2:src/state/openclaw-agent-db-identity.ts,2:src/state/openclaw-agent-db-lifecycle.ts,2:src/state/openclaw-agent-db-schema-helpers.ts,+10
src/acp/runtime/session-meta.test.ts	1:src/config/sessions/session-accessor.ts,1:src/config/sessions/types.ts,2:src/config/sessions/session-accessor.sqlite-entry.ts,2:src/config/sessions/session-accessor.sqlite-owner.ts,+26
src/acp/runtime/session-meta-write.worker.test.ts	1:src/config/sessions/session-accessor.ts,1:src/config/sessions/types.ts,2:src/config/sessions/session-accessor.sqlite-entry.ts,2:src/config/sessions/session-accessor.sqlite-owner.ts,+28
src/agents/agent-bundle-mcp-requester-connect.read.test.ts	2:src/state/openclaw-state-db-contract.ts,2:src/state/openclaw-state-db-repair.ts,2:src/state/openclaw-state-db-schema-additive.ts,3:src/infra/kysely-sync-cache-state.ts,+8
src/agents/agent-bundle-mcp-start-backoff.test.ts	2:src/config/sessions/types.ts,3:src/config/types.agent-defaults.ts,3:src/shared/inline-attachments.ts,3:src/config/sessions/session-recipient-authority-types.ts,+2
src/agents/agent-command.compaction.test-support.ts	1:src/config/sessions/session-accessor.ts,2:src/config/sessions/artifacts.ts,2:src/config/sessions/types.ts,2:src/config/sessions/session-accessor.sqlite-entry.ts,+58
src/agents/agent-command.live-model-switch.test.ts	1:src/auto-reply/reply-payload.ts,1:src/config/sessions/session-accessor.ts,1:src/config/sessions/session-accessor.sqlite-scope.ts,1:src/sessions/user-turn-transcript.ts,+97
src/agents/agent-harness-completion-authority.test.ts	1:src/config/sessions/session-accessor.ts,2:src/config/sessions/session-accessor.sqlite-entry.ts,2:src/config/sessions/session-accessor.sqlite-owner.ts,2:src/config/sessions/session-accessor.sqlite-recipient-authority.ts,+39
src/agents/agent-harness-completion-delivery.test.ts	1:src/config/sessions/session-accessor.ts,1:src/config/sessions/types.ts,2:src/config/sessions/session-accessor.sqlite-entry.ts,2:src/config/sessions/session-accessor.sqlite-owner.ts,+46
src/agents/agent-harness-completion-ownership.test.ts	1:src/config/sessions/session-accessor.ts,1:src/config/sessions/types.ts,1:src/sessions/user-turn-transcript.ts,1:src/agents/subagents/announce/subagent-announce-delivery.ts,+56
src/agents/agent-harness-native-custody.test.ts	1:src/config/sessions/session-accessor.ts,2:src/config/sessions/session-accessor.sqlite-entry.ts,2:src/config/sessions/session-accessor.sqlite-owner.ts,2:src/config/sessions/session-accessor.sqlite-recipient-authority.ts,+61
src/agents/agent-hooks/compaction-safeguard-quality.test.ts	3:src/config/types.agent-defaults.ts
src/agents/agent-tools.before-tool-call.voice-authority.test.ts	1:src/agents/agent-tools.before-tool-call.state.ts,2:src/config/sessions/session-accessor.ts,2:src/config/sessions/types.ts,2:src/infra/diagnostic-events.ts,+17
src/agents/agent-tools.read.workspace-mutations.test.ts	3:src/plugins/tool-metadata.ts,3:src/auto-reply/get-reply-options.types.ts
src/agents/agent-tools.session-portal.test.ts	1:src/gateway/tool-resolution.ts,1:src/agents/agent-tools.ts,2:src/config/sessions/types.ts,2:src/agents/agent-tools.policy.ts,+29
src/agents/agent-tools.workspace-outside.test.ts	2:src/agents/openclaw-tools.ts,3:src/agents/openclaw-tools.continuation-run.ts,3:src/agents/openclaw-tools.continuation.ts,3:src/agents/openclaw-tools.hook-context.ts,+2
src/agents/auth-profiles/inherited-store.test.ts	2:src/state/openclaw-state-db-contract.ts,2:src/state/openclaw-agent-db-contract.ts,2:src/state/openclaw-agent-db-identity.ts,2:src/state/openclaw-agent-db-lifecycle.ts,+12
src/agents/auth-profiles/session-override.agent-scope.test.ts	1:src/config/sessions/session-accessor.ts,2:src/config/sessions/session-accessor.sqlite-entry.ts,2:src/config/sessions/session-accessor.sqlite-owner.ts,2:src/config/sessions/session-accessor.sqlite-recipient-authority.ts,+13
src/agents/auth-profiles/session-override.test.ts	1:src/config/sessions/session-accessor.ts,1:src/config/sessions/types.ts,2:src/config/sessions/session-accessor.sqlite-entry.ts,2:src/config/sessions/session-accessor.sqlite-owner.ts,+15
src/agents/auth-profiles/sqlite-read.test.ts	3:src/infra/kysely-sync-cache-state.ts,3:src/state/openclaw-state-db-contract.ts,3:src/state/openclaw-state-db-schema-additive.ts,3:src/infra/diagnostic-events.ts
src/agents/auth-profiles/store.async-read.test.ts	2:src/state/openclaw-state-db-contract.ts,3:src/config/types.agent-defaults.ts,3:src/config/sessions/types.ts,3:src/infra/kysely-sync-cache-state.ts,+4
src/agents/bash-tools.exec-authorization.integration.test.ts	2:src/state/openclaw-state-db-contract.ts,2:src/state/openclaw-state-db-repair.ts,3:src/infra/kysely-sync-cache-state.ts,3:src/state/openclaw-state-db-schema-additive.ts,+6
src/agents/bash-tools.exec-task-lifecycle.test.ts	2:src/test-utils/task-registry-store.ts,3:src/infra/kysely-sync-cache-state.ts,3:src/state/openclaw-state-db-contract.ts,3:src/agents/subagents/registry/subagent-registry.types.ts,+18
src/agents/bash-tools.process.output-contract.test.ts	2:src/plugins/tool-metadata.ts,3:src/agents/agent-tools.before-tool-call.state.ts,3:src/agents/agent-tools.before-tool-call.wrapper.ts,3:src/infra/secure-random.ts,+1
src/agents/bootstrap-files.personal.test.ts	2:src/state/openclaw-state-db-contract.ts,2:src/state/openclaw-state-db-repair.ts,2:src/config/sessions/session-accessor.ts,2:src/config/types.agent-defaults.ts,+13
src/agents/bootstrap-files.remote.test.ts	2:src/config/sessions/types.ts,2:src/state/openclaw-state-db-contract.ts,2:src/state/openclaw-state-db-repair.ts,2:src/config/sessions/session-accessor.ts,+16
src/agents/cli-runner/bundle-mcp.web-search.test.ts	1:src/config/sessions/types.ts,2:src/shared/inline-attachments.ts,2:src/config/sessions/session-recipient-authority-types.ts,3:src/config/types.agent-defaults.ts,+10
src/agents/cli-runner/cli-run-recovery.test.ts	2:src/config/sessions/session-accessor.ts,2:src/infra/diagnostic-events.ts,3:src/config/sessions/session-accessor.sqlite-entry.ts,3:src/config/sessions/session-accessor.sqlite-owner.ts,+14
src/agents/cli-runner/cli-run-transcript.admission.test.ts	1:src/config/sessions/session-accessor.ts,1:src/config/sessions/types.ts,2:src/config/sessions/session-accessor.sqlite-entry.ts,2:src/config/sessions/session-accessor.sqlite-owner.ts,+40
src/agents/cli-runner/execute-events.mcp-recovery.test.ts	1:src/infra/diagnostic-events.ts,2:src/infra/diagnostic-trace-context.ts,2:src/config/sessions/session-accessor.ts,2:src/agents/embedded-agent-runner/types.ts,+17
src/agents/cli-runner.execution-owner-attribution.test.ts	1:src/infra/diagnostic-events.ts,2:src/infra/diagnostic-trace-context.ts,2:src/auto-reply/get-reply-options.types.ts,2:src/config/sessions/session-accessor.ts,+27
src/agents/cli-runner/media-guard.test.ts	2:src/config/sessions/session-accessor.ts,2:src/infra/diagnostic-events.ts,2:src/agents/cli-runner/helpers.ts,2:src/infra/heartbeat-wake.ts,+23
src/agents/cli-runner/prepare.durable-context.test.ts	2:src/config/sessions/session-accessor.ts,2:src/infra/diagnostic-events.ts,2:src/process/command-queue.ts,2:src/sessions/user-turn-transcript.types.ts,+31
src/agents/cli-runner/prepare.test.ts	1:src/auto-reply/reply/reply-run-registry.ts,1:src/config/sessions/session-accessor.ts,1:src/gateway/mcp-http.runtime.ts,1:src/sessions/user-turn-transcript.ts,+68
src/agents/cli-runner/session-history.async.test.ts	1:src/config/sessions/session-accessor.ts,1:src/sessions/user-turn-transcript.ts,2:src/config/sessions/session-accessor.sqlite-entry.ts,2:src/config/sessions/session-accessor.sqlite-owner.ts,+34
src/agents/code-mode.auto-results.test.ts	2:src/plugins/tool-metadata.ts,3:src/agents/agent-tools.before-tool-call.state.ts,3:src/agents/agent-tools.before-tool-call.wrapper.ts,3:src/infra/secure-random.ts,+1
src/agents/code-mode.contracts.test.ts	2:src/plugins/tool-metadata.ts,3:src/agents/agent-tools.before-tool-call.state.ts,3:src/agents/agent-tools.before-tool-call.wrapper.ts,3:src/infra/secure-random.ts,+1
src/agents/code-mode.metadata.test.ts	2:src/plugins/tool-metadata.ts,3:src/agents/agent-tools.before-tool-call.state.ts,3:src/agents/agent-tools.before-tool-call.wrapper.ts,3:src/infra/secure-random.ts,+1
src/agents/code-mode-node.lifecycle.test.ts	3:src/plugins/tool-metadata.ts
src/agents/code-mode-quickjs.integration.test.ts	2:src/plugins/tool-metadata.ts,3:src/agents/agent-tools.before-tool-call.state.ts,3:src/agents/agent-tools.before-tool-call.wrapper.ts,3:src/infra/secure-random.ts,+1
src/agents/code-mode-quickjs.worker-lifecycle.test.ts	2:src/plugins/plugin-module-loader-cache.ts,2:src/plugins/tool-metadata.ts,3:src/config/types.agent-defaults.ts,3:src/infra/diagnostic-events.ts,+4
src/agents/code-mode.results.test.ts	2:src/plugins/tool-metadata.ts,2:src/infra/secure-random.ts,2:src/agents/core-tool-factory-descriptors.ts,3:src/agents/agent-tools.before-tool-call.state.ts,+1
src/agents/command/delivery.custody.integration.test.ts	1:src/config/sessions/session-accessor.ts,1:src/agents/embedded-agent-runner/types.ts,2:src/config/sessions/types.ts,2:src/config/sessions/session-accessor.sqlite-entry.ts,+52
src/agents/command/delivery.restart-final.integration.test.ts	1:src/auto-reply/reply-payload.ts,1:src/config/sessions/session-accessor.ts,1:src/infra/delivery-queue-sqlite.ts,2:src/config/sessions/types.ts,+36
src/agents/command/model-selection.configured.test.ts	1:src/config/sessions/types.ts,2:src/shared/inline-attachments.ts,2:src/config/sessions/session-recipient-authority-types.ts,2:src/config/sessions/session-accessor.ts,+19
src/agents/core-coding-tools.exec-workdir.test.ts	2:src/state/openclaw-state-db-contract.ts,2:src/state/openclaw-state-db-repair.ts,3:src/infra/kysely-sync-cache-state.ts,3:src/state/openclaw-state-db-schema-additive.ts,+4
src/agents/core-coding-tools.sandbox.test.ts	3:src/plugins/tool-metadata.ts,3:src/agents/embedded-agent-runner/types.ts,3:src/sessions/user-turn-transcript.types.ts
src/agents/decision-assistance.test.ts	1:src/config/zod-schema.agent-defaults-base.ts,3:src/config/types.agent-defaults.ts
src/agents/embedded-agent-runner/compact.auth-preparation.test.ts	1:src/agents/embedded-agent-runner/compact.hooks.harness.ts,1:src/config/sessions/session-accessor.ts,2:src/agents/agent-tools.ts,2:src/agents/embedded-agent-runner/server-endpoint-compaction.ts,+38
src/agents/embedded-agent-runner/compact.delegate-resources.test.ts	1:src/config/sessions/session-accessor.ts,2:src/config/sessions/session-accessor.sqlite-entry.ts,2:src/config/sessions/session-accessor.sqlite-owner.ts,2:src/config/sessions/session-accessor.sqlite-recipient-authority.ts,+36
src/agents/embedded-agent-runner/compact.foreground-resources.test.ts	1:src/config/sessions/session-accessor.ts,2:src/config/sessions/session-accessor.sqlite-entry.ts,2:src/config/sessions/session-accessor.sqlite-owner.ts,2:src/config/sessions/session-accessor.sqlite-recipient-authority.ts,+40
src/agents/embedded-agent-runner/compaction-successor.lifetime.test.ts	1:src/config/sessions/types.ts,1:src/config/sessions/session-accessor.ts,2:src/shared/inline-attachments.ts,2:src/config/sessions/session-recipient-authority-types.ts,+31
src/agents/embedded-agent-runner/compact.sandbox-info.test.ts	1:src/agents/embedded-agent-runner/compact.hooks.harness.ts,1:src/agents/embedded-agent-runner/compact.ts,1:src/config/sessions/session-accessor.ts,2:src/agents/agent-tools.ts,+43
src/agents/embedded-agent-runner/context-engine-factory-disposal.test.ts	2:src/test-utils/task-registry-store.ts,2:src/process/command-queue.ts,3:src/channels/message/ingress-drain.ts,3:src/config/sessions/types.ts,+15
src/agents/embedded-agent-runner/context-engine-maintenance.preparation.test.ts	1:src/process/command-queue.ts,1:src/config/sessions/session-accessor.ts,2:src/process/command-queue-waiters.ts,2:src/config/sessions/session-accessor.sqlite-entry.ts,+32
src/agents/embedded-agent-runner/context-engine-maintenance.resources.test.ts	2:src/process/command-queue.ts,3:src/channels/message/ingress-drain.ts,3:src/config/sessions/types.ts,3:src/infra/heartbeat-wake.ts,+16
src/agents/embedded-agent-runner/context-engine-maintenance.signals.test.ts	3:src/process/command-queue.ts
src/agents/embedded-agent-runner/extra-params.debug-logging.test.ts	2:src/infra/diagnostic-events.ts,2:src/infra/diagnostic-trace-context.ts,3:src/config/types.agent-defaults.ts,3:src/infra/diagnostic-trace-context-pure.ts,+1
src/agents/embedded-agent-runner/history.doctor-compatibility.test.ts	2:src/plugins/plugin-module-loader-cache.ts,3:src/config/types.agent-defaults.ts,3:src/infra/diagnostic-events.ts,3:src/config/sessions/types.ts
src/agents/embedded-agent-runner/model.auth-read-race.test.ts	2:src/state/openclaw-agent-db-lifecycle.ts,2:src/state/openclaw-agent-db-schema-helpers.ts,3:src/state/openclaw-agent-db-contract.ts,3:src/state/openclaw-state-db-contract.ts,+13
src/agents/embedded-agent-runner/model.compat-route.test.ts	2:src/plugins/capability-provider-runtime.ts,3:src/config/types.agent-defaults.ts,3:src/config/runtime-source-projection.ts,3:src/plugins/tool-metadata.ts,+2
src/agents/embedded-agent-runner/model.configured-catalog-index.test.ts	2:src/plugins/capability-provider-runtime.ts,3:src/state/openclaw-agent-db-schema-helpers.ts,3:src/state/openclaw-agent-db-lifecycle.ts,3:src/config/runtime-source-projection.ts,+2
src/agents/embedded-agent-runner/model-request-body.test.ts	1:src/infra/diagnostic-events.ts,1:src/infra/diagnostic-trace-context.ts,2:src/infra/diagnostic-trace-context-pure.ts
src/agents/embedded-agent-runner/model.selected-materialization.test.ts	3:src/config/sessions/types.ts,3:src/config/types.agent-defaults.ts,3:src/config/runtime-source-projection.ts
src/agents/embedded-agent-runner/requester-run-settlement.test.ts	1:src/agents/embedded-agent-runner/types.ts,1:src/agents/subagents/registry/subagent-registry.ts,2:src/agents/embedded-agent-runner/run/params.ts,2:src/config/sessions/types.ts,+50
src/agents/embedded-agent-runner/run/attempt-execution-settle.test.ts	1:src/config/sessions/session-accessor.ts,1:src/config/sessions/session-accessor.sqlite-scope.ts,1:src/agents/subagents/registry/subagent-registry.ts,2:src/config/sessions/session-accessor.sqlite-entry.ts,+106
src/agents/embedded-agent-runner/run/attempt-stream-settle.test.ts	1:src/config/sessions/session-accessor.ts,2:src/config/sessions/session-accessor.sqlite-entry.ts,2:src/config/sessions/session-accessor.sqlite-owner.ts,2:src/config/sessions/session-accessor.sqlite-recipient-authority.ts,+71
src/agents/embedded-agent-runner/run/attempt-stream-transport.test.ts	2:src/agents/embedded-agent-subscribe.ts,3:src/infra/diagnostic-events.ts,3:src/utils/directive-tags.ts,3:src/agents/embedded-agent-runner/types.ts,+17
src/agents/embedded-agent-runner/run/attempt-system-prompt.sandbox-info.test.ts	2:src/config/sessions/session-accessor.sqlite-entry-store.ts,2:src/agents/embedded-agent-runner/run/attempt-system-prompt-prepare.ts,3:src/config/sessions/session-accessor.sqlite-entry-read.ts,3:src/config/sessions/session-accessor.sqlite-recipient-authority.ts,+11
src/agents/embedded-agent-runner/run/attempt-tool-search-prompt.test.ts	1:src/agents/embedded-agent-runner/run/attempt-system-prompt-prepare.ts,2:src/agents/subagents/registry/subagent-registry.ts,2:src/config/sessions/types.ts,2:src/infra/diagnostic-trace-context.ts,+44
src/agents/embedded-agent-runner/run-entry.cyber-failover.runner.test.ts	1:src/agents/embedded-agent-runner/types.ts,2:src/config/sessions/types.ts,2:src/infra/diagnostic-trace-context.ts,3:src/infra/diagnostic-events.ts,+19
src/agents/embedded-agent-runner/run-entry.cyber-failover.test.ts	1:src/agents/embedded-agent-runner/types.ts,2:src/config/sessions/types.ts,2:src/infra/diagnostic-trace-context.ts,2:src/infra/diagnostic-events.ts,+29
src/agents/embedded-agent-runner/run/failover-retry-controller.inline-auth.worker.test.ts	2:src/config/runtime-source-projection.ts,2:src/state/openclaw-agent-db-contract.ts,2:src/state/openclaw-agent-db-identity.ts,2:src/state/openclaw-agent-db-lifecycle.ts,+17
src/agents/embedded-agent-runner/run/model-setup.selected-model.test.ts	2:src/state/openclaw-agent-db-schema-helpers.ts,2:src/agents/auth-profiles/external-cli-auth-selection.ts,2:src/agents/embedded-agent-runner/run/params.ts,2:src/config/sessions/session-accessor.ts,+30
src/agents/embedded-agent-runner/run/payloads.heartbeat.test.ts	2:src/auto-reply/reply-payload.ts,2:src/auto-reply/types.ts,2:src/infra/heartbeat-runner-prompt.ts,2:src/agents/embedded-agent-runner/run/payloads.ts,+13
src/agents/embedded-agent-runner/run.plugin-runtime-refresh.integration.test.ts	1:src/agents/embedded-agent-runner/run.overflow-compaction.harness.ts,1:src/auto-reply/reply-payload.ts,2:src/agents/embedded-agent-helpers/sanitize-user-facing-text.ts,2:src/auto-reply/types.ts,+38
src/agents/embedded-agent-runner/run/provider-review-continuation.test.ts	1:src/config/sessions/types.ts,2:src/shared/inline-attachments.ts,2:src/config/sessions/session-recipient-authority-types.ts,2:src/state/openclaw-agent-db-contract.ts,+5
src/agents/embedded-agent-runner/run/run-attempt-dispatch.input.test.ts	1:src/agents/embedded-agent-runner/run/run-attempt-dispatch.ts,2:src/agents/embedded-agent-runner/run/auth-store.ts,2:src/agents/embedded-agent-runner/run/session-prompt-state.ts,3:src/config/sessions/types.ts,+14
src/agents/embedded-agent-runner/run/settled-turn-finalization.silence.test.ts	2:src/auto-reply/reply-payload.ts,2:src/infra/diagnostic-trace-context.ts,2:src/agents/transcript-redact.ts,2:src/config/sessions/session-accessor.ts,+26
src/agents/embedded-agent-runner/run/settled-turn-finalization.stale-error.test.ts	1:src/auto-reply/reply-payload.ts,2:src/infra/diagnostic-trace-context.ts,2:src/agents/embedded-agent-subscribe.ts,2:src/config/sessions/types.ts,+46
src/agents/embedded-agent-runner/run/settled-turn-finalization.timeout.test.ts	2:src/infra/diagnostic-trace-context.ts,2:src/agents/embedded-agent-subscribe.ts,2:src/auto-reply/reply-payload.ts,2:src/agents/transcript-redact.ts,+38
src/agents/embedded-agent-runner/skill-runtime.library-read.test.ts	1:src/config/sessions/session-accessor.ts,1:src/agents/agent-tools.ts,1:src/agents/subagents/spawn/subagent-spawn-session-patch.ts,2:src/config/sessions/session-accessor.sqlite-entry.ts,+50
src/agents/embedded-agent-runner/skill-runtime.workspace.test.ts	2:src/sessions/user-turn-transcript.types.ts,3:src/infra/diagnostic-events.ts,3:src/config/types.agent-defaults.ts,3:src/plugins/tool-metadata.ts,+7
src/agents/embedded-agent-runner/tool-result-context-guard.prepared-counts.test.ts	2:src/config/types.agent-defaults.ts,3:src/config/zod-schema.agent-defaults-base.ts,3:src/config/sessions/session-accessor.ts
src/agents/embedded-agent-runner/wait-for-idle-before-flush.test.ts	1:src/config/sessions/session-accessor.ts,1:src/config/sessions/session-accessor.sqlite-scope.ts,2:src/config/sessions/session-accessor.sqlite-entry.ts,2:src/config/sessions/session-accessor.sqlite-owner.ts,+37
src/agents/embedded-agent-subscribe.directive-delivery.test.ts	1:src/auto-reply/reply-payload.ts,1:src/auto-reply/reply/agent-runner-helpers.ts,1:src/auto-reply/reply/block-reply-pipeline.ts,1:src/auto-reply/reply/reply-delivery.ts,+31
src/agents/embedded-agent-subscribe.model-state.delivery.test.ts	1:src/auto-reply/reply-payload.ts,1:src/agents/embedded-agent-runner/run/payloads.ts,1:src/agents/embedded-agent-subscribe.ts,2:src/auto-reply/continuation/signal.ts,+33
src/agents/embedded-agent-subscribe.model-state.test.ts	2:src/agents/embedded-agent-runner/types.ts,2:src/agents/embedded-agent-subscribe.ts,2:src/config/sessions/session-accessor.ts,2:src/sessions/user-turn-transcript.types.ts,+26
src/agents/embedded-agent-tool-results.reuse.test.ts	1:src/agents/transcript-redact.ts,2:src/agents/embedded-agent-subscribe.ts,2:src/config/sessions/session-accessor.ts,2:src/agents/session-transcript-repair.ts,+20
src/agents/git-coauthor-attribution.test.ts	1:src/config/sessions/session-accessor.ts,2:src/config/sessions/session-accessor.sqlite-entry.ts,2:src/config/sessions/session-accessor.sqlite-owner.ts,2:src/config/sessions/session-accessor.sqlite-recipient-authority.ts,+25
src/agents/github-read-identity.test.ts	3:src/config/types.agent-defaults.ts,3:src/config/sessions/types.ts
src/agents/harness/acp-native-execution.process.test.ts	2:src/agents/embedded-agent-helpers/sanitize-user-facing-text.ts,2:src/agents/embedded-agent-runner/compact-reasons.ts,2:src/auto-reply/reply-payload.ts,2:src/auto-reply/types.ts,+35
src/agents/harness/compaction.cancel.test.ts	2:src/state/openclaw-agent-db-contract.ts,2:src/state/openclaw-agent-db-identity.ts,2:src/state/openclaw-agent-db-lifecycle.ts,2:src/state/openclaw-agent-db-schema-helpers.ts,+36
src/agents/harness/context-engine-turn-maintenance.test.ts	1:src/config/sessions/session-accessor.ts,2:src/config/sessions/session-accessor.sqlite-entry.ts,2:src/config/sessions/session-accessor.sqlite-owner.ts,2:src/config/sessions/session-accessor.sqlite-recipient-authority.ts,+36
src/agents/harness/host-capability.environment.test.ts	3:src/infra/diagnostic-trace-context.ts,3:src/agents/agent-tools.ts
src/agents/harness/host-capability.reply-media.test.ts	3:src/config/runtime-source-projection.ts,3:src/config/types.agent-defaults.ts,3:src/state/openclaw-agent-db-schema-helpers.ts,3:src/state/openclaw-agent-db-lifecycle.ts,+4
src/agents/harness/host-capability.source-lifetime.test.ts	2:src/infra/diagnostic-trace-context.ts,2:src/agents/agent-tools.ts,3:src/config/types.agent-defaults.ts,3:src/infra/diagnostic-trace-context-pure.ts,+12
src/agents/harness/host-capability.test-support.ts	2:src/infra/diagnostic-trace-context.ts,2:src/agents/agent-tools.ts,3:src/config/sessions/types.ts,3:src/infra/diagnostic-trace-context-pure.ts,+11
src/agents/harness/host-capability.test.ts	2:src/agents/agent-tools.before-tool-call.state.ts,2:src/agents/agent-tools.before-tool-call.wrapper.ts,2:src/infra/diagnostic-trace-context.ts,2:src/agents/agent-tools.ts,+15
src/agents/harness/host-model-execution.test.ts	2:src/config/sessions/session-accessor.ts,2:src/config/sessions/types.ts,2:src/infra/diagnostic-trace-context.ts,2:src/agents/embedded-agent-runner/types.ts,+33
src/agents/harness/native-hook-relay.lifecycle.test.ts	3:src/infra/diagnostic-events.ts,3:src/auto-reply/get-reply-options.types.ts,3:src/auto-reply/reply-payload.ts,3:src/infra/diagnostic-trace-context.ts,+10
src/agents/harness/native-session/binding-generation.test.ts	1:src/config/sessions/session-accessor.ts,2:src/config/sessions/session-accessor.sqlite-entry.ts,2:src/config/sessions/session-accessor.sqlite-owner.ts,2:src/config/sessions/session-accessor.sqlite-recipient-authority.ts,+14
src/agents/harness/native-session/binding-leases.worker.test.ts	3:src/state/openclaw-state-db-contract.ts,3:src/state/openclaw-state-db-repair.ts,3:src/state/openclaw-agent-db-schema-helpers.ts,3:src/state/openclaw-agent-db-lifecycle.ts
src/agents/harness/native-session/binding-lifecycle.test.ts	3:src/config/sessions/types.ts,3:src/infra/diagnostic-trace-context.ts,3:src/auto-reply/get-reply-options.types.ts,3:src/agents/embedded-agent-runner/compact.types.ts,+1
src/agents/harness/prompt-compaction-hook-helpers.test.ts	1:src/sessions/user-turn-transcript.types.ts,2:src/auto-reply/get-reply-options.types.ts,2:src/auto-reply/reply-payload.ts,2:src/infra/diagnostic-trace-context.ts,+13
src/agents/harness/prompt-context.test.ts	3:src/sessions/user-turn-transcript.types.ts,3:src/config/sessions/session-accessor.sqlite-scope.ts,3:src/config/types.agent-defaults.ts,3:src/config/sessions/types.ts,+4
src/agents/harness/selection.input-attachments.test.ts	2:src/state/openclaw-agent-db-contract.ts,2:src/state/openclaw-agent-db-identity.ts,2:src/state/openclaw-agent-db-lifecycle.ts,2:src/state/openclaw-agent-db-schema-helpers.ts,+34
src/agents/harness/structured-input-execution.test.ts	2:src/sessions/user-turn-transcript.types.ts,3:src/auto-reply/get-reply-options.types.ts,3:src/config/sessions/types.ts,3:src/infra/diagnostic-trace-context.ts,+4
src/agents/harness/tool-result-facts.test.ts	2:src/auto-reply/reply-payload.ts,3:src/auto-reply/types.ts
src/agents/harness/workspace-context.test.ts	2:src/config/sessions/session-accessor.ts,2:src/config/types.agent-defaults.ts,3:src/infra/diagnostic-events.ts,3:src/config/sessions/session-accessor.sqlite-entry.ts,+6
src/agents/isolated-completion.operator-model-policy.test.ts	2:src/agents/embedded-agent-runner/types.ts,2:src/infra/diagnostic-events.ts,2:src/config/sessions/session-accessor.ts,2:src/auto-reply/get-reply-options.types.ts,+34
src/agents/main-session-recovery/main-session-parent-recovery.test-harness.ts	1:src/config/sessions/session-accessor.ts,2:src/config/sessions/session-accessor.sqlite-entry.ts,2:src/config/sessions/session-accessor.sqlite-owner.ts,2:src/config/sessions/session-accessor.sqlite-recipient-authority.ts,+23
src/agents/main-session-recovery/main-session-restart-recovery.test.ts	1:src/auto-reply/reply/agent-runner-core.ts,1:src/config/sessions/session-accessor.ts,1:src/infra/delivery-queue-sqlite-bound.ts,1:src/infra/delivery-queue-sqlite.ts,+83
src/agents/mcp-oauth-provider.preparation.test.ts	3:src/state/openclaw-state-db-contract.ts
src/agents/mcp-oauth-requesters.test.ts	2:src/state/openclaw-state-db-contract.ts,2:src/state/openclaw-state-db-repair.ts,2:src/state/openclaw-state-db-schema-additive.ts,3:src/infra/kysely-sync-cache-state.ts,+3
src/agents/mcp-oauth-writes.test.ts	2:src/state/openclaw-state-db-contract.ts,2:src/state/openclaw-state-db-repair.ts,2:src/state/openclaw-state-db-schema-additive.ts,3:src/infra/kysely-sync-cache-state.ts,+5
src/agents/media-generation-task-status.cold.test.ts	2:src/state/openclaw-state-db-contract.ts,2:src/state/openclaw-state-db-repair.ts,2:src/tasks/task-flow-runtime-internal.ts,3:src/config/sessions/types.ts,+13
src/agents/media-generation-task-status-shared.test.ts	2:src/tasks/task-flow-runtime-internal.ts,2:src/config/runtime-source-projection.ts,2:src/tasks/task-flow-registry.store.ts,3:src/config/sessions/types.ts,+12
src/agents/model-auth-provider-config.test.ts	1:src/config/runtime-source-projection.ts,2:src/config/types.agent-defaults.ts,3:src/config/sessions/types.ts,3:src/config/zod-schema.agent-defaults-base.ts
src/agents/model-catalog-auth-labels.test.ts	3:src/config/types.agent-defaults.ts
src/agents/model-catalog-decisions.test.ts	3:src/config/types.agent-defaults.ts,3:src/state/openclaw-agent-db-schema-helpers.ts,3:src/state/openclaw-agent-db-lifecycle.ts,3:src/state/openclaw-state-db-contract.ts,+5
src/agents/model-catalog.planning.test.ts	3:src/config/types.agent-defaults.ts,3:src/infra/diagnostic-events.ts,3:src/config/runtime-source-projection.ts,3:src/config/sessions/session-accessor.ts,+1
src/agents/model-catalog-view.test.ts	3:src/config/types.agent-defaults.ts,3:src/infra/diagnostic-events.ts,3:src/config/sessions/session-accessor.ts,3:src/plugins/session-entry-slot-keys.ts,+2
src/agents/model-fallback-image.operator-model-policy.test.ts	3:src/config/types.agent-defaults.ts,3:src/process/command-queue.ts
src/agents/model-fallback.quota-recovery.test.ts	1:src/infra/diagnostic-events.ts,2:src/infra/diagnostic-trace-context.ts,3:src/config/types.agent-defaults.ts,3:src/infra/diagnostic-trace-context-pure.ts,+10
src/agents/model-runtime-choice.native.test.ts	2:src/config/sessions/types.ts,2:src/plugins/capability-provider-runtime.ts,3:src/infra/diagnostic-trace-context.ts,3:src/auto-reply/get-reply-options.types.ts,+7
src/agents/model-runtime-choice.test.ts	2:src/config/sessions/types.ts,2:src/plugins/capability-provider-runtime.ts,2:src/agents/system-prompt.ts,2:src/agents/subagents/spawn/subagent-attachments.ts,+29
src/agents/models-config.providers.implicit.outcomes.test.ts	2:src/plugins/plugin-module-loader-cache.ts,3:src/config/types.agent-defaults.ts,3:src/config/sessions/types.ts,3:src/infra/diagnostic-trace-context.ts,+7
src/agents/model-selection.acp-runtime.test.ts	2:src/config/types.agent-defaults.ts,2:src/config/sessions/types.ts,2:src/infra/diagnostic-events.ts,3:src/config/zod-schema.agent-defaults-base.ts,+5
src/agents/model-selection.catalog-overlay.test.ts	3:src/config/sessions/types.ts,3:src/config/types.agent-defaults.ts,3:src/plugins/plugin-module-loader-cache.ts,3:src/config/runtime-source-projection.ts,+1
src/agents/model-thinking-default.test.ts	2:src/config/types.agent-defaults.ts,3:src/config/zod-schema.agent-defaults-base.ts
src/agents/openclaw-tools.decision.test.ts	1:src/agents/agent-tools.ts,1:src/agents/openclaw-tools.ts,2:src/plugins/plugin-module-loader-cache.ts,2:src/plugins/tool-metadata.ts,+34
src/agents/openclaw-tools.media-workspace.test.ts	1:src/agents/openclaw-tools.ts,2:src/agents/openclaw-tools.continuation-run.ts,2:src/agents/openclaw-tools.continuation.ts,2:src/agents/openclaw-tools.hook-context.ts,+26
src/agents/openclaw-tools.registration.test.ts	1:src/agents/agent-tools.ts,1:src/agents/core-tool-factory-descriptors.ts,1:src/agents/openclaw-tools.ts,1:src/agents/subagents/registry/subagent-registry.ts,+96
src/agents/openclaw-tools.sessions.mocks.test-support.ts	3:src/agents/command/types.ts,3:src/config/runtime-source-projection.ts,3:src/config/types.agent-defaults.ts
src/agents/openclaw-tools.sessions-resume.test-support.ts	1:src/config/sessions/session-accessor.ts,2:src/config/sessions/session-accessor.sqlite-entry.ts,2:src/config/sessions/session-accessor.sqlite-owner.ts,2:src/config/sessions/session-accessor.sqlite-recipient-authority.ts,+37
src/agents/openclaw-tools.sessions-send-child-coordination.test.ts	1:src/config/sessions/session-accessor.ts,1:src/config/sessions/session-accessor.sqlite-scope.ts,1:src/config/sessions/types.ts,1:src/agents/tools/sessions-send-tool.ts,+47
src/agents/openclaw-tools.sessions-steering.test.ts	1:src/config/sessions/session-accessor.ts,1:src/agents/tools/sessions-send-tool.ts,2:src/config/sessions/artifacts.ts,2:src/config/sessions/session-accessor.sqlite-entry.ts,+53
src/agents/openclaw-tools.sessions.test.ts	1:src/config/sessions/session-accessor.ts,1:src/config/sessions/session-accessor.sqlite-scope.ts,1:src/infra/system-events.ts,1:src/agents/agent-tools.before-tool-call.state.ts,+59
src/agents/operator-model-policy.test.ts	3:src/config/types.agent-defaults.ts
src/agents/prepared-model-catalog-worker.captures.integration.test.ts	2:src/config/runtime-source-projection.ts,3:src/plugins/capability-provider-runtime.ts,3:src/plugins/registry-api.ts,3:src/state/openclaw-agent-db-contract.ts,+5
src/agents/prepared-model-catalog-worker.chat-metadata.integration.test.ts	2:src/config/types.agent-defaults.ts,3:src/config/zod-schema.agent-defaults-base.ts,3:src/config/sessions/types.ts,3:src/state/openclaw-state-db-contract.ts,+12
src/agents/prepared-model-catalog-worker.directory.integration.test.ts	2:src/config/types.agent-defaults.ts,2:src/config/runtime-source-projection.ts,2:src/plugins/capability-provider-runtime.ts,3:src/config/zod-schema.agent-defaults-base.ts,+8
src/agents/prepared-model-catalog-worker.directory.test.ts	2:src/state/openclaw-state-db-contract.ts,2:src/state/openclaw-state-db-repair.ts,2:src/config/types.agent-defaults.ts,2:src/config/runtime-source-projection.ts,+12
src/agents/prepared-model-catalog-worker.heap.integration.test.ts	2:src/config/runtime-source-projection.ts,3:src/state/openclaw-state-db-contract.ts,3:src/state/openclaw-state-db-repair.ts,3:src/plugins/capability-provider-runtime.ts,+6
src/agents/prepared-model-catalog-worker.native-renewal.integration.test.ts	2:src/plugins/capability-provider-runtime.ts,3:src/plugins/registry-api.ts,3:src/config/runtime-source-projection.ts,3:src/config/sessions/types.ts,+8
src/agents/prepared-model-catalog-worker.retirement.integration.test.ts	2:src/config/runtime-source-projection.ts,3:src/config/types.agent-defaults.ts,3:src/plugins/plugin-module-loader-cache.ts,3:src/plugins/capability-provider-runtime.ts,+7
src/agents/prepared-model-runtime.auto-selection.test.ts	3:src/config/runtime-source-projection.ts,3:src/config/sessions/types.ts,3:src/config/types.agent-defaults.ts,3:src/infra/diagnostic-events.ts,+1
src/agents/prepared-model-runtime.batch.test.ts	3:src/config/runtime-source-projection.ts,3:src/config/sessions/types.ts,3:src/config/types.agent-defaults.ts,3:src/infra/diagnostic-events.ts,+2
src/agents/prepared-model-runtime.catalog-publication.test.ts	1:src/config/sessions/session-accessor.ts,2:src/config/sessions/session-accessor.sqlite-entry.ts,2:src/config/sessions/session-accessor.sqlite-owner.ts,2:src/config/sessions/session-accessor.sqlite-recipient-authority.ts,+29
src/agents/prepared-model-runtime.configured.test.ts	3:src/config/types.agent-defaults.ts,3:src/state/openclaw-state-db-contract.ts,3:src/config/sessions/types.ts,3:src/plugins/capability-provider-runtime.ts
src/agents/prepared-model-runtime.gateway-leases.test.ts	3:src/config/runtime-source-projection.ts,3:src/config/sessions/types.ts,3:src/config/types.agent-defaults.ts,3:src/infra/diagnostic-events.ts,+2
src/agents/prepared-model-runtime.hot-reload-dispatch.test.ts	1:src/auto-reply/types.ts,2:src/auto-reply/reply/dispatch-from-config.choose-route.ts,2:src/auto-reply/reply/dispatch-from-config.prepare-context.ts,2:src/auto-reply/reply-payload.ts,+29
src/agents/prepared-model-runtime.inline-defaults.test.ts	3:src/config/types.agent-defaults.ts,3:src/config/sessions/types.ts,3:src/plugins/capability-provider-runtime.ts,3:src/state/openclaw-state-db-contract.ts
src/agents/prepared-model-runtime.native-picker-failures.test.ts	2:src/config/sessions/session-accessor.ts,2:src/config/sessions/types.ts,2:src/infra/diagnostic-trace-context.ts,2:src/auto-reply/get-reply-options.types.ts,+21
src/agents/prepared-model-runtime.owner-supersession.test.ts	3:src/config/runtime-source-projection.ts,3:src/config/sessions/types.ts,3:src/config/types.agent-defaults.ts,3:src/infra/diagnostic-events.ts,+1
src/agents/prepared-model-runtime.publication-events.test.ts	3:src/infra/diagnostic-events.ts,3:src/plugins/capability-provider-runtime.ts
src/agents/prepared-model-runtime.registry-borrow.test.ts	2:src/config/runtime-source-projection.ts,3:src/config/sessions/types.ts,3:src/config/types.agent-defaults.ts,3:src/infra/diagnostic-events.ts,+4
src/agents/prepared-model-runtime.run-resources.test.ts	2:src/infra/diagnostic-events.ts,2:src/infra/kysely-sync-cache-state.ts,2:src/state/openclaw-state-db-contract.ts,2:src/state/openclaw-state-db-repair.ts,+9
src/agents/prepared-model-runtime.sources.test.ts	2:src/config/runtime-source-projection.ts,2:src/plugins/capability-provider-runtime.ts,3:src/config/types.agent-defaults.ts,3:src/plugins/plugin-module-loader-cache.ts,+8
src/agents/sandbox/docker.access-lifetime.test.ts	2:src/infra/diagnostic-events.ts,3:src/config/types.agent-defaults.ts,3:src/infra/diagnostic-trace-context.ts,3:src/infra/kysely-sync-cache-state.ts,+2
src/agents/sandbox/docker.partial-create-cleanup.test.ts	3:src/config/types.agent-defaults.ts,3:src/infra/kysely-sync-cache-state.ts,3:src/state/openclaw-state-db-contract.ts,3:src/state/openclaw-state-db-repair.ts,+1
src/agents/sandbox/fs-bridge.mounts.test.ts	3:src/config/types.agent-defaults.ts
src/agents/sandbox/registry-read.test.ts	2:src/infra/kysely-sync-cache-state.ts,2:src/state/openclaw-state-db-contract.ts,2:src/state/openclaw-state-db-repair.ts,3:src/config/runtime-source-projection.ts,+6
src/agents/sandbox/remote-fs-bridge.test.ts	3:src/plugins/tool-metadata.ts,3:src/agents/embedded-agent-runner/types.ts,3:src/sessions/user-turn-transcript.types.ts
src/agents/sandbox/remote-shell-backend.test.ts	3:src/config/types.agent-defaults.ts
src/agents/sessions/agent-session-extension-dispatch.test.ts	3:src/config/runtime-source-projection.ts,3:src/config/sessions/session-accessor.ts,3:src/sessions/user-turn-transcript.types.ts
src/agents/sessions/agent-session-models.admission.test.ts	1:src/config/sessions/session-accessor.ts,1:src/config/sessions/session-accessor.sqlite-scope.ts,2:src/config/sessions/session-accessor.sqlite-entry.ts,2:src/config/sessions/session-accessor.sqlite-owner.ts,+28
src/agents/sessions/agent-session-models.notifications.test.ts	2:src/config/sessions/session-accessor.sqlite-scope.ts,3:src/config/runtime-source-projection.ts,3:src/config/sessions/session-accessor.ts,3:src/sessions/user-turn-transcript.types.ts,+11
src/agents/sessions/agent-session-responses-eof.test.ts	3:src/config/runtime-source-projection.ts,3:src/config/sessions/session-accessor.ts,3:src/sessions/user-turn-transcript.types.ts
src/agents/sessions/agent-session-tool-result-redaction.test.ts	1:src/config/sessions/session-accessor.ts,2:src/config/sessions/session-accessor.sqlite-entry.ts,2:src/config/sessions/session-accessor.sqlite-owner.ts,2:src/config/sessions/session-accessor.sqlite-recipient-authority.ts,+47
src/agents/sessions/resource-loader.test.ts	3:src/config/runtime-source-projection.ts,3:src/config/sessions/session-accessor.ts,3:src/sessions/user-turn-transcript.types.ts
src/agents/sessions/session-manager-hydration-rejection.test.ts	2:src/state/openclaw-agent-db-identity.ts,2:src/config/sessions/session-accessor.lifecycle-types.ts,2:src/config/sessions/types.ts,2:src/sessions/user-turn-transcript.types.ts,+17
src/agents/sessions/session-manager-hydration.test.ts	1:src/config/sessions/session-accessor.ts,2:src/config/sessions/session-accessor.sqlite-entry.ts,2:src/config/sessions/session-accessor.sqlite-owner.ts,2:src/config/sessions/session-accessor.sqlite-recipient-authority.ts,+24
src/agents/sessions/session-manager-model-context-limits.test.ts	1:src/config/sessions/session-accessor.ts,2:src/config/sessions/session-accessor.sqlite-entry.ts,2:src/config/sessions/session-accessor.sqlite-owner.ts,2:src/config/sessions/session-accessor.sqlite-recipient-authority.ts,+23
src/agents/sessions/session-manager-static-notes.test.ts	1:src/config/sessions/session-accessor.ts,1:src/config/sessions/session-accessor.sqlite-scope.ts,2:src/config/sessions/session-accessor.sqlite-entry.ts,2:src/config/sessions/session-accessor.sqlite-owner.ts,+27
src/agents/sessions/session-manager-target-capture.test.ts	1:src/config/sessions/session-accessor.ts,2:src/config/sessions/session-accessor.sqlite-entry.ts,2:src/config/sessions/session-accessor.sqlite-owner.ts,2:src/config/sessions/session-accessor.sqlite-recipient-authority.ts,+14
src/agents/session-tool-result-guard.visibility.test.ts	1:src/sessions/user-turn-transcript.ts,2:src/sessions/user-turn-transcript.types.ts,2:src/config/sessions/session-accessor.ts,2:src/sessions/user-turn-transcript.metadata.ts,+12
src/agents/simple-completion-runtime.selected-model.test.ts	1:src/config/sessions/session-accessor.ts,2:src/config/sessions/session-accessor.sqlite-entry.ts,2:src/config/sessions/session-accessor.sqlite-owner.ts,2:src/config/sessions/session-accessor.sqlite-recipient-authority.ts,+22
src/agents/subagents/announce/subagent-announce-delivery.test.ts	1:src/config/sessions/session-accessor.ts,1:src/agents/internal-events.ts,1:src/infra/session-delivery-queue-storage.ts,2:src/config/sessions/artifacts.ts,+92
src/agents/subagents/announce/subagent-announce.format.e2e.test.ts	1:src/config/sessions/session-accessor.ts,1:src/config/sessions/types.ts,1:src/agents/subagents/registry/subagent-registry.ts,1:src/agents/subagents/registry/subagent-registry-read.ts,+100
src/agents/subagents/announce/subagent-announce-overrides.test-support.ts	1:src/config/sessions/session-accessor.ts,1:src/agents/subagents/announce/subagent-announce.runtime.ts,2:src/config/sessions/session-accessor.sqlite-entry.ts,2:src/config/sessions/session-accessor.sqlite-owner.ts,+33
src/agents/subagents/announce/subagent-announce.requester-settle-dispatch.test.ts	1:src/config/sessions/session-accessor.ts,1:src/process/command-queue.ts,1:src/agents/command/types.ts,1:src/agents/embedded-agent-runner/run/params.ts,+109
src/agents/subagents/announce/subagent-announce.requester-settle-ownership.test.ts	1:src/agents/subagents/registry/subagent-registry.types.ts,1:src/agents/subagents/registry/subagent-registry-read.ts,1:src/agents/subagents/announce/subagent-announce.ts,1:src/agents/subagents/announce/subagent-announce-delivery.ts,+58
src/agents/subagents/announce/subagent-announce.requester-settle-results.test.ts	2:src/agents/subagents/registry/subagent-registry-read.ts,2:src/agents/subagents/registry/subagent-registry.types.ts,2:src/config/sessions/session-accessor.ts,2:src/agents/subagents/announce/subagent-announce.runtime.ts,+32
src/agents/subagents/announce/subagent-announce.requester-settle-wake.test-support.ts	1:src/agents/subagents/registry/subagent-registry.types.ts,2:src/agents/subagents/registry/subagent-registry-read.types.ts,2:src/config/sessions/session-recipient-authority-types.ts
src/agents/subagents/completion/subagent-completion-admission.cancel-rollback.test.ts	1:src/agents/subagents/registry/subagent-registry.ts,2:src/state/openclaw-state-db-contract.ts,2:src/state/openclaw-state-db-repair.ts,2:src/tasks/task-flow-runtime-internal.ts,+59
src/agents/subagents/completion/subagent-completion-admission.store.test.ts	1:src/infra/session-delivery-queue-recovery.ts,1:src/infra/session-delivery-queue-storage.ts,1:src/infra/session-delivery-queue.records.ts,1:src/agents/subagents/registry/subagent-registry.types.ts,+67
src/agents/subagents/completion/subagent-completion-admission.task-missing.test.ts	1:src/agents/subagents/registry/subagent-registry.ts,2:src/infra/diagnostic-events.ts,2:src/infra/diagnostic-trace-context.ts,2:src/state/openclaw-state-db-contract.ts,+67
src/agents/subagents/registry/subagent-orphan-recovery.restart-integration.test.ts	1:src/config/sessions/session-accessor.ts,1:src/agents/subagents/announce/subagent-announce.ts,2:src/agents/subagents/registry/subagent-registry.types.ts,2:src/config/sessions/artifacts.ts,+85
src/agents/subagents/registry/subagent-parent-recovery.restart-integration.test.ts	1:src/config/sessions/session-accessor.ts,1:src/agents/subagents/registry/subagent-registry.types.ts,2:src/agents/subagents/announce/subagent-announce.ts,2:src/config/sessions/session-accessor.sqlite-entry.ts,+62
src/agents/subagents/registry/subagent-registry-lifecycle.test.ts	1:src/config/sessions/session-accessor.ts,1:src/agents/subagents/registry/subagent-registry-lifecycle-delivery.ts,1:src/agents/subagents/registry/subagent-registry-queries.ts,1:src/agents/subagents/registry/subagent-registry-read.ts,+82
src/agents/subagents/registry/subagent-registry-lifecycle-wake.retry.test.ts	1:src/agents/subagents/registry/subagent-registry.types.ts,1:src/agents/subagents/registry/subagent-registry-lifecycle-announce-cleanup.ts,1:src/agents/subagents/registry/subagent-registry-lifecycle-delivery.ts,2:src/agents/subagents/registry/subagent-registry-read.types.ts,+53
src/agents/subagents/registry/subagent-registry-queued-registration.test.ts	1:src/test-utils/task-registry-store.ts,1:src/agents/spawn-pipeline.ts,1:src/agents/subagents/registry/subagent-registry-run-launch.ts,1:src/agents/subagents/registry/subagent-registry.types.ts,+65
src/agents/subagents/registry/subagent-registry.store.sqlite.test.ts	1:src/agents/subagents/registry/subagent-registry.types.ts,2:src/infra/kysely-sync-cache-state.ts,2:src/state/openclaw-state-db-contract.ts,2:src/state/openclaw-state-db-repair.ts,+5
src/agents/subagents/registry/subagent-registry.test.ts	1:src/agents/subagents/registry/subagent-registry-read.ts,1:src/agents/subagents/registry/subagent-registry.types.ts,1:src/config/sessions/session-accessor.ts,1:src/agents/subagents/announce/subagent-announce.ts,+91
src/agents/subagents/registry/subagent-registry-worker.test.ts	1:src/agents/subagents/registry/subagent-registry.types.ts,2:src/config/sessions/types.ts,2:src/infra/kysely-sync-cache-state.ts,2:src/state/openclaw-state-db-contract.ts,+5
src/agents/subagents/spawn/acp-spawn.authority.test.ts	1:src/config/sessions/session-accessor.ts,2:src/tasks/task-flow-registry.store.sqlite.ts,2:src/config/sessions/session-accessor.sqlite-scope.ts,2:src/config/sessions/session-accessor.sqlite-entry.ts,+98
src/agents/subagents/spawn/subagent-spawn.in-process-gateway.test.ts	1:src/agents/subagents/registry/subagent-registry.ts,1:src/agents/subagents/spawn/subagent-spawn.ts,2:src/config/sessions/session-accessor.ts,2:src/gateway/server-methods/agent-request-types.ts,+94
src/agents/subagents/spawn/subagent-spawn.requester-incarnation.test.ts	1:src/config/sessions/session-accessor.ts,1:src/config/sessions/session-accessor.sqlite-entry-store.ts,1:src/agents/subagents/spawn/subagent-spawn.ts,2:src/agents/subagents/registry/subagent-registry.types.ts,+87
src/agents/system-prompt.cache-prefix.test.ts	1:src/agents/system-prompt.ts,2:src/auto-reply/get-reply-options.types.ts,2:src/config/types.agent-defaults.ts,2:src/agents/embedded-agent-runner/types.ts,+6
src/agents/system-prompt-messaging.test.ts	1:src/agents/system-prompt.ts,2:src/auto-reply/get-reply-options.types.ts,2:src/config/types.agent-defaults.ts,2:src/agents/embedded-agent-runner/types.ts,+6
src/agents/system-prompt-params.test.ts	3:src/config/runtime-source-projection.ts,3:src/config/types.agent-defaults.ts
src/agents/tool-loop-progress-card.test.ts	3:src/infra/diagnostic-events.ts
src/agents/tool-search-config.test.ts	3:src/config/types.agent-defaults.ts,3:src/plugins/tool-metadata.ts
src/agents/tool-search.metadata.test.ts	2:src/plugins/tool-metadata.ts,2:src/infra/secure-random.ts,2:src/agents/core-tool-factory-descriptors.ts,3:src/agents/agent-tools.before-tool-call.state.ts,+1
src/agents/tool-search-runtime.output-variants.test.ts	2:src/plugins/tool-metadata.ts,3:src/infra/diagnostic-events.ts,3:src/auto-reply/get-reply-options.types.ts,3:src/auto-reply/reply-payload.ts,+6
src/agents/tools-effective-inventory.policy.test.ts	1:src/agents/tools-effective-inventory.ts,2:src/agents/openclaw-tools.ts,2:src/agents/agent-tools.policy.ts,2:src/agents/agent-tools.ts,+14
src/agents/tools/image-generate-tool.test.ts	1:src/agents/subagents/announce/subagent-announce-delivery.ts,1:src/config/sessions/session-accessor.ts,2:src/tasks/task-flow-runtime-internal.ts,2:src/auto-reply/reply/run-provenance.ts,+52
src/agents/tools/image-tool.test.ts	2:src/plugins/capability-provider-runtime.ts,3:src/config/runtime-source-projection.ts,3:src/config/types.agent-defaults.ts,3:src/state/openclaw-agent-db-schema-helpers.ts,+4
src/agents/tools/media-tool-file-url.windows.test.ts	1:src/agents/openclaw-tools.ts,2:src/agents/openclaw-tools.continuation-run.ts,2:src/agents/openclaw-tools.continuation.ts,2:src/agents/openclaw-tools.hook-context.ts,+31
src/agents/tools/presence-tool.test.ts	3:src/infra/diagnostic-events.ts,3:src/infra/diagnostic-trace-context.ts,3:src/gateway/server-methods/agent-request-types.ts,3:src/gateway/chat-abort.types.ts,+9
src/agents/tool-surface-plan.provider-catalog.integration.test.ts	3:src/config/types.agent-defaults.ts,3:src/infra/diagnostic-events.ts,3:src/config/sessions/types.ts,3:src/infra/diagnostic-trace-context.ts,+9
src/agents/transcript-redact-reasoning.test.ts	1:src/agents/transcript-redact.ts,2:src/agents/tool-call-shared.ts,2:src/agents/transcript-redact-user-metadata.ts
src/agents/workspace-access.test.ts	2:src/sessions/user-turn-transcript.types.ts,3:src/config/sessions/types.ts
src/agents/workspace-input-attachments.test.ts	1:src/sessions/user-turn-transcript.ts,2:src/config/sessions/session-accessor.ts,2:src/sessions/user-turn-transcript.metadata.ts,2:src/sessions/user-turn-transcript.persist.ts,+8
src/agents/workspace-state-dirs.test.ts	1:src/config/sessions/session-accessor.ts,2:src/config/sessions/session-accessor.sqlite-entry.ts,2:src/config/sessions/session-accessor.sqlite-owner.ts,2:src/config/sessions/session-accessor.sqlite-recipient-authority.ts,+25
src/agents/workspace-state-read.worker.test.ts	2:src/state/openclaw-state-db-contract.ts,2:src/state/openclaw-state-db-repair.ts,2:src/config/sessions/session-accessor.ts,2:src/config/types.agent-defaults.ts,+16
src/agents/worktrees/service.hooks.test.ts	2:src/state/openclaw-state-db-contract.ts,2:src/state/openclaw-state-db-repair.ts,3:src/infra/diagnostic-events.ts,3:src/infra/diagnostic-trace-context.ts,+5
src/auto-reply/reply/commands-acp.channels.test-support.ts	3:src/infra/diagnostic-events.ts,3:src/config/sessions/session-accessor.ts,3:src/plugins/session-entry-slot-keys.ts,3:src/plugins/registry-api.ts
src/auto-reply/reply/commands-acp.test.ts	1:src/test-utils/task-registry-store.ts,1:src/config/sessions/session-accessor.ts,2:src/config/sessions/types.ts,2:src/tasks/task-flow-registry.records.ts,+41
src/auto-reply/reply/dispatch-acp.test-support.ts	2:src/auto-reply/types.ts,2:src/infra/diagnostic-events.ts,2:src/infra/secure-random.ts,2:src/logging/diagnostic.ts,+18
src/auto-reply/reply/dispatch-acp.test.ts	1:src/config/sessions/session-accessor.ts,1:src/sessions/user-turn-transcript.ts,1:src/auto-reply/get-reply-options.types.ts,1:src/auto-reply/reply-payload.ts,+44
src/auto-reply/reply/dispatch-from-config.abort-and-dedupe.test-utils.ts	1:src/auto-reply/types.ts,2:src/auto-reply/get-reply-options.types.ts,2:src/auto-reply/reply-payload.ts,2:src/config/sessions/session-accessor.sqlite-entry.ts,+25
src/auto-reply/reply/dispatch-from-config.acp-abort.test.ts	1:src/auto-reply/reply/reply-run-registry.ts,1:src/auto-reply/reply/reply-run-registry.registry.ts,2:src/config/sessions/types.ts,2:src/auto-reply/reply-payload.ts,+33
src/auto-reply/reply/dispatch-from-config.owner-settlement.test.ts	1:src/auto-reply/types.ts,1:src/auto-reply/reply/reply-run-registry.registry.ts,1:src/auto-reply/reply/reply-run-registry.ts,2:src/auto-reply/get-reply-options.types.ts,+35
src/auto-reply/reply/dispatch-from-config.reply-dispatch.test.ts	1:src/auto-reply/reply-payload.ts,1:src/auto-reply/types.ts,1:src/auto-reply/reply/reply-run-registry.ts,1:src/auto-reply/reply/reply-run-registry.registry.ts,+36
src/auto-reply/reply/dispatch-from-config.shared.test-harness.ts	1:src/auto-reply/types.ts,1:src/config/sessions/session-accessor.sqlite-entry.ts,1:src/logging/diagnostic.ts,1:src/config/sessions/session-accessor.ts,+45
src/auto-reply/reply/dispatch-from-config.test-harness.ts	1:src/auto-reply/types.ts,1:src/auto-reply/reply/reply-run-registry.ts,2:src/config/sessions/types.ts,2:src/auto-reply/reply-payload.ts,+38
src/auto-reply/reply/dispatch-from-config.tts.test-support.ts	1:src/auto-reply/types.ts,2:src/auto-reply/get-reply-options.types.ts,2:src/auto-reply/reply-payload.ts,3:src/config/types.agent-defaults.ts,+1
src/auto-reply/reply/reply-turn-admission.database-claim.test.ts	1:src/config/sessions/session-accessor.sqlite-entry.ts,1:src/auto-reply/reply/reply-run-registry.ts,2:src/config/sessions/session-accessor.sqlite-entry-store.ts,2:src/config/sessions/session-accessor.sqlite-scope.ts,+27
src/auto-reply/reply/restart-recovery-claim.lifecycle.test.ts	1:src/config/sessions/session-accessor.ts,1:src/config/sessions/types.ts,1:src/auto-reply/reply/agent-runner-core.ts,1:src/auto-reply/reply/reply-run-registry.ts,+45
src/boards/sqlite-board-store.outcomes.test.ts	2:src/config/sessions/session-accessor.sqlite-entry.ts,2:src/config/sessions/types.ts,2:src/state/openclaw-agent-db-contract.ts,2:src/state/openclaw-agent-db-identity.ts,+22
src/boards/sqlite-board-store.worker.test.ts	2:src/config/sessions/session-accessor.sqlite-entry.ts,2:src/config/sessions/types.ts,2:src/infra/kysely-sync-cache-state.ts,2:src/state/openclaw-agent-db-contract.ts,+23
src/channels/message/ingress-queue.claim-ownership.test.ts	3:src/state/openclaw-state-db-contract.ts,3:src/infra/kysely-sync-cache-state.ts,3:src/state/openclaw-state-db-repair.ts
src/channels/plugins/acp-stateful-target-driver.test.ts	1:src/gateway/session-reset-service.ts,2:src/config/sessions/types.ts,2:src/auto-reply/continuation/session-reset.ts,2:src/auto-reply/reply/session-reset-cleanup.ts,+47
src/claws/lifecycle-remove-ownership.test.ts	2:src/infra/kysely-sync-cache-state.ts,2:src/state/openclaw-state-db-contract.ts,2:src/state/openclaw-state-db-schema-additive.ts,2:src/state/openclaw-agent-db-contract.ts,+17
src/claws/lifecycle-state-takeover.test.ts	2:src/state/openclaw-state-db-contract.ts,2:src/state/openclaw-state-db-schema-additive.ts,2:src/state/openclaw-state-db-repair.ts,3:src/infra/kysely-sync-cache-state.ts,+8
src/cli/capability-cli.test.ts	2:src/config/sessions/types.ts,2:src/config/types.agent-defaults.ts,2:src/plugins/capability-provider-runtime.ts,3:src/config/runtime-source-projection.ts,+8
src/cli/cli-process-child.test-helpers.ts	3:test/vitest/vitest.database-worker-core-paths.mjs
src/cli/config-cli.integration.test.ts	2:src/state/openclaw-state-db-contract.ts,2:src/infra/kysely-sync-cache-state.ts,2:src/state/openclaw-state-db-repair.ts,3:src/config/runtime-source-projection.ts,+4
src/cli/config-cli.json-output.test-support.ts	3:src/config/types.agent-defaults.ts
src/cli/config-cli.test.ts	2:src/config/types.agent-defaults.ts,2:src/plugins/plugin-module-loader-cache.ts,3:src/config/zod-schema.agent-defaults-base.ts,3:src/config/runtime-source-projection.ts,+1
src/cli/cron-cli/register.cron-options.test.ts	3:src/config/sessions/types.ts
src/cli/daemon-cli/lifecycle.restart-intent.test.ts	2:src/state/openclaw-state-db-contract.ts,2:src/infra/kysely-sync-cache-state.ts,2:src/state/openclaw-state-db-task-delivery-recovery.ts,2:src/state/openclaw-state-db-repair.ts,+3
src/cli/doctor-output.process.test.ts	1:src/state/openclaw-state-db-contract.ts,2:src/state/openclaw-agent-db-contract.ts,2:src/state/openclaw-agent-db-identity.ts,2:src/state/openclaw-agent-db-lifecycle.ts,+10
src/cli/failure-output.contention.test.ts	2:src/state/openclaw-state-db-contract.ts
src/cli/gateway-backed-exit-health.process.test.ts	2:src/config/sessions/session-accessor.sqlite-entry.ts,2:src/infra/diagnostic-events.ts,2:src/infra/diagnostic-trace-context.ts,2:src/state/openclaw-state-db-contract.ts,+10
src/cli/gateway-cli/qa-parent-watchdog.test.ts	3:src/infra/diagnostic-events.ts
src/cli/gateway-cli/run-loop.forced-cron.test-support.ts	2:src/gateway/server.ts,3:src/process/command-queue.ts,3:src/auto-reply/reply-payload.ts,3:src/infra/heartbeat-wake.ts,+8
src/cli/gateway-cli/run.supervised-lock.test.ts	2:src/state/openclaw-state-db-contract.ts,3:src/infra/diagnostic-events.ts,3:src/gateway/server.ts
src/cli/gateway-service-capability.process.test.ts	1:src/state/openclaw-state-db-contract.ts,2:src/state/openclaw-state-db-repair.ts,3:src/state/openclaw-agent-db-contract.ts,3:src/state/openclaw-agent-db-lifecycle.ts,+3
src/cli/native-hook-relay-cli.import-boundary.test.ts	1:test/helpers/source-import-closure.ts,3:src/infra/diagnostic-events.ts,3:src/sessions/user-turn-transcript.types.ts
src/cli/run-main.cleanup.test.ts	2:src/config/sessions/types.ts,2:src/infra/diagnostic-trace-context.ts,2:src/auto-reply/get-reply-options.types.ts,2:src/agents/embedded-agent-runner/compact.types.ts,+21
src/cli/skills-cli.curator.test.ts	2:src/infra/diagnostic-events.ts,3:src/config/sessions/types.ts,3:src/config/types.agent-defaults.ts,3:src/state/openclaw-state-db-contract.ts,+3
src/cli/skills-cli.sag.process.test.ts	3:src/state/openclaw-agent-db-contract.ts,3:src/state/openclaw-agent-db-lifecycle.ts,3:src/state/openclaw-state-db-contract.ts,3:src/state/openclaw-state-db-repair.ts,+1
src/cli/skills-cli.workshop-cache.test.ts	2:src/config/sessions/types.ts,2:src/config/types.agent-defaults.ts,3:src/state/openclaw-agent-db-schema-helpers.ts,3:src/state/openclaw-agent-db-lifecycle.ts,+6
src/cli/skills-cli.workshop.test.ts	2:src/config/sessions/types.ts,2:src/config/types.agent-defaults.ts,3:src/state/openclaw-agent-db-schema-helpers.ts,3:src/state/openclaw-agent-db-lifecycle.ts,+5
src/cli/update-cli/update-command-admission-schema.test.ts	2:src/state/openclaw-state-db-contract.ts,2:src/infra/kysely-sync-cache-state.ts,2:src/state/openclaw-state-db-task-delivery-recovery.ts,2:src/state/openclaw-state-db-repair.ts,+1
src/cli/update-cli/update-command-database-rollback.test.ts	2:src/config/runtime-source-projection.ts,2:src/state/openclaw-state-db-contract.ts,2:src/state/openclaw-state-db-repair.ts,3:src/config/types.agent-defaults.ts,+3
src/cli/update-cli/update-command-doctor-authority-callers.test.ts	2:src/state/openclaw-state-db-contract.ts,2:src/infra/kysely-sync-cache-state.ts,2:src/state/openclaw-state-db-repair.ts,3:src/config/runtime-source-projection.ts,+7
src/cli/update-cli/update-command-finalize-refusal.test.ts	2:src/state/openclaw-state-db-contract.ts,2:src/infra/kysely-sync-cache-state.ts,2:src/state/openclaw-state-db-repair.ts,3:src/infra/diagnostic-events.ts,+5
src/cli/update-cli/update-command-fresh-preview.test.ts	1:src/state/openclaw-state-db-contract.ts,2:src/state/openclaw-state-db-repair.ts,3:src/infra/kysely-sync-cache-state.ts,3:src/state/openclaw-state-db-task-delivery-recovery.ts,+3
src/cli/update-cli/update-command-initialization.test.ts	2:src/state/openclaw-agent-db-contract.ts,2:src/state/openclaw-state-db-contract.ts,2:src/state/openclaw-state-db-repair.ts,3:src/infra/diagnostic-events.ts,+5
src/cli/update-cli/update-command-lifecycle.test-support.ts	3:src/infra/kysely-sync-cache-state.ts,3:src/state/openclaw-state-db-contract.ts,3:src/state/openclaw-state-db-task-delivery-recovery.ts
src/cli/update-cli/update-command-migrated-windows.test.ts	1:src/state/openclaw-state-db-contract.ts,2:src/state/openclaw-state-db-repair.ts,3:src/config/types.agent-defaults.ts,3:src/infra/kysely-sync-cache-state.ts,+2
src/cli/update-cli/update-command-mutable-signals.test.ts	2:src/state/openclaw-state-db-contract.ts,2:src/state/openclaw-state-db-repair.ts,3:test/vitest/vitest.database-worker-core-paths.mjs,3:src/infra/kysely-sync-cache-state.ts,+2
src/cli/update-cli/update-command-run.test.ts	2:src/state/openclaw-state-db-contract.ts,2:src/infra/kysely-sync-cache-state.ts,2:src/state/openclaw-state-db-task-delivery-recovery.ts,2:src/state/openclaw-state-db-repair.ts,+3
src/cli/update-cli/update-command-service-maintenance-identity.test.ts	3:src/infra/diagnostic-events.ts,3:src/state/openclaw-state-db-contract.ts
src/cli/update-cli/update-command-service-maintenance.test.ts	3:src/state/openclaw-state-db-contract.ts,3:src/infra/kysely-sync-cache-state.ts,3:src/state/openclaw-state-db-task-delivery-recovery.ts,3:src/config/runtime-source-projection.ts
src/cli/update-cli/update-command-service-publication.test.ts	2:src/state/openclaw-state-db-contract.ts,2:src/state/openclaw-state-db-repair.ts,3:src/infra/diagnostic-events.ts,3:src/infra/kysely-sync-cache-state.ts,+2
src/cli/update-cli/update-command-service-recovery.test-support.ts	2:src/state/openclaw-state-db-contract.ts,3:src/config/runtime-source-projection.ts,3:src/config/types.agent-defaults.ts,3:src/config/sessions/session-accessor.sqlite-entry.ts,+4
src/cli/update-cli/update-command-task-delivery.test.ts	1:src/state/openclaw-state-db-contract.ts,2:src/state/openclaw-state-db-repair.ts,3:src/infra/kysely-sync-cache-state.ts,3:src/state/openclaw-state-db-task-delivery-recovery.ts,+1
src/cli/update-cli/update-command-transport.test-support.ts	3:src/state/openclaw-state-db-contract.ts
src/commands/agent.acp.test.ts	1:src/config/sessions/session-accessor.ts,2:src/agents/subagents/announce/subagent-announce.ts,2:src/config/runtime-source-projection.ts,2:src/config/sessions/session-accessor.sqlite-entry.ts,+47
src/commands/agent-exec-input.test.ts	3:src/config/runtime-source-projection.ts
src/commands/agent-exec.test.ts	1:src/agents/command/types.ts,2:src/agents/internal-events.ts,2:src/auto-reply/get-reply-options.types.ts,2:src/auto-reply/types.ts,+23
src/commands/agent.test.ts	1:src/config/sessions/session-accessor.ts,1:src/config/sessions/types.ts,2:src/agents/subagents/announce/subagent-announce.ts,2:src/agents/command/attempt-execution.ts,+73
src/commands/agent-via-gateway.test-support.ts	3:src/infra/diagnostic-events.ts,3:src/state/openclaw-state-db-contract.ts
src/commands/agent-via-gateway.test.ts	2:src/state/openclaw-state-db-contract.ts,2:src/config/runtime-source-projection.ts,3:src/infra/diagnostic-events.ts,3:src/config/types.agent-defaults.ts,+5
src/commands/cleanup-utils.handle-exclusion.test.ts	2:src/state/openclaw-state-db-contract.ts,2:src/state/openclaw-state-db-repair.ts,3:src/infra/kysely-sync-cache-state.ts,3:src/state/openclaw-state-db-schema-additive.ts,+2
src/commands/cleanup-utils.test.ts	3:src/config/runtime-source-projection.ts,3:src/config/types.agent-defaults.ts,3:src/infra/diagnostic-events.ts,3:src/state/openclaw-state-db-contract.ts,+2
src/commands/doctor-agent-database-order.process.test.ts	1:src/state/openclaw-agent-db-contract.ts,2:src/infra/kysely-sync-cache-state.ts,2:src/state/openclaw-state-db-contract.ts,2:src/state/openclaw-state-db-repair.ts,+3
src/commands/doctor-agent-memory-schema.test.ts	2:src/state/openclaw-agent-db-existing-write.ts,2:src/state/openclaw-state-db-contract.ts,2:src/state/openclaw-state-db-schema-additive.ts,2:src/state/openclaw-agent-db-contract.ts,+12
src/commands/doctor-config-preflight.process.test-support.test.ts	3:src/state/openclaw-agent-db-contract.ts,3:src/state/openclaw-agent-db-lifecycle.ts,3:src/state/openclaw-state-db-contract.ts,3:src/state/openclaw-state-db-repair.ts
src/commands/doctor-config-preflight.process.test-support.ts	2:src/state/openclaw-agent-db-contract.ts,2:src/state/openclaw-agent-db-lifecycle.ts,2:src/state/openclaw-state-db-contract.ts,2:src/state/openclaw-state-db-repair.ts,+5
src/commands/doctor-config-preflight.test-support.ts	3:src/infra/diagnostic-events.ts,3:src/infra/kysely-sync-cache-state.ts
src/commands/doctor-heartbeat-cadence-migration.test.ts	2:src/state/openclaw-state-db-contract.ts,2:src/state/openclaw-state-db-repair.ts,3:src/config/types.agent-defaults.ts,3:src/config/sessions/types.ts,+3
src/commands/doctor-lint.state-isolation.test.ts	2:src/state/openclaw-agent-db-schema-helpers.ts,2:src/state/openclaw-state-db-contract.ts,2:src/infra/kysely-sync-cache-state.ts,2:src/state/openclaw-state-db-repair.ts,+19
src/commands/doctor-lint.test.ts	2:src/state/openclaw-state-db-contract.ts,2:src/infra/kysely-sync-cache-state.ts,3:src/config/types.agent-defaults.ts,3:src/plugins/plugin-module-loader-cache.ts,+7
src/commands/doctor-maintenance.admission.test-support.ts	2:src/infra/kysely-sync-cache-state.ts,2:src/state/openclaw-state-db-contract.ts,3:src/state/openclaw-state-db-task-delivery-recovery.ts
src/commands/doctor-maintenance.finish-revalidation.test.ts	1:src/state/openclaw-state-db-contract.ts,2:src/state/openclaw-state-db-repair.ts,3:src/config/runtime-source-projection.ts,3:src/infra/diagnostic-events.ts,+3
src/commands/doctor-maintenance.foreground-update.test.ts	2:src/state/openclaw-state-db-contract.ts,2:src/state/openclaw-state-db-repair.ts,3:src/infra/diagnostic-events.ts,3:src/infra/kysely-sync-cache-state.ts,+4
src/commands/doctor-maintenance.installation.test.ts	2:src/state/openclaw-state-db-contract.ts,2:src/state/openclaw-state-db-repair.ts,3:src/infra/diagnostic-events.ts,3:src/infra/session-delivery-queue.worker-contract.ts,+5
src/commands/doctor-maintenance.native-identity.test.ts	2:src/state/openclaw-state-db-contract.ts,2:src/state/openclaw-state-db-repair.ts,3:src/infra/diagnostic-events.ts,3:src/infra/kysely-sync-cache-state.ts,+3
src/commands/doctor-maintenance.plugin-preflight.test.ts	2:src/state/openclaw-state-db-contract.ts,2:src/state/openclaw-state-db-repair.ts,3:src/config/types.agent-defaults.ts,3:src/state/openclaw-agent-db-lifecycle.ts,+11
src/commands/doctor-maintenance.schema-preflight.test.ts	1:src/state/openclaw-agent-db-contract.ts,2:src/state/openclaw-state-db-contract.ts,2:src/infra/diagnostic-events.ts,2:src/infra/diagnostic-trace-context.ts,+15
src/commands/doctor-maintenance.settlement.refusals.test.ts	2:src/state/openclaw-agent-db-existing-write.ts,2:src/state/openclaw-state-db-contract.ts,2:src/state/openclaw-state-db-schema-additive.ts,3:src/state/openclaw-agent-db-contract.ts,+5
src/commands/doctor-maintenance.settlement.test-support.ts	2:src/state/openclaw-agent-db-existing-write.ts,2:src/state/openclaw-state-db-contract.ts,2:src/state/openclaw-state-db-schema-additive.ts,2:src/state/openclaw-agent-db-contract.ts,+10
src/commands/doctor-maintenance.settlement.test.ts	2:src/state/openclaw-state-db-contract.ts,3:src/state/openclaw-agent-db-existing-write.ts,3:src/state/openclaw-state-db-schema-additive.ts,3:src/state/openclaw-agent-db-contract.ts,+3
src/commands/doctor-maintenance.state-owner.test-support.ts	2:src/state/openclaw-state-db-contract.ts
src/commands/doctor-maintenance.worker.test.ts	2:src/tasks/task-flow-registry.records.ts,2:src/tasks/task-flow-runtime-internal.ts,2:src/infra/kysely-sync-cache-state.ts,2:src/state/openclaw-state-db-contract.ts,+14
src/commands/doctor-session-sqlite.compaction.test.ts	2:src/state/openclaw-agent-db-contract.ts,2:src/state/openclaw-agent-db-identity.ts,2:src/state/openclaw-agent-db-lifecycle.ts,2:src/state/openclaw-agent-db-schema-helpers.ts,+14
src/commands/doctor-session-sqlite.retirement-disposal.test.ts	2:src/config/sessions/artifacts.ts,3:src/config/types.agent-defaults.ts,3:src/state/openclaw-state-db-contract.ts,3:src/config/sessions/types.ts,+9
src/commands/doctor/shared/missing-configured-plugin-install.test-helpers.ts	2:src/infra/kysely-sync-cache-state.ts,2:src/state/openclaw-state-db-contract.ts,3:src/plugins/plugin-module-loader-cache.ts
src/commands/doctor-skill-workshop-coordination.test.ts	2:src/state/openclaw-state-db-contract.ts,2:src/state/openclaw-state-db-repair.ts,3:src/config/types.agent-defaults.ts,3:src/infra/kysely-sync-cache-state.ts,+4
src/commands/doctor-sqlite-maintenance-lock.test.ts	3:src/infra/diagnostic-events.ts,3:src/state/openclaw-state-db-contract.ts
src/commands/models/list.probe.resources.test.ts	1:src/config/sessions/session-accessor.ts,2:src/state/openclaw-agent-db-schema-helpers.ts,2:src/config/sessions/types.ts,2:src/infra/diagnostic-trace-context.ts,+51
src/commands/sessions-tail.test.ts	1:src/config/sessions/session-accessor.ts,1:src/config/sessions/types.ts,2:src/config/sessions/session-accessor.sqlite-entry.ts,2:src/config/sessions/session-accessor.sqlite-owner.ts,+26
src/commands/startup-plugin-source-captures.test.ts	2:src/state/openclaw-state-db-contract.ts,3:src/config/types.agent-defaults.ts,3:src/infra/diagnostic-events.ts,3:src/config/runtime-source-projection.ts,+8
src/config/io.read-helpers.test.ts	3:src/config/types.agent-defaults.ts
src/config/sessions/session-accessor.sqlite-creation-worker.test.ts	1:src/state/openclaw-agent-db-identity.ts,1:src/config/sessions/session-accessor.sqlite-entry-store.ts,1:src/config/sessions/session-accessor.sqlite-scope.ts,1:src/config/sessions/session-sharing-store.native.ts,+33
src/config/sessions/session-accessor.sqlite-maintenance-worker.test.ts	1:src/state/openclaw-agent-db-identity.ts,1:src/config/sessions/session-accessor.ts,1:src/config/sessions/session-accessor.sqlite-entry.ts,2:src/config/sessions/types.ts,+25
src/config/sessions/session-accessor.sqlite-mutation-worker.runtime.test.ts	1:src/infra/kysely-sync-cache-state.ts,1:src/state/openclaw-agent-db-identity.ts,1:src/state/openclaw-agent-db-lifecycle.ts,2:src/state/openclaw-agent-db-contract.ts,+19
src/config/sessions/session-accessor.sqlite-reclamation-worker.test.ts	1:src/config/sessions/session-accessor.sqlite-entry-store.ts,1:src/config/sessions/session-accessor.sqlite-entry.ts,2:src/infra/diagnostic-events.ts,2:src/infra/diagnostic-trace-context.ts,+23
src/config/sessions/session-accessor.sqlite-replacement-worker.test.ts	1:src/state/openclaw-agent-db-identity.ts,1:src/config/sessions/session-accessor.sqlite-entry-store.ts,2:src/config/sessions/types.ts,2:src/infra/kysely-sync-cache-state.ts,+22
src/config/sessions/session-accessor.sqlite-worker-coordination.test.ts	2:src/infra/kysely-sync-cache-state.ts,2:src/state/openclaw-state-db-contract.ts,2:src/state/openclaw-state-db-repair.ts,3:src/state/openclaw-state-db-schema-additive.ts,+6
src/config/sessions/session-accessor.sqlite-worker-coordination.worker.test-support.mjs	2:src/state/openclaw-state-db-contract.ts,2:src/state/openclaw-agent-db-existing-write.ts,2:src/state/openclaw-state-db-schema-additive.ts,2:src/state/openclaw-state-db-repair.ts,+8
src/config/sessions/session-entry-readonly.worker.test.ts	1:src/state/openclaw-agent-db-lifecycle.ts,1:src/config/sessions/session-accessor.sqlite-entry-read.ts,1:src/config/sessions/session-accessor.sqlite-entry-store.ts,1:src/config/sessions/session-accessor.sqlite-entry.ts,+22
src/config/sessions/session-history-archive-pruning.admission.test.ts	1:src/config/sessions/session-accessor.sqlite-entry.ts,1:src/config/sessions/session-accessor.sqlite-lifecycle.ts,1:src/config/sessions/session-accessor.sqlite-scope.ts,2:src/state/openclaw-state-db-contract.ts,+25
src/config/sessions/session-history-eviction.lifecycle-contention.test.ts	2:src/state/openclaw-agent-db-contract.ts,2:src/state/openclaw-agent-db-identity.ts,2:src/state/openclaw-agent-db-lifecycle.ts,2:src/state/openclaw-agent-db-schema-helpers.ts,+22
src/config/sessions/session-sharing-store.test.ts	1:src/config/sessions/session-accessor.ts,1:src/config/sessions/session-sharing-store.native.ts,2:src/config/sessions/types.ts,2:src/state/openclaw-agent-db-contract.ts,+25
src/config/sessions/session-sharing-store.worker.test.ts	1:src/gateway/server-methods/sessions-sharing.ts,1:src/state/openclaw-agent-db-identity.ts,1:src/config/sessions/session-accessor.ts,2:src/config/sessions/types.ts,+30
src/config/sessions/session-transcript-match.worker.test.ts	1:src/config/sessions/session-accessor.ts,2:src/agents/subagents/registry/subagent-registry.types.ts,2:src/agents/subagents/announce/subagent-announce.runtime.ts,2:src/state/openclaw-agent-db-contract.ts,+31
src/config/sessions/session-transcript-reconcile.bootstrap.test.ts	2:src/state/openclaw-state-db-contract.ts,2:src/state/openclaw-agent-db-contract.ts,2:src/state/openclaw-agent-db-identity.ts,2:src/state/openclaw-agent-db-lifecycle.ts,+12
src/config/sessions/session-transcript-reconcile.close-failure.test-support.mjs	3:src/infra/kysely-sync-cache-state.ts,3:src/state/openclaw-agent-db-existing-write.ts,3:src/state/openclaw-state-db-contract.ts,3:src/state/openclaw-state-db-schema-additive.ts,+4
src/config/sessions/session-transcript-reconcile.foreign-owner.test-support.mjs	2:src/state/openclaw-state-db-contract.ts,2:src/state/openclaw-agent-db-existing-write.ts,2:src/state/openclaw-state-db-schema-additive.ts,2:src/state/openclaw-state-db-repair.ts,+5
src/config/sessions/session-transcript-reconcile.lifecycle-phases.test.ts	2:src/state/openclaw-state-db-contract.ts,2:src/state/openclaw-agent-db-existing-write.ts,2:src/state/openclaw-state-db-schema-additive.ts,2:src/state/openclaw-agent-db-contract.ts,+12
src/config/sessions/session-transcript-reconcile-pool.test.ts	1:src/config/sessions/session-accessor.ts,2:src/state/openclaw-state-db-contract.ts,2:src/state/openclaw-agent-db-contract.ts,2:src/state/openclaw-agent-db-identity.ts,+24
src/config/sessions/session-transcript-reconcile.publication.test.ts	2:src/config/sessions/types.ts,2:src/state/openclaw-agent-db-contract.ts,2:src/state/openclaw-agent-db-identity.ts,2:src/state/openclaw-agent-db-lifecycle.ts,+29
src/config/sessions/session-transcript-reconcile.sql-observer.test-support.ts	3:src/infra/kysely-sync-cache-state.ts
src/config/sessions/session-transcript-search.worker.test.ts	2:src/infra/kysely-sync-cache-state.ts,2:src/state/openclaw-agent-db-contract.ts,2:src/state/openclaw-agent-db-identity.ts,2:src/state/openclaw-agent-db-lifecycle.ts,+19
src/cron/isolated-agent/session.preparation.test.ts	1:src/config/sessions/session-accessor.sqlite-entry-store.ts,1:src/config/sessions/session-accessor.sqlite-entry.ts,1:src/state/openclaw-agent-db-lifecycle.ts,2:src/config/sessions/session-accessor.sqlite-entry-read.ts,+27
src/cron/service/ops.mutation-completion.test.ts	2:src/process/command-queue.ts,2:src/state/openclaw-state-db-contract.ts,2:src/state/openclaw-state-db-repair.ts,2:src/state/openclaw-agent-db-lifecycle.ts,+13
src/cron/service.read-ops-nonblocking.test.ts	2:src/state/openclaw-agent-db-lifecycle.ts,2:src/state/openclaw-state-db-contract.ts,2:src/config/sessions/types.ts,2:src/state/openclaw-state-db-repair.ts,+14
src/cron/service/run-admission.responsiveness.test.ts	2:src/process/command-queue.ts,2:src/state/openclaw-state-db-contract.ts,3:src/state/openclaw-agent-db-lifecycle.ts,3:src/auto-reply/reply-payload.ts,+9
src/cron/store.readonly-worker-cleanup.test.ts	2:src/infra/kysely-sync-cache-state.ts,2:src/state/openclaw-state-db-contract.ts,2:src/state/openclaw-state-db-repair.ts,3:src/infra/diagnostic-events.ts,+9
src/cron/store.readonly-worker.test.ts	2:src/state/openclaw-state-db-contract.ts,2:src/state/openclaw-state-db-repair.ts,2:src/config/sessions/types.ts,3:src/infra/kysely-sync-cache-state.ts,+9
src/cron/store.worker.test.ts	2:src/state/openclaw-state-db-contract.ts,2:src/state/openclaw-state-db-repair.ts,2:src/config/sessions/types.ts,3:src/infra/kysely-sync-cache-state.ts,+11
src/daemon/schtasks-owner-publication.test.ts	2:src/state/openclaw-state-db-contract.ts,3:src/infra/diagnostic-events.ts,3:src/infra/kysely-sync-cache-state.ts,3:src/state/openclaw-state-db-repair.ts
src/daemon/schtasks.stop.test-support.ts	2:src/state/openclaw-state-db-contract.ts,3:src/infra/diagnostic-events.ts,3:src/infra/kysely-sync-cache-state.ts,3:src/state/openclaw-state-db-repair.ts
src/fleet/registry-read.test.ts	2:src/state/openclaw-state-db-contract.ts,2:src/state/openclaw-state-db-repair.ts,3:src/infra/kysely-sync-cache-state.ts,3:src/agents/subagents/registry/subagent-registry-read.types.ts,+4
src/flows/doctor-health.managed.test-support.ts	2:src/state/openclaw-state-db-contract.ts,2:src/config/sessions/session-accessor.sqlite-scope.ts,2:src/state/openclaw-agent-db-contract.ts,2:src/state/openclaw-agent-db-lifecycle.ts,+19
src/flows/doctor-health.migration-refusal.test.ts	2:src/state/openclaw-state-db-contract.ts,2:src/infra/diagnostic-events.ts,2:src/infra/diagnostic-trace-context.ts,2:src/state/openclaw-agent-db-existing-write.ts,+14
src/flows/doctor-health.test.ts	1:src/state/openclaw-agent-participants-migration.ts,2:src/state/openclaw-state-db-contract.ts,2:src/commands/doctor-session-canonical-keys.ts,2:src/state/openclaw-agent-db-contract.ts,+23
src/flows/doctor-plugin-source-captures.test.ts	2:src/state/openclaw-state-db-contract.ts
src/flows/doctor-retained-runtime.test.ts	3:src/infra/diagnostic-events.ts,3:src/state/openclaw-state-db-contract.ts
src/gateway/agent-turn/agent-content-phase.test.ts	1:src/config/sessions/session-accessor.ts,2:src/config/sessions/session-accessor.sqlite-entry.ts,2:src/config/sessions/session-accessor.sqlite-owner.ts,2:src/config/sessions/session-accessor.sqlite-recipient-authority.ts,+28
src/gateway/agent-turn/agent-run-dispatch.sqlite.test.ts	1:src/tasks/task-flow-registry.store.sqlite.ts,2:src/infra/kysely-sync-cache-state.ts,2:src/state/openclaw-state-db-contract.ts,2:src/state/openclaw-state-db-repair.ts,+29
src/gateway/agent-turn/agent-run-task-tracking.test.ts	1:src/agents/subagents/registry/subagent-registry.types.ts,1:src/config/sessions/types.ts,1:src/agents/subagents/registry/subagent-registry-read.ts,1:src/agents/subagents/registry/subagent-registry.ts,+63
src/gateway/control-ui-session-pr-access.test.ts	1:src/config/sessions/types.ts,2:src/config/sessions/artifacts.ts,2:src/config/sessions/session-accessor.ts,2:src/shared/inline-attachments.ts,+33
src/gateway/event-web-push.storage-scope.test.ts	2:src/infra/kysely-sync-cache-state.ts,2:src/state/openclaw-state-db-contract.ts,2:src/state/openclaw-agent-db-lifecycle.ts,3:src/state/openclaw-state-db-repair.ts,+17
src/gateway/exec-approval-manager.expiry.test.ts	2:src/infra/kysely-sync-cache-state.ts,2:src/state/openclaw-state-db-contract.ts,3:src/state/openclaw-state-db-repair.ts,3:src/infra/session-delivery-queue.worker-contract.ts
src/gateway/managed-image-attachments.test-support.ts	1:src/auto-reply/reply-payload.ts,1:src/config/sessions/session-accessor.ts,2:src/state/openclaw-agent-db-contract.ts,2:src/state/openclaw-agent-db-identity.ts,+35
src/gateway/managed-image-attachments.worker-custody.test.ts	2:src/infra/kysely-sync-cache-state.ts,2:src/state/openclaw-state-db-contract.ts,2:src/auto-reply/reply-payload.ts,2:src/infra/delivery-queue-sqlite.ts,+18
src/gateway/managed-image-record-store.test.ts	2:src/infra/kysely-sync-cache-state.ts,2:src/state/openclaw-state-db-contract.ts,2:src/state/openclaw-state-db-repair.ts,3:src/state/openclaw-state-db-schema-additive.ts,+2
src/gateway/mcp-http.keepalive.test.ts	1:src/gateway/tool-resolution.ts,2:src/config/runtime-source-projection.ts,2:src/agents/agent-tools.before-tool-call.state.ts,2:src/agents/agent-tools.before-tool-call.wrapper.ts,+27
src/gateway/node-registry-pairing.test.ts	3:src/infra/diagnostic-events.ts,3:src/infra/diagnostic-trace-context.ts
src/gateway/node-registry.presence.test.ts	3:src/infra/diagnostic-events.ts,3:src/infra/diagnostic-trace-context.ts
src/gateway/node-registry.test.ts	1:src/infra/diagnostic-events.ts,2:src/infra/diagnostic-trace-context.ts,3:src/infra/diagnostic-trace-context-pure.ts,3:src/config/types.agent-defaults.ts
src/gateway/node-registry.ws-lifecycle.test.ts	3:src/infra/diagnostic-events.ts,3:src/infra/diagnostic-trace-context.ts
src/gateway/operator-run-authority.worker.test.ts	2:src/gateway/server-methods/agent-request-types.ts,3:src/infra/kysely-sync-cache-state.ts,3:src/config/types.agent-defaults.ts,3:src/state/openclaw-state-db-contract.ts,+10
src/gateway/provider-auth-account-relogin.persistence.integration.test.ts	1:src/config/sessions/types.ts,2:src/config/sessions/session-accessor.ts,2:src/shared/inline-attachments.ts,2:src/config/sessions/session-recipient-authority-types.ts,+11
src/gateway/server-agent-database-startup.test.ts	1:src/config/sessions/session-accessor.ts,2:src/config/runtime-source-projection.ts,2:src/config/sessions/session-accessor.sqlite-entry.ts,2:src/config/sessions/session-accessor.sqlite-owner.ts,+47
src/gateway/server.agent-metadata-read-authority.test.ts	1:src/config/sessions/session-accessor.ts,2:src/config/sessions/types.ts,2:src/config/sessions/session-accessor.sqlite-entry.ts,2:src/config/sessions/session-accessor.sqlite-owner.ts,+41
src/gateway/server.auth.presence-audience.test.ts	1:src/config/sessions/session-accessor.ts,2:src/config/sessions/session-accessor.sqlite-entry.ts,2:src/config/sessions/session-accessor.sqlite-owner.ts,2:src/config/sessions/session-accessor.sqlite-recipient-authority.ts,+17
src/gateway/server.chat.acp-completion.test.ts	1:src/auto-reply/types.ts,1:src/config/sessions/session-accessor.ts,2:src/infra/diagnostic-events.ts,2:src/logging/diagnostic.ts,+34
src/gateway/server-chat.agent-events.test-helpers.ts	2:src/config/runtime-source-projection.ts,2:src/gateway/chat-abort.types.ts,2:src/auto-reply/reply-payload.ts,3:src/infra/kysely-sync-cache-state.ts,+22
src/gateway/server/client-presence.test.ts	2:src/infra/diagnostic-trace-context.ts,3:src/infra/diagnostic-events.ts,3:src/config/runtime-source-projection.ts,3:src/infra/diagnostic-trace-context-pure.ts
src/gateway/server-cron.drain.test.ts	2:src/process/command-queue.ts,2:src/state/openclaw-state-db-contract.ts,2:src/config/runtime-source-projection.ts,2:src/config/sessions/types.ts,+20
src/gateway/server-lifetime-sidecars.test.ts	2:src/state/openclaw-state-db-schema-additive.ts,2:src/state/openclaw-state-db-contract.ts,2:src/state/openclaw-state-db-repair.ts,2:src/config/sessions/types.ts,+13
src/gateway/server-methods/agent.abort-integration.test-utils.ts	2:src/agents/internal-events.ts,2:src/gateway/session-reset-service.ts,2:src/gateway/chat-abort.types.ts,2:src/auto-reply/reply/reply-run-registry.ts,+35
src/gateway/server-methods/agent.mocks.test-utils.ts	1:src/config/sessions/session-accessor.ts,1:src/sessions/user-turn-transcript.ts,1:src/agents/subagents/registry/subagent-registry-read.ts,1:src/agents/subagents/registry/subagent-registry-runtime.ts,+79
src/gateway/server-methods/agent.sessions-and-models.test-utils.ts	2:src/config/sessions/session-accessor.ts,2:src/agents/subagents/registry/subagent-registry.types.ts,2:src/agents/subagents/registry/subagent-registry.ts,2:src/agents/subagents/registry/subagent-registry-read.ts,+47
src/gateway/server-methods/agent.test-harness.ts	1:src/agents/internal-events.ts,1:src/infra/diagnostic-events.ts,2:src/config/sessions/session-accessor.ts,2:src/sessions/user-turn-transcript.ts,+72
src/gateway/server-methods/artifacts-session-resolution.test.ts	1:src/config/sessions/session-accessor.ts,2:src/config/sessions/session-accessor.sqlite-entry.ts,2:src/config/sessions/session-accessor.sqlite-owner.ts,2:src/config/sessions/session-accessor.sqlite-recipient-authority.ts,+27
src/gateway/server-methods/artifacts.task-read.test.ts	1:src/config/sessions/session-accessor.ts,2:src/config/sessions/session-accessor.sqlite-entry.ts,2:src/config/sessions/session-accessor.sqlite-owner.ts,2:src/config/sessions/session-accessor.sqlite-recipient-authority.ts,+34
src/gateway/server-methods/chat.abort-contention.test.ts	3:src/config/sessions/session-accessor.ts,3:src/agents/subagents/registry/subagent-registry.types.ts,3:src/agents/subagents/registry/subagent-registry.ts,3:src/agents/subagents/registry/subagent-registry-read.ts,+13
src/gateway/server-methods/chat-send-dispatch-errors.test.ts	1:src/config/sessions/session-accessor.ts,1:src/gateway/server-methods/chat-broadcast.ts,2:src/config/sessions/session-accessor.sqlite-entry.ts,2:src/config/sessions/session-accessor.sqlite-owner.ts,+31
src/gateway/server-methods/chat-send-retry.test.ts	3:src/infra/kysely-sync-cache-state.ts,3:src/state/openclaw-agent-db-contract.ts,3:src/state/openclaw-agent-db-identity.ts,3:src/state/openclaw-state-db-contract.ts,+3
src/gateway/server-methods-list.test.ts	3:src/gateway/server-methods/sessions-compact.ts,3:src/gateway/server-methods/sessions-sharing.ts,3:src/sessions/user-turn-transcript.types.ts,3:src/infra/diagnostic-events.ts,+3
src/gateway/server-methods/nodes.apns-registration.test.ts	2:src/config/sessions/session-accessor.ts,2:src/infra/heartbeat-wake.ts,2:src/infra/system-events.ts,3:src/state/openclaw-state-db-contract.ts,+17
src/gateway/server-methods/nodes.event.test.ts	3:src/auto-reply/reply/streaming-directives.ts,3:src/utils/directive-tags.ts,3:src/config/sessions/session-accessor.ts,3:src/infra/heartbeat-wake.ts,+2
src/gateway/server-methods.presence-activity.test.ts	2:src/gateway/server-core-runtime.ts,3:src/gateway/server-methods/sessions-compact.ts,3:src/gateway/server-methods/sessions-sharing.ts,3:src/sessions/user-turn-transcript.types.ts,+7
src/gateway/server-methods/presence.test.ts	2:src/gateway/server-core-runtime.ts,2:src/gateway/server-methods/agent-request-types.ts,3:src/infra/diagnostic-events.ts,3:src/infra/diagnostic-trace-context.ts,+7
src/gateway/server-methods/question.session-access.test.ts	1:src/config/sessions/session-accessor.ts,1:src/config/sessions/session-sharing-store.native.ts,1:src/config/sessions/types.ts,2:src/config/sessions/session-accessor.sqlite-entry.ts,+29
src/gateway/server-methods/session-discussion.test.ts	1:src/config/sessions/types.ts,1:src/infra/diagnostic-events.ts,1:src/config/sessions/session-accessor.ts,2:src/shared/inline-attachments.ts,+21
src/gateway/server-methods/session-goal-request.test.ts	2:src/state/openclaw-state-db-contract.ts,2:src/state/openclaw-state-db-repair.ts,3:src/infra/kysely-sync-cache-state.ts,3:src/state/openclaw-state-db-schema-additive.ts,+1
src/gateway/server-methods/sessions-mutations.state.test-support.ts	2:src/state/openclaw-agent-db-lifecycle.ts,2:src/config/sessions/session-accessor.ts,3:src/state/openclaw-agent-db-schema-helpers.ts,3:src/state/openclaw-agent-db-contract.ts,+12
src/gateway/server-methods/sessions-read-cache.test-support.ts	1:src/config/sessions/session-accessor.ts,1:src/config/sessions/types.ts,2:src/config/types.agent-defaults.ts,2:src/config/sessions/session-accessor.sqlite-entry.ts,+27
src/gateway/server-node-events.test-support.ts	1:src/config/sessions/types.ts,1:src/config/sessions/session-accessor.ts,1:src/infra/heartbeat-wake.ts,1:src/infra/system-events.ts,+41
src/gateway/server-node-events.test.ts	2:src/config/sessions/types.ts,2:src/config/sessions/session-accessor.ts,2:src/infra/heartbeat-wake.ts,2:src/infra/system-events.ts,+18
src/gateway/server-request-context.test-support.ts	2:src/gateway/server-runtime-handles.ts,2:src/gateway/server-core-runtime.ts,3:src/auto-reply/reply/streaming-directives.ts,3:src/utils/directive-tags.ts,+8
src/gateway/server-restart-sentinel.state-context.test.ts	1:src/config/sessions/session-accessor.ts,1:src/infra/system-events.ts,1:src/infra/heartbeat-wake.ts,1:src/gateway/server-restart-sentinel.ts,+86
src/gateway/server-runtime-subscriptions.test.ts	2:src/tasks/task-flow-registry.store.ts,2:src/test-utils/task-registry-store.ts,2:src/gateway/chat-abort.types.ts,2:src/config/sessions/session-accessor.ts,+35
src/gateway/server-session-key.test.ts	1:src/config/sessions/types.ts,2:src/shared/inline-attachments.ts,2:src/config/sessions/session-recipient-authority-types.ts,2:src/config/types.agent-defaults.ts,+18
src/gateway/server-session-lifecycle-events.test.ts	2:src/config/sessions/session-accessor.ts,2:src/config/sessions/types.ts,3:src/gateway/chat-abort.types.ts,3:src/config/runtime-source-projection.ts,+15
src/gateway/server.sessions.create.worktrees.test.ts	1:src/config/sessions/session-accessor.ts,2:src/config/sessions/session-accessor.sqlite-entry.ts,2:src/config/sessions/session-accessor.sqlite-owner.ts,2:src/config/sessions/session-accessor.sqlite-recipient-authority.ts,+48
src/gateway/server.sessions.reset-acp-authority.test.ts	1:src/config/sessions/session-accessor.ts,2:src/infra/system-events.ts,2:src/auto-reply/reply/session-reset-cleanup.ts,2:src/config/sessions/types.ts,+39
src/gateway/server.sessions-send-resume.test.ts	1:src/agents/command/types.ts,1:src/agents/subagents/registry/subagent-registry.ts,1:src/agents/tools/sessions-send-tool.ts,1:src/config/sessions/session-accessor.ts,+113
src/gateway/server.spawn-broker.test.ts	1:src/gateway/server.ts,2:src/state/openclaw-agent-db-contract.ts,2:src/gateway/server-extra-handlers.ts,2:src/infra/diagnostic-events.ts,+13
src/gateway/server.startup-recovery-webchat.test.ts	1:src/agents/subagents/registry/subagent-registry.types.ts,1:src/config/sessions/session-accessor.ts,1:src/gateway/server-kernel.ts,2:src/config/sessions/types.ts,+81
src/gateway/server.subagent-settle-replay.harness.test.ts	1:src/agents/command/types.ts,1:src/agents/subagents/registry/subagent-registry.types.ts,1:src/config/sessions/session-accessor.ts,1:src/gateway/server-kernel.ts,+91
src/gateway/server-worker-environment-startup.lazy.test.ts	2:src/state/openclaw-state-db-contract.ts,2:src/state/openclaw-state-db-repair.ts,2:src/config/sessions/session-accessor.ts,3:src/infra/kysely-sync-cache-state.ts,+12
src/gateway/server-worker-environment-startup.test.ts	2:src/state/openclaw-state-db-contract.ts,2:src/state/openclaw-state-db-repair.ts,2:src/infra/secure-random.ts,2:src/config/sessions/session-accessor.ts,+17
src/gateway/server/ws-connection/message-handler.worker.test-support.ts	3:packages/gateway-protocol/src/schema/agent.ts,3:src/infra/diagnostic-events.ts,3:src/infra/secure-random.ts,3:src/infra/diagnostic-trace-context.ts
src/gateway/server/ws-connection/message-handler.worker.test.ts	2:src/auto-reply/reply/reply-run-registry.ts,2:src/config/sessions/session-accessor.ts,2:src/process/command-queue.ts,2:src/agents/embedded-agent-runner/run/params.ts,+23
src/gateway/session-history.subagent-visibility.test.ts	1:src/config/sessions/session-accessor.ts,2:src/config/sessions/types.ts,2:src/config/sessions/session-accessor.sqlite-entry.ts,2:src/config/sessions/session-accessor.sqlite-owner.ts,+28
src/gateway/session-message-events.test.ts	1:src/agents/subagents/registry/subagent-registry.types.ts,1:src/config/sessions/session-accessor.ts,1:src/infra/secure-random.ts,2:src/agents/subagents/registry/subagent-registry-lifecycle-announce-cleanup.ts,+52
src/gateway/session-row-event-trees.test.ts	1:src/config/sessions/session-accessor.ts,2:src/agents/subagents/registry/subagent-registry.types.ts,2:src/config/sessions/artifacts.ts,2:src/config/sessions/types.ts,+27
src/gateway/session-row-projection.entry-placement.test.ts	1:src/config/sessions/session-accessor.sqlite-entry.ts,2:src/config/sessions/session-accessor.lifecycle.ts,2:src/config/sessions/session-accessor.sqlite-owner.ts,2:src/config/sessions/session-accessor.sqlite-scope.ts,+27
src/gateway/session-row-projection.incognito.test.ts	1:src/config/sessions/session-accessor.ts,2:src/config/sessions/types.ts,2:src/config/sessions/session-accessor.sqlite-entry.ts,2:src/config/sessions/session-accessor.sqlite-owner.ts,+31
src/gateway/session-row-projection.test.ts	1:src/config/sessions/session-accessor.ts,2:src/config/sessions/artifacts.ts,2:src/config/sessions/session-accessor.sqlite-entry.ts,2:src/config/sessions/session-accessor.sqlite-owner.ts,+35
src/gateway/session-row-projection.topology.test.ts	1:src/config/sessions/session-accessor.ts,2:src/config/sessions/artifacts.ts,2:src/config/sessions/session-accessor.sqlite-entry.ts,2:src/config/sessions/session-accessor.sqlite-owner.ts,+34
src/gateway/session-sharing-preparation.creation-settlement.test.ts	1:src/config/sessions/session-accessor.sqlite-entry-store.ts,2:src/config/sessions/session-accessor.lifecycle.ts,2:src/config/sessions/session-accessor.sqlite-owner.ts,2:src/config/sessions/session-accessor.sqlite-entry.ts,+30
src/gateway/session-sharing-preparation.test.ts	1:src/config/sessions/session-accessor.ts,1:src/config/sessions/session-accessor.sqlite-entry-store.ts,1:src/config/sessions/types.ts,1:src/state/openclaw-agent-db-lifecycle.ts,+30
src/gateway/sessions-resolve-projection.test.ts	1:src/config/sessions/session-accessor.ts,2:src/agents/subagents/registry/subagent-registry-read.types.ts,2:src/agents/subagents/registry/subagent-registry.types.ts,2:src/config/sessions/session-accessor.sqlite-entry.ts,+39
src/gateway/session-startup-migration.test.ts	1:src/config/sessions/session-accessor.ts,1:src/config/sessions/session-accessor.sqlite-scope.ts,2:src/config/sessions/artifacts.ts,2:src/config/sessions/session-accessor.sqlite-entry.ts,+31
src/gateway/session-utils.subagent-status.test-harness.ts	2:src/agents/subagents/registry/subagent-registry.ts,2:src/agents/subagents/registry/subagent-registry-read.ts,2:src/agents/subagents/registry/subagent-registry.types.ts,2:src/config/sessions/artifacts.ts,+31
src/gateway/session-utils.subagent.test.ts	1:src/config/sessions/session-accessor.ts,2:src/agents/subagents/registry/subagent-registry.types.ts,2:src/agents/subagents/registry/subagent-registry-read.types.ts,2:src/agents/subagents/registry/subagent-registry.ts,+54
src/gateway/skill-library-authoring.test.ts	2:src/state/openclaw-state-db-contract.ts,2:src/state/openclaw-state-db-repair.ts,2:src/config/sessions/session-accessor.ts,3:src/plugins/tool-metadata.ts,+9
src/gateway/worker-environments/inference-store.test.ts	2:src/state/openclaw-state-db-contract.ts,2:src/state/openclaw-state-db-repair.ts,3:src/infra/kysely-sync-cache-state.ts,3:src/state/openclaw-state-db-schema-additive.ts,+2
src/gateway/worker-environments/placement-store.redispatch.test.ts	2:src/state/openclaw-state-db-contract.ts,2:src/state/openclaw-state-db-repair.ts,3:src/infra/kysely-sync-cache-state.ts,3:src/state/openclaw-state-db-schema-additive.ts,+3
src/gateway/worker-environments/placement-store.turn-claim-closure.test.ts	1:src/config/sessions/session-accessor.ts,2:src/config/sessions/session-accessor.sqlite-entry.ts,2:src/config/sessions/session-accessor.sqlite-owner.ts,2:src/config/sessions/session-accessor.sqlite-recipient-authority.ts,+21
src/gateway/worker-environments/placement-turn-claims.worker.test.ts	2:src/state/openclaw-state-db-contract.ts,2:src/state/openclaw-state-db-repair.ts,2:src/config/sessions/session-accessor.ts,3:src/infra/kysely-sync-cache-state.ts,+13
src/gateway/worker-environments/store-worker.test.ts	2:src/state/openclaw-state-db-schema-additive.ts,2:src/state/openclaw-state-db-contract.ts,2:src/infra/kysely-sync-cache-state.ts,2:src/state/openclaw-state-db-repair.ts,+8
src/gateway/worker-environments/worker-session-tool-executor.test-support.ts	1:src/agents/tools/sessions-send-tool.ts,2:src/config/sessions/artifacts.ts,2:src/config/sessions/session-accessor.ts,2:src/config/sessions/types.ts,+54
src/gateway/worker-environments/worker-session-tool-executor.test.ts	2:src/agents/tools/sessions-send-tool.ts,2:src/config/sessions/session-accessor.ts,3:src/config/sessions/artifacts.ts,3:src/config/sessions/types.ts,+17
src/gateway/worker-environments/worker-tool-authority.test.ts	2:src/auto-reply/reply/reply-run-registry.ts,2:src/config/sessions/session-accessor.ts,2:src/process/command-queue.ts,2:src/agents/embedded-agent-runner/run/params.ts,+16
src/gateway/worker-environments/worker-turn-execution.test.ts	1:src/config/sessions/session-accessor.ts,2:src/sessions/user-turn-transcript.types.ts,2:src/config/sessions/session-accessor.sqlite-entry.ts,2:src/config/sessions/session-accessor.sqlite-owner.ts,+26
src/gateway/worker-environments/worker-turn-launcher-remote-handoff.test.ts	1:src/config/sessions/session-accessor.ts,2:src/config/sessions/session-accessor.sqlite-entry.ts,2:src/config/sessions/session-accessor.sqlite-owner.ts,2:src/config/sessions/session-accessor.sqlite-recipient-authority.ts,+25
src/infra/agent-activity-events.test.ts	3:src/agents/tool-display-config.ts
src/infra/deferred-plugin-migrations.test.ts	1:src/infra/kysely-sync-cache-state.ts,2:src/state/openclaw-state-db-contract.ts,2:src/state/openclaw-state-db-repair.ts,2:src/infra/diagnostic-events.ts,+6
src/infra/device-auth-store.worker.test.ts	2:src/infra/kysely-sync-cache-state.ts,2:src/state/openclaw-state-db-contract.ts,2:src/state/openclaw-state-db-repair.ts,3:src/state/openclaw-state-db-schema-additive.ts,+4
src/infra/device-identity-async.test.ts	2:src/state/openclaw-state-db-contract.ts,2:src/state/openclaw-state-db-repair.ts,2:src/infra/kysely-sync-cache-state.ts,3:src/config/types.agent-defaults.ts,+6
src/infra/device-identity.state-dir.test.ts	2:src/state/openclaw-state-db-contract.ts,2:src/state/openclaw-state-db-repair.ts,3:src/infra/kysely-sync-cache-state.ts,3:src/state/openclaw-state-db-schema-additive.ts,+2
src/infra/device-identity.test.ts	1:src/state/openclaw-state-db-contract.ts,2:src/state/openclaw-state-db-repair.ts,3:src/infra/kysely-sync-cache-state.ts,3:src/state/openclaw-state-db-schema-additive.ts,+1
src/infra/device-identity-worker.test.ts	2:src/state/openclaw-state-db-contract.ts,2:src/state/openclaw-state-db-repair.ts,3:src/infra/kysely-sync-cache-state.ts,3:src/state/openclaw-state-db-schema-additive.ts,+3
src/infra/gateway-lock.maintenance-release.test.ts	3:src/infra/diagnostic-events.ts,3:src/state/openclaw-state-db-contract.ts
src/infra/gateway-lock.roles.test.ts	2:src/state/openclaw-state-db-contract.ts,3:src/infra/diagnostic-events.ts
src/infra/gateway-lock.state-dir.test.ts	2:src/state/openclaw-state-db-contract.ts,3:src/config/types.agent-defaults.ts,3:src/infra/diagnostic-events.ts
src/infra/gateway-lock.test.ts	2:src/state/openclaw-state-db-contract.ts,3:src/config/types.agent-defaults.ts,3:src/infra/diagnostic-events.ts
src/infra/gateway-lock.write-failure.test.ts	3:src/infra/diagnostic-events.ts,3:src/state/openclaw-state-db-contract.ts
src/infra/gateway-owner-lease.test.ts	2:src/state/openclaw-state-db-contract.ts,2:src/state/openclaw-state-db-repair.ts,2:src/infra/kysely-sync-cache-state.ts,3:src/state/openclaw-state-db-schema-additive.ts,+2
src/infra/gateway-state-owner.test.ts	2:src/state/openclaw-state-db-contract.ts,2:src/state/openclaw-state-db-repair.ts,3:src/config/types.agent-defaults.ts,3:src/infra/kysely-sync-cache-state.ts,+3
src/infra/outbound/deliver.enqueue-worker.integration.test.ts	1:src/infra/delivery-queue-sqlite.ts,2:src/auto-reply/reply-payload.ts,2:src/plugins/registry-api.ts,2:src/state/openclaw-state-db-contract.ts,+18
src/infra/outbound/delivery-queue-ack.worker.test.ts	1:src/infra/delivery-queue-sqlite.ts,2:src/state/openclaw-state-db-contract.ts,2:src/state/openclaw-state-db-repair.ts,2:src/infra/delivery-queue-sqlite-bound.ts,+12
src/infra/outbound/delivery-queue-enqueue.worker.test.ts	1:src/infra/delivery-queue-sqlite.ts,2:src/state/openclaw-state-db-contract.ts,2:src/state/openclaw-state-db-repair.ts,2:src/infra/delivery-queue-sqlite-bound.ts,+7
src/infra/outbound/delivery-queue-entry-state.test.ts	1:src/infra/delivery-queue-sqlite.ts,2:src/channels/message/ingress-drain.ts,2:src/state/openclaw-state-db-contract.ts,2:src/infra/delivery-queue-sqlite-bound.ts,+16
src/infra/outbound/delivery-queue-pending-failure.worker.test.ts	2:src/state/openclaw-state-db-contract.ts,2:src/state/openclaw-state-db-repair.ts,2:src/infra/delivery-queue-sqlite.ts,2:src/infra/delivery-queue-sqlite.kernel.ts,+13
src/infra/outbound/delivery-queue-platform-lease.worker.test.ts	1:src/infra/delivery-queue-sqlite.ts,2:src/state/openclaw-state-db-contract.ts,2:src/state/openclaw-state-db-repair.ts,2:src/infra/delivery-queue-sqlite-bound.ts,+7
src/infra/outbound/delivery-queue-state-context.test.ts	1:src/infra/delivery-queue-sqlite.ts,2:src/state/openclaw-state-db-contract.ts,2:src/infra/delivery-queue-sqlite-bound.ts,2:src/infra/delivery-queue-sqlite-codec.ts,+9
src/infra/push-apns-store.worker-read.test.ts	2:src/state/openclaw-state-db-contract.ts,2:src/state/openclaw-state-db-repair.ts,2:src/infra/kysely-sync-cache-state.ts,2:src/state/openclaw-state-db-schema-additive.ts,+3
src/infra/push-web-store.profile-reads.test.ts	2:src/state/openclaw-state-db-contract.ts,2:src/state/openclaw-state-db-repair.ts,2:src/infra/secure-random.ts,3:src/infra/kysely-sync-cache-state.ts,+2
src/infra/restart-intent.test.ts	2:src/state/openclaw-state-db-contract.ts,2:src/state/openclaw-state-db-repair.ts,2:src/infra/kysely-sync-cache-state.ts,3:src/state/openclaw-state-db-schema-additive.ts,+2
src/infra/sqlite-host-data-observer.test.ts	3:src/infra/kysely-sync-cache-state.ts,3:src/state/openclaw-agent-db-schema-helpers.ts,3:src/state/openclaw-agent-db-lifecycle.ts
src/infra/sqlite-integrity-worker.test.ts	3:src/infra/kysely-sync-cache-state.ts,3:src/infra/diagnostic-events.ts
src/infra/sqlite-readonly-inspection-operation.test.ts	3:src/infra/kysely-sync-cache-state.ts
src/infra/sqlite-readonly-location.cleanup-owner.test.ts	2:src/infra/diagnostic-events.ts,2:src/infra/diagnostic-trace-context.ts,3:src/config/types.agent-defaults.ts,3:src/infra/diagnostic-trace-context-pure.ts
src/infra/sqlite-readonly-location.worker.test.ts	3:src/state/openclaw-state-db-contract.ts,3:src/infra/kysely-sync-cache-state.ts
src/infra/sqlite-readonly-worker.auth.test.ts	3:src/infra/kysely-sync-cache-state.ts,3:src/state/openclaw-state-db-contract.ts,3:src/state/openclaw-state-db-schema-additive.ts,3:src/infra/diagnostic-events.ts
src/infra/sqlite-readonly-worker-session.test.ts	1:src/infra/diagnostic-events.ts,2:src/infra/diagnostic-trace-context.ts,3:src/infra/diagnostic-trace-context-pure.ts
src/infra/sqlite-readonly-worker.test.ts	2:src/infra/diagnostic-events.ts,3:src/infra/kysely-sync-cache-state.ts,3:src/infra/diagnostic-trace-context.ts
src/infra/sqlite-schema-header.test.ts	3:src/state/openclaw-agent-db-contract.ts,3:src/state/openclaw-agent-db-schema-helpers.ts,3:src/state/openclaw-state-db-contract.ts,3:src/infra/kysely-sync-cache-state.ts
src/infra/sqlite-snapshot-staging.cancellation.test.ts	2:src/state/openclaw-state-db-contract.ts,2:src/state/openclaw-state-db-repair.ts,3:src/infra/kysely-sync-cache-state.ts,3:src/state/openclaw-state-db-schema-additive.ts,+3
src/infra/sqlite-transaction.diagnostics.test.ts	2:src/infra/kysely-sync-cache-state.ts,3:src/infra/diagnostic-events.ts
src/infra/sqlite-wal-checkpoint.test.ts	2:src/infra/kysely-sync-cache-state.ts,3:src/infra/diagnostic-events.ts
src/infra/sqlite-worker-broker-reply.cleanup.test.ts	2:src/infra/kysely-sync-cache-state.ts,3:src/state/openclaw-state-db-contract.ts,3:src/infra/diagnostic-events.ts
src/infra/sqlite-worker-existing-schema.test.ts	2:src/infra/kysely-sync-cache-state.ts,2:src/state/openclaw-state-db-contract.ts,2:src/state/openclaw-state-db-repair.ts,3:src/state/openclaw-state-db-schema-additive.ts,+2
src/infra/sqlite-worker-lifecycle-cleanup.test.ts	2:src/infra/kysely-sync-cache-state.ts,3:src/infra/diagnostic-events.ts,3:src/infra/diagnostic-trace-context.ts,3:src/state/openclaw-state-db-contract.ts
src/infra/sqlite-worker-open-refusal.test.ts	2:src/infra/kysely-sync-cache-state.ts
src/infra/sqlite-worker-operation-admission.test.ts	2:src/infra/kysely-sync-cache-state.ts,3:src/infra/diagnostic-events.ts
src/infra/sqlite-worker-plugin-comparison.test.ts	2:src/state/openclaw-state-db-contract.ts,2:src/state/openclaw-state-db-repair.ts,2:src/infra/kysely-sync-cache-state.ts,3:src/state/openclaw-state-db-schema-additive.ts,+1
src/infra/sqlite-worker-preparation.test.ts	3:src/infra/diagnostic-events.ts,3:src/infra/diagnostic-trace-context.ts,3:src/state/openclaw-state-db-contract.ts,3:src/infra/kysely-sync-cache-state.ts
src/infra/sqlite-worker-shared-state-admission.test-support.ts	2:src/state/openclaw-state-db-contract.ts,2:src/state/openclaw-state-db-repair.ts,2:src/infra/session-delivery-queue.worker-contract.ts,3:src/infra/kysely-sync-cache-state.ts,+9
src/infra/sqlite-worker-shared-state-admission.test.ts	2:src/infra/kysely-sync-cache-state.ts,2:src/state/openclaw-state-db-contract.ts,2:src/state/openclaw-state-db-repair.ts,3:src/state/openclaw-state-db-schema-additive.ts,+1
src/infra/sqlite-worker-shared-state-idle-fixture.test-support.ts	2:src/state/openclaw-state-db-contract.ts,2:src/state/openclaw-state-db-repair.ts,3:src/infra/kysely-sync-cache-state.ts,3:src/state/openclaw-state-db-schema-additive.ts,+3
src/infra/sqlite-worker-shared-state-idle.test.ts	2:src/infra/kysely-sync-cache-state.ts,2:src/state/openclaw-state-db-contract.ts,3:src/infra/session-delivery-queue.worker-contract.ts
src/infra/sqlite-worker-shared-state.test.ts	1:src/agents/subagents/registry/subagent-registry.types.ts,1:src/tasks/task-flow-registry.records.ts,1:src/tasks/task-flow-registry.store.kernel.ts,2:src/agents/subagents/registry/subagent-registry-read.types.ts,+13
src/infra/sqlite-worker-store.test.ts	2:src/infra/kysely-sync-cache-state.ts
src/infra/sqlite-worker-task-flow-restore-admission.test.ts	1:src/tasks/task-flow-registry.ts,1:src/tasks/task-flow-registry.records.ts,1:src/tasks/task-flow-registry.store.ts,1:src/tasks/task-flow-registry.store.sqlite.ts,+18
src/infra/sqlite-worker-task-runtime.test.ts	1:src/tasks/task-flow-registry.records.ts,1:src/tasks/task-flow-registry.store.sqlite.ts,1:src/tasks/task-flow-registry.types.ts,1:src/tasks/task-flow-runtime-internal.ts,+25
src/infra/sqlite-worker-transcripts.export-settlement.test.ts	2:src/state/openclaw-state-db-contract.ts,2:src/state/openclaw-state-db-repair.ts,3:src/infra/kysely-sync-cache-state.ts,3:src/state/openclaw-state-db-schema-additive.ts,+2
src/infra/sqlite-worker-transcripts.test.ts	2:src/state/openclaw-state-db-contract.ts,2:src/state/openclaw-state-db-repair.ts,3:src/infra/kysely-sync-cache-state.ts,3:src/state/openclaw-state-db-schema-additive.ts,+3
src/infra/startup-migration-checkpoint.test.ts	1:src/state/openclaw-state-db-contract.ts,2:src/state/openclaw-state-db-repair.ts,2:src/infra/kysely-sync-cache-state.ts,3:src/state/openclaw-state-db-schema-additive.ts,+1
src/infra/state-migrations.apns.test.ts	2:src/state/openclaw-state-db-contract.ts,2:src/state/openclaw-state-db-repair.ts,3:src/infra/kysely-sync-cache-state.ts,3:src/state/openclaw-state-db-schema-additive.ts,+3
src/infra/state-migrations.caller-mode.inventory.test.ts	2:src/plugins/plugin-module-loader-cache.ts,2:src/state/openclaw-agent-db-contract.ts,2:src/state/openclaw-agent-db-identity.ts,2:src/state/openclaw-agent-db-lifecycle.ts,+19
src/infra/state-migrations.caller-mode.plugin-execution.test.ts	2:src/plugins/plugin-module-loader-cache.ts,2:src/state/openclaw-agent-db-contract.ts,2:src/state/openclaw-agent-db-identity.ts,2:src/state/openclaw-agent-db-lifecycle.ts,+19
src/infra/state-migrations.device-identity.test.ts	2:src/state/openclaw-state-db-contract.ts,2:src/state/openclaw-state-db-repair.ts,2:src/infra/kysely-sync-cache-state.ts,3:src/state/openclaw-state-db-schema-additive.ts,+3
src/infra/state-migrations.ingress-lifecycle.test-support.ts	2:src/config/sessions/types.ts,3:src/state/openclaw-state-db-contract.ts,3:src/shared/inline-attachments.ts,3:src/config/sessions/session-recipient-authority-types.ts,+1
src/infra/state-migrations.lock.test.ts	2:src/state/openclaw-state-db-contract.ts,2:src/state/openclaw-state-db-repair.ts,3:src/infra/kysely-sync-cache-state.ts,3:src/state/openclaw-state-db-schema-additive.ts,+3
src/infra/state-migrations.managed-outgoing-images.test.ts	2:src/state/openclaw-state-db-contract.ts,2:src/state/openclaw-state-db-repair.ts,2:src/infra/kysely-sync-cache-state.ts,3:src/state/openclaw-state-db-schema-additive.ts,+2
src/infra/state-migrations.mcp-oauth.test.ts	2:src/state/openclaw-state-db-schema-additive.ts,2:src/state/openclaw-state-db-contract.ts,2:src/state/openclaw-state-db-repair.ts,2:src/infra/kysely-sync-cache-state.ts,+4
src/infra/state-migrations.media-persistence.test.ts	2:src/state/openclaw-agent-db-contract.ts,2:src/state/openclaw-agent-db-identity.ts,2:src/state/openclaw-agent-db-lifecycle.ts,2:src/state/openclaw-agent-db-schema-helpers.ts,+13
src/infra/state-migrations.node-host.test.ts	2:src/state/openclaw-state-db-contract.ts,2:src/state/openclaw-state-db-repair.ts,2:src/infra/kysely-sync-cache-state.ts,3:src/state/openclaw-state-db-schema-additive.ts,+3
src/infra/state-migrations.outbound-custody.child.test-support.ts	2:src/infra/delivery-queue-sqlite.ts,2:src/infra/delivery-queue-sqlite-bound.ts,2:src/infra/delivery-queue-sqlite.kernel.ts,2:src/state/openclaw-state-db-contract.ts,+7
src/infra/state-migrations.restart-sentinel.test.ts	2:src/state/openclaw-state-db-contract.ts,2:src/state/openclaw-state-db-repair.ts,2:src/infra/kysely-sync-cache-state.ts,3:src/state/openclaw-state-db-schema-additive.ts,+3
src/infra/state-migrations.test.ts	1:src/config/sessions/session-accessor.ts,1:src/config/sessions/session-accessor.sqlite-entry-store.ts,1:src/state/openclaw-state-db-contract.ts,2:src/config/sessions/types.ts,+36
src/infra/state-migrations.web-push.test.ts	2:src/state/openclaw-state-db-contract.ts,2:src/state/openclaw-state-db-repair.ts,2:src/infra/kysely-sync-cache-state.ts,3:src/config/types.agent-defaults.ts,+12
src/infra/update-candidate-state.schema-lifetime.test.ts	3:src/infra/diagnostic-events.ts,3:src/infra/kysely-sync-cache-state.ts,3:src/infra/diagnostic-trace-context.ts,3:src/state/openclaw-state-db-contract.ts
src/infra/update-database-restore.test.ts	1:src/state/openclaw-agent-db-lifecycle.ts,2:src/infra/kysely-sync-cache-state.ts,2:src/state/openclaw-agent-db-contract.ts,2:src/state/openclaw-agent-db-identity.ts,+11
src/infra/update-requester-authority.test.ts	2:src/state/openclaw-state-db-contract.ts,2:src/state/openclaw-state-db-repair.ts,2:src/infra/secure-random.ts,2:src/agents/agent-tools.policy.ts,+13
src/infra/update-run-recovery-handoff.test.ts	2:src/infra/kysely-sync-cache-state.ts,2:src/state/openclaw-state-db-contract.ts,2:src/state/openclaw-state-db-task-delivery-recovery.ts,2:src/state/openclaw-state-db-repair.ts,+1
src/node-host/node-worker-launch-store.test.ts	2:src/state/openclaw-state-db-contract.ts,2:src/state/openclaw-state-db-repair.ts,3:src/infra/kysely-sync-cache-state.ts,3:src/state/openclaw-state-db-schema-additive.ts,+2
src/node-host/node-worker-supervisor.uncertain.test.ts	2:src/state/openclaw-state-db-contract.ts,2:src/state/openclaw-state-db-repair.ts,2:src/infra/session-delivery-queue.worker-contract.ts,3:src/infra/kysely-sync-cache-state.ts,+9
src/node-host/node-worker-turn-store.test.ts	2:src/infra/kysely-sync-cache-state.ts,2:src/state/openclaw-state-db-contract.ts,2:src/state/openclaw-state-db-repair.ts,2:src/state/openclaw-state-db-additive-columns.ts,+3
src/plugins/conversation-binding.test.ts	2:src/infra/kysely-sync-cache-state.ts,2:src/state/openclaw-state-db-contract.ts,2:src/state/openclaw-state-db-repair.ts,2:src/plugins/registry-api.ts,+9
src/plugin-sdk/agent-harness-task-runtime.worker.test.ts	2:src/state/openclaw-state-db-contract.ts,2:src/state/openclaw-state-db-repair.ts,2:src/tasks/task-flow-runtime-internal.ts,2:src/agents/internal-events.ts,+25
src/plugin-sdk/api-baseline.test.ts	2:scripts/lib/plugin-sdk-entries.mts,3:scripts/lib/plugin-sdk-entrypoints.json,3:scripts/lib/plugin-sdk-private-local-only-subpaths.json
src/plugin-sdk/channel-lifecycle.test.ts	3:src/auto-reply/reply-payload.ts
src/plugin-sdk/outbound-media.test.ts	3:src/infra/kysely-sync-cache-state.ts,3:src/state/openclaw-state-db-contract.ts,3:src/state/openclaw-state-db-repair.ts
src/plugin-sdk/provider-auth-login-flow-runtime.test.ts	3:src/config/sessions/types.ts,3:src/config/types.agent-defaults.ts,3:src/auto-reply/types.ts,3:src/auto-reply/reply-payload.ts
src/plugin-sdk/session-store-runtime.conversation.test.ts	1:src/config/sessions/session-accessor.ts,1:src/config/sessions/session-accessor.sqlite-entry.ts,2:src/config/sessions/session-accessor.sqlite-owner.ts,2:src/config/sessions/session-accessor.sqlite-recipient-authority.ts,+27
src/plugin-sdk/test-helpers/temp-home.test.ts	2:src/state/openclaw-agent-db-lifecycle.ts,3:src/state/openclaw-agent-db-contract.ts,3:src/state/openclaw-state-db-contract.ts,3:src/config/sessions/session-accessor.sqlite-scope.ts,+4
src/plugins/plugin-lifecycle-lease.test.ts	2:src/state/openclaw-state-db-contract.ts,2:src/state/openclaw-state-db-repair.ts,3:src/infra/kysely-sync-cache-state.ts,3:src/state/openclaw-state-db-schema-additive.ts,+4
src/plugins/plugin-source-capture-directory.test.ts	3:src/state/openclaw-state-db-contract.ts,3:src/infra/kysely-sync-cache-state.ts
src/plugins/plugin-source-capture-recovery.test.ts	2:src/state/openclaw-state-db-contract.ts,2:src/state/openclaw-state-db-repair.ts,3:src/infra/kysely-sync-cache-state.ts,3:src/state/openclaw-state-db-schema-additive.ts,+1
src/plugins/runtime/runtime-agent.acp-binding.test.ts	1:src/config/sessions/session-accessor.ts,2:src/config/sessions/types.ts,2:src/config/sessions/session-accessor.sqlite-entry.ts,2:src/config/sessions/session-accessor.sqlite-owner.ts,+22
src/plugin-state/plugin-state-store.runtime.test.ts	2:src/plugins/registry-api.ts,2:src/state/openclaw-agent-db-contract.ts,2:src/state/openclaw-agent-db-identity.ts,2:src/state/openclaw-agent-db-lifecycle.ts,+23
src/plugin-state/plugin-state-store.test.ts	2:src/infra/kysely-sync-cache-state.ts,2:src/state/openclaw-state-db-contract.ts,2:src/state/openclaw-state-db-repair.ts,3:src/state/openclaw-state-db-schema-additive.ts,+3
src/plugin-state/plugin-state-worker.test.ts	2:src/infra/kysely-sync-cache-state.ts,2:src/state/openclaw-state-db-contract.ts,2:src/state/openclaw-state-db-repair.ts,3:src/infra/session-delivery-queue.worker-contract.ts,+4
src/projects/project-environment.test.ts	2:src/config/types.agent-defaults.ts,2:src/config/sessions/types.ts,2:src/infra/kysely-sync-cache-state.ts,2:src/state/openclaw-state-db-contract.ts,+13
src/projects/project-registry.authority.test.ts	2:src/config/types.agent-defaults.ts,2:src/config/sessions/types.ts,2:src/state/openclaw-state-db-contract.ts,2:src/state/openclaw-state-db-repair.ts,+10
src/projects/project-source-env.test.ts	1:src/config/sessions/session-accessor.ts,1:src/config/sessions/session-accessor.sqlite-scope.ts,1:src/config/sessions/session-accessor.sqlite-entry-store.ts,1:src/config/sessions/types.ts,+26
src/proxy-capture/proxy-server.test.ts	2:src/infra/kysely-sync-cache-state.ts,2:src/state/openclaw-state-db-contract.ts
src/proxy-capture/runtime.retirement.test.ts	3:src/infra/kysely-sync-cache-state.ts,3:src/state/openclaw-state-db-contract.ts,3:src/state/openclaw-state-db-repair.ts
src/proxy-capture/runtime.transport-admission.test.ts	3:src/infra/kysely-sync-cache-state.ts,3:src/state/openclaw-state-db-contract.ts,3:src/infra/session-delivery-queue.worker-contract.ts
src/proxy-capture/store.sqlite.test.ts	2:src/state/openclaw-state-db-contract.ts,2:src/state/openclaw-state-db-repair.ts,3:src/infra/diagnostic-events.ts,3:src/infra/kysely-sync-cache-state.ts,+2
src/skills/lifecycle/skill-change-hook.test.ts	3:src/infra/diagnostic-events.ts,3:src/auto-reply/get-reply-options.types.ts,3:src/auto-reply/reply-payload.ts,3:src/infra/diagnostic-trace-context.ts,+1
src/skills/lifecycle/upload-store.test.ts	2:src/state/openclaw-state-db-contract.ts,2:src/state/openclaw-state-db-repair.ts,3:src/infra/kysely-sync-cache-state.ts,3:src/state/openclaw-state-db-schema-additive.ts,+2
src/skills/runtime/remote-skills.test.ts	2:src/infra/diagnostic-events.ts,2:src/infra/diagnostic-trace-context.ts,3:src/config/types.agent-defaults.ts,3:src/infra/diagnostic-trace-context-pure.ts,+1
src/state/agent-deletion-journal-initialization.test.ts	1:src/state/openclaw-agent-db-schema.ts,2:src/state/openclaw-state-db-contract.ts,2:src/infra/kysely-sync-cache-state.ts,2:src/config/sessions/artifacts.ts,+15
src/state/agent-deletion-journal.snapshot.test.ts	2:src/state/openclaw-state-db-contract.ts,2:src/state/openclaw-state-db-schema-additive.ts,2:src/state/openclaw-agent-db-contract.ts,2:src/state/openclaw-agent-db-identity.ts,+12
src/state/agent-deletion-journal.startup.test.ts	2:src/state/openclaw-state-db-contract.ts,2:src/state/openclaw-state-db-schema-additive.ts,2:src/state/openclaw-state-db-repair.ts,3:src/infra/kysely-sync-cache-state.ts,+9
src/state/openclaw-agent-db-registry-listing.snapshot.test.ts	1:src/state/openclaw-agent-db-contract.ts,2:src/state/openclaw-state-db-contract.ts,3:src/infra/kysely-sync-cache-state.ts,3:src/agents/subagents/registry/subagent-registry-read.types.ts,+2
src/state/openclaw-agent-db-write.env-capture.test.ts	1:src/state/openclaw-agent-db-contract.ts,1:src/state/openclaw-agent-db-lifecycle.ts,1:src/state/openclaw-agent-db-schema-helpers.ts,1:src/state/openclaw-agent-db-identity.ts,+12
src/state/openclaw-agent-execution-cleanup.test.ts	2:src/infra/session-delivery-queue.worker-contract.ts,3:src/state/openclaw-agent-db-existing-write.ts,3:src/state/openclaw-state-db-contract.ts,3:src/state/openclaw-state-db-schema-additive.ts,+9
src/state/openclaw-agent-execution.creation-witness.test.ts	2:src/state/openclaw-agent-db-contract.ts,2:src/state/openclaw-state-db-contract.ts,2:src/state/openclaw-agent-db-identity.ts,2:src/state/openclaw-agent-db-lifecycle.ts,+17
src/state/openclaw-agent-execution.registration.test.ts	1:src/state/openclaw-agent-db-contract.ts,1:src/state/openclaw-agent-db-identity.ts,1:src/state/openclaw-agent-db-lifecycle.ts,2:src/state/openclaw-state-db-contract.ts,+21
src/state/openclaw-agent-schema-inspection-worker.test.ts	3:src/infra/kysely-sync-cache-state.ts,3:src/state/openclaw-agent-db-contract.ts,3:src/state/openclaw-agent-db-schema-helpers.ts,3:src/state/openclaw-state-db-contract.ts
src/state/openclaw-agent-worker-store.test-support.ts	2:src/infra/kysely-sync-cache-state.ts,3:src/infra/diagnostic-events.ts
src/state/openclaw-agent-worker-store.test.ts	1:src/state/openclaw-agent-db-lifecycle.ts,2:src/infra/kysely-sync-cache-state.ts,2:src/state/openclaw-agent-db-contract.ts,2:src/state/openclaw-agent-db-identity.ts,+12
src/state/openclaw-database-preflight.lifecycle.test.ts	1:src/state/openclaw-agent-db-contract.ts,1:src/state/openclaw-state-db-contract.ts,2:src/state/openclaw-agent-db-identity.ts,2:src/state/openclaw-agent-db-lifecycle.ts,+12
src/state/openclaw-database-preflight.schema-only.test.ts	1:src/state/openclaw-state-db-contract.ts,2:src/state/openclaw-agent-db-contract.ts,2:src/state/openclaw-agent-db-identity.ts,2:src/state/openclaw-agent-db-lifecycle.ts,+12
src/state/openclaw-database-preflight.startup-integrity.test.ts	2:src/state/openclaw-state-db-contract.ts,2:src/state/openclaw-agent-db-contract.ts,2:src/state/openclaw-agent-db-identity.ts,2:src/state/openclaw-agent-db-lifecycle.ts,+12
src/state/openclaw-state-db-acp-replay.test.ts	2:src/state/openclaw-state-db-contract.ts,2:src/state/openclaw-state-db-repair.ts,3:src/infra/kysely-sync-cache-state.ts,3:src/state/openclaw-state-db-schema-additive.ts,+1
src/state/openclaw-state-db-async-lifecycle.test.ts	2:src/state/openclaw-state-db-contract.ts,2:src/infra/kysely-sync-cache-state.ts,2:src/state/openclaw-state-db-repair.ts,3:src/agents/subagents/registry/subagent-registry-read.types.ts,+4
src/state/openclaw-state-db-binding-targets.test.ts	1:src/state/openclaw-state-db-contract.ts,2:src/state/openclaw-state-db-repair.ts,3:src/infra/kysely-sync-cache-state.ts,3:src/state/openclaw-state-db-task-delivery-recovery.ts,+1
src/state/openclaw-state-db-borrow.test.ts	1:src/state/openclaw-state-db-contract.ts,3:src/infra/kysely-sync-cache-state.ts
src/state/openclaw-state-db-cache.cleanup.test.ts	1:src/infra/kysely-sync-cache-state.ts,2:src/state/openclaw-state-db-contract.ts,2:src/state/openclaw-state-db-repair.ts,3:src/state/openclaw-state-db-schema-additive.ts,+1
src/state/openclaw-state-db-cache.idle.test.ts	2:src/infra/kysely-sync-cache-state.ts,2:src/state/openclaw-state-db-contract.ts,2:src/state/openclaw-state-db-repair.ts,3:src/state/openclaw-state-db-schema-additive.ts,+1
src/state/openclaw-state-db-handle.test.ts	2:src/state/openclaw-state-db-contract.ts,3:src/infra/kysely-sync-cache-state.ts
src/state/openclaw-state-db-open.test.ts	1:src/infra/kysely-sync-cache-state.ts,1:src/state/openclaw-state-db-contract.ts,2:src/infra/diagnostic-events.ts,2:src/infra/diagnostic-trace-context.ts,+2
src/state/openclaw-state-db-publication-authority.test.ts	1:src/state/openclaw-state-db-contract.ts,1:src/state/openclaw-state-db-schema-additive.ts,2:src/state/openclaw-state-db-additive-columns.ts,2:src/infra/kysely-sync-cache-state.ts,+3
src/state/openclaw-state-db-read-connection.cache.test.ts	2:src/state/openclaw-state-db-contract.ts,2:src/agents/subagents/registry/subagent-registry-read.types.ts,2:src/agents/subagents/registry/subagent-registry.types.ts,2:src/state/openclaw-agent-db-contract.ts,+10
src/state/openclaw-state-db-readonly.exclusion.test.ts	2:src/state/openclaw-state-db-contract.ts,2:src/state/openclaw-state-db-repair.ts,3:src/infra/kysely-sync-cache-state.ts,3:src/state/openclaw-state-db-schema-additive.ts,+1
src/state/openclaw-state-db-readonly.signal-custody.test.ts	2:src/state/openclaw-state-db-contract.ts,2:src/agents/subagents/registry/subagent-registry-read.types.ts,2:src/agents/subagents/registry/subagent-registry.types.ts,2:src/state/openclaw-agent-db-contract.ts,+8
src/state/openclaw-state-db-readonly.snapshot-admission.test.ts	2:src/agents/subagents/registry/subagent-registry-read.types.ts,2:src/agents/subagents/registry/subagent-registry.types.ts,2:src/state/openclaw-agent-db-contract.ts,2:src/infra/kysely-sync-cache-state.ts,+6
src/state/openclaw-state-db-readonly.test.ts	2:src/state/openclaw-state-db-contract.ts,2:src/infra/kysely-sync-cache-state.ts,2:src/state/openclaw-state-db-repair.ts,3:src/state/openclaw-agent-db-schema-helpers.ts,+7
src/state/openclaw-state-db-readonly.worker-lifecycle.test.ts	2:src/agents/subagents/registry/subagent-registry-read.types.ts,2:src/agents/subagents/registry/subagent-registry.types.ts,2:src/state/openclaw-agent-db-contract.ts,2:src/infra/kysely-sync-cache-state.ts,+9
src/state/openclaw-state-db.test.ts	1:src/agents/delegate-artifact-store.ts,1:src/infra/delivery-queue-sqlite.ts,1:src/state/delegate-artifacts-schema.ts,1:src/state/openclaw-agent-db-contract.ts,+22
src/state/openclaw-state-db.transactions.test.ts	2:src/state/openclaw-state-db-contract.ts,2:src/state/openclaw-state-db-repair.ts,3:src/infra/kysely-sync-cache-state.ts,3:src/state/openclaw-state-db-schema-additive.ts,+1
src/state/openclaw-state-db.wal.test.ts	2:src/state/openclaw-state-db-contract.ts,2:src/infra/kysely-sync-cache-state.ts,2:src/state/openclaw-state-db-repair.ts,3:src/state/openclaw-state-db-schema-additive.ts,+1
src/state/openclaw-state-lease-acquisition.test.ts	1:src/state/openclaw-state-db-contract.ts,2:src/state/openclaw-agent-db-lifecycle.ts,2:src/state/openclaw-state-db-repair.ts,3:src/infra/kysely-sync-cache-state.ts,+7
src/state/openclaw-state-lease-async.cancel.test.ts	2:src/infra/kysely-sync-cache-state.ts,2:src/state/openclaw-state-db-contract.ts,3:src/infra/session-delivery-queue.worker-contract.ts
src/state/openclaw-state-lease-async.maintenance.test.ts	2:src/infra/kysely-sync-cache-state.ts,2:src/state/openclaw-state-db-contract.ts,3:src/infra/session-delivery-queue.worker-contract.ts,3:src/state/openclaw-state-db-task-delivery-recovery.ts,+4
src/state/openclaw-state-lease-async.timer.test.ts	2:src/infra/kysely-sync-cache-state.ts,2:src/state/openclaw-state-db-contract.ts,3:src/infra/session-delivery-queue.worker-contract.ts,3:src/state/openclaw-state-db-task-delivery-recovery.ts,+4
src/state/openclaw-state-lease-contention.test.ts	2:src/state/openclaw-state-db-contract.ts,2:src/state/openclaw-state-db-repair.ts,3:src/state/openclaw-agent-db-schema-helpers.ts,3:src/state/openclaw-agent-db-lifecycle.ts,+3
src/state/openclaw-state-lease-existing.test.ts	1:src/state/openclaw-state-db-contract.ts,2:src/state/openclaw-agent-db-existing-write.ts,2:src/state/openclaw-state-db-schema-additive.ts,2:src/state/openclaw-agent-db-contract.ts,+11
src/state/openclaw-state-lease-heartbeat.activation.test.ts	2:src/state/openclaw-state-db-contract.ts,2:src/state/openclaw-state-db-repair.ts,3:src/state/openclaw-agent-db-schema-helpers.ts,3:src/state/openclaw-agent-db-lifecycle.ts,+3
src/state/openclaw-state-lease-heartbeat.diagnostics.test.ts	2:src/state/openclaw-state-db-contract.ts,2:src/infra/kysely-sync-cache-state.ts,3:src/infra/diagnostic-events.ts
src/state/openclaw-state-lease-heartbeat.lifetime.test.ts	3:src/infra/kysely-sync-cache-state.ts
src/state/openclaw-state-lease-heartbeat.test.ts	2:src/state/openclaw-state-db-contract.ts,2:src/state/openclaw-state-db-repair.ts,3:src/state/openclaw-agent-db-schema-helpers.ts,3:src/state/openclaw-agent-db-lifecycle.ts,+3
src/state/openclaw-state-lease-native-admission.test.ts	3:src/infra/kysely-sync-cache-state.ts,3:src/state/openclaw-state-db-contract.ts,3:src/state/openclaw-state-db-task-delivery-recovery.ts,3:src/state/openclaw-state-db-repair.ts
src/state/openclaw-state-lease.nested-uncertainty.test.ts	2:src/state/openclaw-state-db-contract.ts,3:src/infra/kysely-sync-cache-state.ts,3:src/agents/subagents/registry/subagent-registry-read.types.ts,3:src/agents/subagents/registry/subagent-registry.types.ts,+3
src/state/openclaw-state-lease.retention.test-support.ts	3:src/state/openclaw-agent-db-schema-helpers.ts,3:src/state/openclaw-agent-db-lifecycle.ts
src/state/openclaw-state-lease-worker-group.test.ts	3:src/infra/kysely-sync-cache-state.ts,3:src/infra/session-delivery-queue.worker-contract.ts,3:src/state/openclaw-state-db-contract.ts
src/state/openclaw-state-maintenance-resources.test.ts	1:src/tasks/task-flow-registry.records.ts,2:src/tasks/task-flow-continuation-state.ts,2:src/tasks/task-flow-registry.types.ts,2:src/state/openclaw-agent-db-contract.ts,+15
src/state/openclaw-state-ownership.test.ts	2:src/state/openclaw-state-db-contract.ts,2:src/state/openclaw-state-db-repair.ts,3:src/config/types.agent-defaults.ts,3:src/config/sessions/types.ts,+9
src/state/openclaw-state-read.quarantine-cleanup.test.ts	2:src/agents/subagents/registry/subagent-registry-read.types.ts,2:src/agents/subagents/registry/subagent-registry.types.ts,2:src/state/openclaw-agent-db-contract.ts,2:src/state/openclaw-agent-db-existing-write.ts,+20
src/state/openclaw-state-read.validation.test.ts	3:src/agents/subagents/registry/subagent-registry-read.types.ts,3:src/agents/subagents/registry/subagent-registry.types.ts,3:src/state/openclaw-agent-db-contract.ts
src/state/openclaw-state-read-worker.mcp.test.ts	3:src/agents/subagents/registry/subagent-registry-read.types.ts,3:src/agents/subagents/registry/subagent-registry.types.ts,3:src/state/openclaw-agent-db-contract.ts,3:src/state/openclaw-state-db-contract.ts,+2
src/state/openclaw-state-read-worker.settlement.test.ts	2:src/infra/kysely-sync-cache-state.ts,2:src/state/openclaw-state-db-contract.ts,2:src/state/openclaw-state-db-repair.ts,2:src/agents/subagents/registry/subagent-registry-read.types.ts,+8
src/state/openclaw-state-read.worker.test.ts	2:src/agents/subagents/registry/subagent-registry-read.types.ts,2:src/agents/subagents/registry/subagent-registry.types.ts,2:src/state/openclaw-agent-db-contract.ts,2:src/state/openclaw-state-db-contract.ts,+10
src/state/openclaw-state-worker-error.test.ts	2:src/state/openclaw-state-db-contract.ts,2:src/infra/kysely-sync-cache-state.ts
src/state/openclaw-state-worker-lease.test.ts	2:src/infra/session-delivery-queue.worker-contract.ts,2:src/infra/kysely-sync-cache-state.ts,2:src/state/openclaw-state-db-contract.ts,3:src/config/sessions/types.ts,+7
src/state/openclaw-state.worker.managed-outcome.test.ts	1:src/tasks/task-flow-registry.records.ts,1:src/tasks/task-flow-registry.store.kernel.ts,1:src/tasks/task-flow-registry.store.sqlite.ts,2:src/tasks/task-flow-continuation-state.ts,+12
src/state/openclaw-state.worker.summary.test.ts	1:src/tasks/task-flow-registry.records.ts,1:src/tasks/task-flow-registry.store.sqlite.ts,2:src/state/openclaw-state-db-contract.ts,2:src/tasks/task-flow-continuation-state.ts,+15
src/state/openclaw-state.worker.tasks.test.ts	1:src/tasks/task-flow-registry.records.ts,1:src/tasks/task-flow-registry.store.kernel.ts,2:src/tasks/task-flow-continuation-state.ts,2:src/tasks/task-flow-registry.types.ts,+11
src/state/user-profiles.avatar-worker.test.ts	2:src/state/openclaw-state-db-contract.ts,2:src/state/openclaw-state-db-repair.ts,3:src/infra/kysely-sync-cache-state.ts,3:src/state/openclaw-agent-db-schema-helpers.ts,+9
src/tasks/detached-task-lookup.worker.test.ts	1:src/agents/subagents/registry/subagent-registry-sweep-kill.ts,1:src/agents/subagents/registry/subagent-registry.types.ts,2:src/agents/subagents/registry/subagent-registry-queries.ts,2:src/agents/subagents/registry/subagent-session-reconciliation.ts,+32
src/tasks/task-flow-update.worker.test.ts	1:src/tasks/task-flow-registry.store.kernel.ts,1:src/tasks/task-flow-registry.types.ts,2:src/state/openclaw-state-db-contract.ts,2:src/state/openclaw-state-db-repair.ts,+11
src/tasks/task-registry-acp-cleanup.sqlite.test.ts	1:src/config/sessions/session-accessor.ts,1:src/config/sessions/types.ts,2:src/config/sessions/session-accessor.sqlite-entry.ts,2:src/config/sessions/session-accessor.sqlite-owner.ts,+31
src/tasks/task-registry-agent-events.test.ts	1:src/infra/system-events.ts,1:src/tasks/task-flow-registry.ts,1:src/tasks/task-flow-registry.store.ts,2:src/config/sessions/session-recipient-authority-types.ts,+32
src/tasks/task-registry-create.native.test.ts	1:src/tasks/task-flow-runtime-internal.ts,2:src/tasks/task-flow-registry.store.ts,2:src/tasks/task-flow-registry.ts,2:src/agents/subagents/registry/subagent-registry.types.ts,+17
src/tasks/task-registry-create.persistence.test.ts	2:src/state/openclaw-state-db-contract.ts,2:src/state/openclaw-state-db-repair.ts,2:src/test-utils/task-registry-store.ts,3:src/infra/kysely-sync-cache-state.ts,+14
src/tasks/task-registry-flow-sync.test.ts	1:src/test-utils/task-registry-store.ts,1:src/tasks/task-flow-registry.ts,1:src/tasks/task-flow-registry.types.ts,2:src/tasks/task-flow-registry.records.ts,+16
src/tasks/task-registry-live-flow.worker.test.ts	1:src/tasks/task-flow-registry.ts,1:src/tasks/task-flow-registry.store.ts,1:src/tasks/task-flow-registry.store.sqlite.ts,1:src/tasks/task-flow-registry.types.ts,+17
src/tasks/task-registry.maintenance-acp-authority.test.ts	1:src/test-utils/task-registry-store.ts,2:src/config/sessions/types.ts,2:src/state/openclaw-state-db-contract.ts,2:src/state/openclaw-state-db-repair.ts,+34
src/tasks/task-registry.maintenance-cron.test.ts	1:src/tasks/task-flow-registry.ts,2:src/process/command-queue.ts,2:src/state/openclaw-state-db-contract.ts,2:src/state/openclaw-state-db-repair.ts,+33
src/tasks/task-registry.maintenance-plugin-ttl.test.ts	2:src/infra/kysely-sync-cache-state.ts,2:src/state/openclaw-state-db-contract.ts,2:src/state/openclaw-state-db-repair.ts,2:src/agents/subagents/registry/subagent-registry-read.ts,+29
src/tasks/task-registry.maintenance-projection.test.ts	1:src/config/sessions/session-accessor.ts,1:src/tasks/task-flow-registry.ts,1:src/tasks/task-flow-registry.store.sqlite.ts,2:src/config/sessions/session-accessor.sqlite-entry.ts,+47
src/tasks/task-registry.maintenance-retention.test.ts	1:src/test-utils/task-registry-store.ts,2:src/state/openclaw-state-db-contract.ts,2:src/state/openclaw-state-db-repair.ts,2:src/tasks/task-flow-registry.records.ts,+31
src/tasks/task-registry.maintenance.test-support.ts	1:src/agents/subagents/registry/subagent-registry-read.ts,2:src/config/sessions/types.ts,2:src/agents/subagent-continuation-ids.ts,2:src/agents/subagents/registry/subagent-registry-queries.ts,+28
src/tasks/task-registry-progress-runtime.test.ts	1:src/agents/subagents/registry/subagent-registry.types.ts,1:src/config/sessions/session-accessor.ts,1:src/tasks/task-flow-registry.ts,2:src/agents/subagents/registry/subagent-run-liveness.ts,+57
src/tasks/task-registry.queries.test-utils.ts	2:src/test-utils/task-registry-store.ts,3:src/agents/subagents/registry/subagent-registry.types.ts,3:src/tasks/task-flow-runtime-internal.ts,3:src/tasks/task-flow-registry.store.ts,+5
src/tasks/task-registry-read.test.ts	1:src/agents/subagents/registry/subagent-registry.types.ts,1:src/tasks/task-flow-registry.ts,1:src/tasks/task-flow-registry.store.ts,2:src/agents/subagents/registry/subagent-run-liveness.ts,+28
src/tasks/task-registry.restore-ownership.test.ts	1:src/test-utils/task-registry-store.ts,1:src/tasks/task-flow-runtime-internal.ts,2:src/process/command-queue.ts,2:src/state/openclaw-state-db-contract.ts,+22
src/tasks/task-registry-session-index.test.ts	1:src/tasks/task-flow-registry.ts,2:src/state/openclaw-state-db-contract.ts,2:src/state/openclaw-state-db-repair.ts,2:src/tasks/task-flow-runtime-internal.ts,+18
src/tasks/task-registry-state-notification.test.ts	1:src/infra/system-events.ts,2:src/auto-reply/reply-payload.ts,2:src/infra/delivery-queue-sqlite.ts,2:src/config/sessions/session-recipient-authority-types.ts,+40
src/tasks/task-registry.store.atomicity.test.ts	2:src/infra/diagnostic-events.ts,2:src/infra/diagnostic-trace-context.ts,2:src/state/openclaw-state-db-contract.ts,2:src/state/openclaw-state-db-repair.ts,+33
src/tasks/task-registry.store.test.ts	1:src/test-utils/task-registry-store.ts,1:src/tasks/task-flow-registry.ts,1:src/tasks/task-flow-registry.types.ts,2:src/infra/kysely-sync-cache-state.ts,+36
src/tasks/task-registry.test.ts	1:src/infra/heartbeat-wake.ts,1:src/infra/system-events.ts,1:src/test-utils/task-registry-store.ts,1:src/tasks/task-flow-registry.ts,+52
src/tasks/task-registry-worker-publication.test.ts	1:src/test-utils/task-registry-store.ts,2:src/infra/kysely-sync-cache-state.ts,2:src/state/openclaw-state-db-contract.ts,2:src/tasks/task-flow-registry.records.ts,+12
src/tasks/task-status.worker.test.ts	1:src/status/status-text.ts,2:src/tasks/task-flow-registry.store.ts,2:src/test-utils/task-registry-store.ts,2:src/state/openclaw-state-db-contract.ts,+36
src/test-utils/openclaw-test-state.test.ts	2:src/state/openclaw-agent-db-schema-helpers.ts,2:src/config/sessions/session-accessor.sqlite-scope.ts,2:src/state/openclaw-agent-db-contract.ts,2:src/state/openclaw-agent-db-identity.ts,+15
src/test-utils/temp-home.test.ts	2:src/state/openclaw-agent-db-contract.ts,2:src/state/openclaw-agent-db-identity.ts,2:src/state/openclaw-agent-db-lifecycle.ts,2:src/state/openclaw-agent-db-schema-helpers.ts,+10
src/transcripts/store.test.ts	2:src/infra/kysely-sync-cache-state.ts,2:src/state/openclaw-state-db-contract.ts,2:src/state/openclaw-state-db-repair.ts,3:src/state/openclaw-state-db-schema-additive.ts,+3
src/worker/worker.runtime.test.ts	2:src/infra/heartbeat-wake.ts,2:src/infra/system-events.ts,2:src/config/sessions/session-accessor.ts,2:src/agents/agent-tools.before-tool-call.wrapper.ts,+31
test/e2e/qa-lab/runtime/gateway-ssh-tunnels.test.ts	2:src/gateway/server.ts,3:src/gateway/server-extra-handlers.ts
test/gateway-external-state-ownership.e2e.test.ts	1:src/state/openclaw-state-db-contract.ts,2:src/infra/kysely-sync-cache-state.ts,2:src/state/openclaw-state-db-repair.ts,3:src/state/openclaw-state-db-task-delivery-recovery.ts,+2
test/scripts/changed-lanes-env-budget.test.ts	2:scripts/lib/tsgo-core-test-shards.mts,3:test/vitest/vitest.database-worker-core-paths.mjs,3:test/vitest/vitest.gateway-server-paths.mjs,3:test/vitest/vitest.test-shards.mjs,+2
test/scripts/pr-worktree-provision-error.test.ts	2:src/state/openclaw-state-db-contract.ts
test/scripts/run-vitest-state-cleanup.test.ts	1:package.json,2:test/vitest/vitest.test-shards.mjs
test/scripts/test-projects-build-admission.test.ts	1:scripts/lib/vitest-build-prerequisites.mts,2:test/vitest/vitest.test-shards.mjs,2:test/vitest/vitest.database-worker-core-paths.mjs,2:test/vitest/vitest.gateway-server-paths.mjs,+4
test/scripts/test-projects-routing.test.ts	1:scripts/lib/vitest-build-prerequisites.mts,1:test/vitest/vitest.gateway-server-paths.mjs,2:test/vitest/vitest.test-shards.mjs,2:test/vitest/vitest.database-worker-core-paths.mjs,+2
test/scripts/vitest-worker-artifacts.ci.test.ts	3:scripts/lib/vitest-build-prerequisites.mts
ui/src/components/app-sidebar-session-narration.test.ts	2:src/utils/directive-tags.ts,3:src/config/sessions/types.ts
ui/src/components/session-progress-hovercard-target.test.ts	3:src/config/sessions/types.ts
ui/src/e2e/chat-tool-steering-skip.e2e.test.ts	3:src/agents/tool-display-config.ts,3:src/config/sessions/types.ts
ui/src/e2e/sidebar-restart-recovery.e2e.test.ts	2:src/config/sessions/types.ts,3:src/shared/inline-attachments.ts,3:src/config/sessions/session-recipient-authority-types.ts
ui/src/lib/sessions/index.tree-snapshots.test.ts	2:src/config/sessions/types.ts,3:src/shared/inline-attachments.ts,3:src/config/sessions/session-recipient-authority-types.ts
ui/src/pages/chat/components/chat-activity-disclosure.test.ts	3:ui/src/lib/chat/tool-cards.ts
ui/src/pages/chat/components/chat-tool-cards.outcome.test.ts	1:ui/src/lib/chat/tool-cards.ts,2:src/chat/tool-argument-redaction.ts,3:src/agents/tool-display-config.ts,3:src/utils/directive-tags.ts,+1
